waveVsWave(?x (OS("/M0" "id") / 2e-06) ?y (OS("/M0" "gds") / OS("/M0" "id"))) (L=1.8e-07) X,waveVsWave(?x (OS("/M0" "id") / 2e-06) ?y (OS("/M0" "gds") / OS("/M0" "id"))) (L=1.8e-07) Y,waveVsWave(?x (OS("/M0" "id") / 2e-06) ?y (OS("/M0" "gds") / OS("/M0" "id"))) (L=3.6e-07) X,waveVsWave(?x (OS("/M0" "id") / 2e-06) ?y (OS("/M0" "gds") / OS("/M0" "id"))) (L=3.6e-07) Y,waveVsWave(?x (OS("/M0" "id") / 2e-06) ?y (OS("/M0" "gds") / OS("/M0" "id"))) (L=5.4e-07) X,waveVsWave(?x (OS("/M0" "id") / 2e-06) ?y (OS("/M0" "gds") / OS("/M0" "id"))) (L=5.4e-07) Y,waveVsWave(?x (OS("/M0" "id") / 2e-06) ?y (OS("/M0" "gds") / OS("/M0" "id"))) (L=7.2e-07) X,waveVsWave(?x (OS("/M0" "id") / 2e-06) ?y (OS("/M0" "gds") / OS("/M0" "id"))) (L=7.2e-07) Y
0.0005000499635639705,1.216684572138577,0.0004999210135808932,0.5246776890485667,0.0004999318552729637,0.3963997701046226,0.0004999439542856183,0.3445835791411843
0.000511557851125078,1.213437164495955,0.0005115534152987267,0.5227126187747515,0.0005115553753092617,0.3947402672836414,0.0005115569100950288,0.3430958777352895
0.0005234752252628547,1.210188949911155,0.000523470780185058,0.5207699670637986,0.0005234727373651612,0.3931002511624399,0.0005234742702342878,0.3416258761701234
0.000535670199195703,1.206978898704064,0.0005356657456127349,0.5188516243869903,0.0005356676998937236,0.391482539602777,0.0005356692307700158,0.3401774204661553
0.0005481492399162251,1.203806308797351,0.0005481447778171881,0.5169571390812757,0.000548146729184193,0.3898866811600738,0.0005481482580551145,0.3387500446787878
0.0005609189641918588,1.200670494647622,0.0005609144935654056,0.5150860700236991,0.0005609164420033453,0.3883122357362343,0.0005609179688562096,0.3373432951976916
0.0005739861429143973,1.197570786547,0.0005739816637486851,0.5132379863137432,0.0005739836092422702,0.3867587742139437,0.0005739851340642344,0.3359567303303264
0.0005873577046899177,1.194506530173501,0.0005873532169726252,0.5114124669798724,0.0005873551595063528,0.3852258781226451,0.0005873566822844357,0.3345899199252177
0.0006010407395124493,1.191477086156272,0.0006010362432307903,0.5096091006959317,0.0006010381827889291,0.3837131393162682,0.0006010397035100065,0.3332424450088973
0.0006150425025231966,1.188481829655136,0.0006150379976639077,0.5078274855069652,0.0006150399342305138,0.3822201596622523,0.0006150414528812983,0.3319138974359582
0.0006293704178572975,1.185520149953922,0.0006293659044066263,0.5060672285641664,0.0006293678379655328,0.38074655074144,0.0006293693545326004,0.3306038795518082
0.0006440320825801799,1.182591450067066,0.0006440275605239119,0.5043279458685369,0.0006440294910587414,0.379291933558388,0.000644031005528505,0.3293120038674031
0.0006590352707156801,1.179695146358956,0.0006590307400391118,0.5026092620230032,0.0006590326675332555,0.377855938261692,0.000659034179891979,0.3280378927456812
0.0006743879373678692,1.176830668175597,0.0006743833980558196,0.5009108099926158,0.0006743853224924515,0.3764382038739473,0.0006743868327262554,0.3267811780991552
0.0006900982229389868,1.1739974574881,0.0006900936749758147,0.4992322308725676,0.0006900955963378741,0.3750383780309874,0.0006900971044327076,0.3255415010981136
0.0007061744574456228,1.171194968547566,0.000706169900815172,0.4975731736637314,0.0007061718190853766,0.3736561167299744,0.0007061733250270551,0.3243185118892379
0.0007226251649353002,1.16842266755099,0.000722620599620982,0.4959332950554162,0.0007226225147818287,0.3722910840860958,0.0007226240185559912,0.3231118693239926
0.000739459068006186,1.165680032317703,0.0007394544939908827,0.4943122592151253,0.0007394564060246374,0.3709429520974779,0.0007394579076167772,0.3219212406965546
0.0007566850924317749,1.162966551976067,0.0007566805096979279,0.4927097375850091,0.0007566824185866195,0.3696114004179855,0.0007566839179820809,0.3207463014908694
0.0007743123718935732,1.160281726659953,0.0007743077804231194,0.491125408684808,0.0007743096861485557,0.3682961161377045,0.0007743111833325137,0.3195867351364358
0.0007923502528238489,1.157625067214737,0.000792345652598238,0.4895589579210193,0.000792347555141984,0.3669967935706759,0.0007923490500994672,0.3184422327725338
0.000810808299361189,1.154996094912419,0.0008108036903614222,0.4880100774020949,0.0008108055897048047,0.3657131340497597,0.0008108070824206725,0.3173124930205831
0.000829696298421628,1.152394341175545,0.0008296916806281938,0.4864784657594192,0.0008296935767523186,0.3644448457282319,0.0008296950672112779,0.3161972217642184
0.0008490242648877495,1.149819347309643,0.0008490196382806289,0.4849638279738973,0.000849021531166377,0.3631916433879493,0.0008490230193529652,0.3150961319369346
0.00086880244691867,1.147270664243869,0.0008687978114774079,0.4834658752079093,0.0008687997011053918,0.3619532482538104,0.000868801187004005,0.3140089433168624
0.0008890413313838265,1.144747852279528,0.0008890366870874501,0.4819843246424881,0.0008890385734380606,0.3607293878142514,0.0008890400570329244,0.3129353823285363
0.0009097516494232102,1.142250480846258,0.000909746996250271,0.4805188993195021,0.000909748879303653,0.3595197956476164,0.0009097503605788249,0.311875181851321
0.0009309443821371658,1.139778128265574,0.0009309397200656968,0.4790693279886761,0.0009309415998017706,0.3583242112541338,0.0009309430787411618,0.3108280810341859
0.0009526307664087046,1.137330381521513,0.0009526260954162751,0.4776353449592896,0.0009526279718147017,0.3571423798933246,0.0009526294484020563,0.3097938251167885
0.0009748223008614545,1.134906836038151,0.0009748176209251465,0.4762166899563719,0.000974819493965362,0.3559740524266111,0.0009748209681842512,0.3087721652563624
0.0009975307519564361,1.132507095463742,0.0009975260630528165,0.4748131079812636,0.0009975279327139944,0.354818985164995,0.0009975294045478432,0.307762858360453
0.001020768160230694,1.13013077146126,0.00102076346233585,0.4734243491763638,0.001020765328596927,0.3536769397215564,0.001020766798028993,0.3067656669250861
0.00104454684668143,1.127777483505125,0.001044542139770939,0.4720501686939411,0.00104454400261062,0.3525476828686642,0.001044545469623991,0.3057803588782892
0.001068879419298741,1.12544685868388,0.001068874703347684,0.4706903265688608,0.001068876562744402,0.3514309863996715,0.001068878027322023,0.3048067074287267
0.001093778779750517,1.123138531508668,0.001093774054733472,0.469344587595091,0.001093775910665438,0.3503266269949837,0.00109377737279007,0.3038444909192183
0.001119258130223085,1.120852143727246,0.001119253396114164,0.4680127212058689,0.001119255248559308,0.3492343860923047,0.001119256708213563,0.3028934926850974
0.001145330980421228,1.11858734414341,0.00114532623719399,0.466694501357399,0.001145328086130037,0.3481540497609618,0.00114532954329636,0.3019535009170593
0.001172011154731157,1.116343788441611,0.001172006402358675,0.4653897064159545,0.001172008247763068,0.3470854085801126,0.001172009702423735,0.3010243085284693
0.00119931279955038,1.114121139016606,0.001199308038005213,0.4640981190482851,0.001199309879855167,0.3460282575207367,0.001199311331992304,0.3001057130269152
0.001227250390788356,1.111919064807978,0.001227245620042572,0.4628195261152078,0.001227247458315026,0.3449823958312677,0.001227248907910589,0.299197516389873
0.001255838741541779,1.109737241139342,0.001255833961566915,0.4615537185682816,0.001255835796238573,0.3439476269267393,0.001255837243274361,0.2982995249442921
0.001285093009948669,1.107575349562122,0.001285088220715775,0.4603004913494582,0.00128509005176309,0.3429237582813224,0.001285091496220724,0.2974115492500466
0.001315028707225462,1.105433077703699,0.001315023908705065,0.4590596432936147,0.001315025736104221,0.341910601324144,0.001315027177965182,0.2965334039870141
0.00134566170589124,1.103310119119842,0.001345656898053338,0.4578309770338769,0.001345658721780279,0.3409079713382653,0.001345660161025876,0.2956649078457743
0.00137700824818352,1.101206173151227,0.0013770034309976,0.4566142989096326,0.001377005251028012,0.3399156873627223,0.001377006687639396,0.2948058834216474
0.001409084954670142,1.099120944783964,0.00140908012810516,0.4554094188771511,0.001409081944414486,0.3389335720975107,0.001409083378372656,0.2939561571121127
0.001441908833061719,1.09705414451395,0.001441903997086119,0.4542161504227281,0.00144190580964953,0.3379614518114469,0.001441907240935304,0.2931155590173785
0.001475497287229287,1.095005488214978,0.001475492441811009,0.4530343104782769,0.001475494250603434,0.3369991562527496,0.00147549567919748,0.2922839228440665
0.001509868126432167,1.092974697010431,0.001509863271538617,0.4518637193392702,0.001509865076534705,0.3360465185623366,0.001509866502417543,0.2914610858118073
0.001545039574760582,1.090961497148492,0.001545034710358628,0.4507042005849817,0.001545036511532816,0.3351033751896344,0.001545037934684783,0.2906468885627984
0.001581030280798404,1.088965619880715,0.001581025406854378,0.4495555810009301,0.001581027204180782,0.3341695658109606,0.001581028624582109,0.2898411750740571
0.001617859327510739,1.086986801343892,0.001617854443990454,0.4484176905034784,0.001617856237443004,0.3332449332502248,0.001617857655073703,0.2890437925723924
0.00165554624236211,1.085024782445079,0.001655541349230848,0.4472903620664969,0.001655543138783179,0.332329323402031,0.00165554455362314,0.2882545914519569
0.001694111007670115,1.083079308749693,0.001694106104892619,0.4461734316500476,0.001694107890518107,0.3314225851570036,0.001694109302547069,0.2874734251943112
0.001733574071200293,1.081150130372595,0.001733569158740762,0.4450667381310082,0.001733570940412558,0.3305245703292835,0.001733572349610089,0.2867001502908561
0.001773956357007867,1.079237001872044,0.00177395143482997,0.443970123235586,0.001773953212520936,0.329635133586152,0.001773954618866463,0.285934626167674
0.0018152792765319,1.077339682146454,0.00181527434459876,0.4428834314736596,0.001815276118281508,0.3287541323796857,0.001815277521754295,0.2851767151125646
0.001857564739947914,1.075457934333848,0.001857559798222121,0.44180651007489,0.001857561567869006,0.3278814268803928,0.001857562968448202,0.2844262822042961
0.001900835167785019,1.07359152571394,0.001900830216228602,0.4407392089265502,0.001900831981811752,0.3270168799127414,0.001900833379476312,0.2836831952439343
0.001945113502813531,1.071740227612753,0.001945108541387988,0.4396813805130144,0.001945110302879236,0.326160356892564,0.001945111697607988,0.2829473246882567
0.001990423222209545,1.06990381530971,0.001990418250875788,0.4386328798568655,0.001990420008246735,0.3253117257662327,0.001990421400018375,0.2822185435850735
0.002036788350002797,1.068082067947105,0.002036783368721243,0.4375935644615637,0.002036785121943212,0.3244708569515729,0.002036786510736275,0.2814967275105325
0.002084233469814613,1.066274768441886,0.002084228478545068,0.436563294255626,0.002084230227589174,0.3236376232804681,0.002084231613382052,0.28078175450819
0.002132783737892395,1.064481703399698,0.002132778736594164,0.4355419315382823,0.00213278048143122,0.3228118999430687,0.002132781864202167,0.2800735050299004
0.002182464896447833,1.062702663031084,0.002182459885079621,0.4345293409265598,0.002182461625680213,0.3219935644335938,0.002182463005407351,0.2793718618784549
0.002233303287305752,1.060937441069809,0.002233298265825741,0.4335253893037358,0.002233300002160208,0.3211824964976491,0.002233301378821506,0.2786767101518242
0.00228532586587091,1.059185834693226,0.002285320834236693,0.4325299457691518,0.002285322566275107,0.3203785780810323,0.002285323939848434,0.2779879371890865
0.002338560215420101,1.057447644444635,0.002338555173588735,0.4315428815893094,0.002338556901300914,0.3195816932799493,0.002338558271763988,0.2773054325178589
0.002393034561727194,1.055722674157553,0.002393029509655132,0.4305640701502482,0.002393031233010666,0.3187917282926474,0.002393032600341056,0.2766290878032665
0.002448777788028732,1.054010730881882,0.002448772725671893,0.4295933869111331,0.002448774444640138,0.3180085713723681,0.002448775808815307,0.2759587967983778
0.002505819450338355,1.05231162481185,0.002505814377652083,0.4286307093590393,0.002505816092202089,0.3172321127816198,0.002505817453199367,0.2752944552960234
0.002564189793117624,1.050625169215748,0.002564184710056679,0.4276759169648913,0.002564186420157321,0.316462244747693,0.002564187777953924,0.2746359610820286
0.002623919765312166,1.048951180367357,0.002623914671830754,0.4267288911405198,0.002623916377450612,0.3156988614194359,0.002623917732023645,0.2739832138897321
0.002685041036761131,1.047289477479034,0.00268503593281289,0.4257895151968098,0.002685037633920347,0.3149418588251676,0.00268503898524676,0.2733361153558058
0.00274758601498903,1.04563988263641,0.002747580900527,0.4248576743029035,0.002747582597090151,0.3141911348317942,0.002747583945146827,0.2726945689773138
0.002811587862388549,1.044002220734648,0.002811582737365206,0.4239332554464291,0.002811584429351973,0.3134465891049932,0.002811585774115642,0.2720584800699395
0.002877080513803775,1.042376319416213,0.002877075378171029,0.4230161473947237,0.002877077065549029,0.3127081230705184,0.002877078406996355,0.2714277557274512
0.002944098694522857,1.040762009010122,0.002944093548231998,0.42210624065703,0.002944095230968666,0.3119756398765253,0.002944096569076181,0.2708023047822007
0.003012677938689781,1.039159122472617,0.003012672781691576,0.4212034274476259,0.003012674459754082,0.3112490443569301,0.003012675794498231,0.2701820377667805
0.003082854608145111,1.037567495329224,0.00308284944038973,0.4203076016498712,0.003082851113745026,0.310528242995754,0.00308285244510215,0.2695668668766802
0.003154665911705508,1.035986965618162,0.003154660733142506,0.4194186587811427,0.003154662401757342,0.309813143892416,0.003154663729703691,0.2689567059340118
0.003228149924892248,1.034417373835065,0.003228144735470635,0.4185364959586232,0.003228146399311513,0.3091036567279594,0.003228147723823258,0.2683514703521896
0.003303345610119515,1.03285856287896,0.003303340409787692,0.4176610118659392,0.003303342068820921,0.3083996927321764,0.003303343389874116,0.2677510771015646
0.003380292837352703,1.0313103779995,0.003380287626058469,0.4167921067206042,0.003380289280250097,0.3077011646516173,0.003380290597820767,0.2671554446759948
0.003459032405247916,1.029772666745377,0.003459027182938544,0.4159296822422549,0.003459028832254422,0.3070079867184148,0.003459030146318482,0.2665644930602974
0.003539606062784161,1.028245278913906,0.003539600829406278,0.4150736416216551,0.00353960247381208,0.306320074619967,0.003539603784345364,0.2659781436985701
0.003622056531399031,1.02672806650175,0.003622051286898718,0.4142238894904544,0.003622052926359875,0.3056373454693955,0.003622054233338175,0.265396319463348
0.003706427527640295,1.025220883656725,0.003706422271962985,0.4133803318916601,0.003706423906444743,0.3049597177767785,0.003706425209843773,0.2648189446255674
0.003792763786344823,1.023723586630689,0.003792758519435446,0.4125428762508241,0.003792760148902865,0.3042871114211309,0.003792761448698295,0.2642459448252972
0.003881111084357879,1.022236033733458,0.003881105806160708,0.411711431347912,0.003881107430578606,0.3036194476231225,0.00388110872674603,0.2636772470432528
0.003971516264804282,1.020758085287739,0.003971510975263028,0.410885907289848,0.00397151259459607,0.3029566489184781,0.003971513887111082,0.2631127795730028
0.004064027261925493,1.019289603585031,0.004064021960983269,0.4100662154836917,0.004064023575195916,0.3022986391320918,0.00406402486403402,0.2625524719939078
0.004158693126494841,1.017830452842492,0.004158687814094173,0.4092522686104633,0.004158689423150754,0.3016453433527652,0.004158690708287437,0.261996255144734
0.004255564051825007,1.016380499160713,0.004255558727907859,0.40844398059957,0.004255560331772431,0.3009966879086207,0.004255561613183141,0.2614440610979101
0.004354691400381049,1.014939610482411,0.004354686064888758,0.4076412666038347,0.004354687663525314,0.3003526003431159,0.00435468894118549,0.2608958231344145
0.00445612773101365,1.013507656551976,0.004456122383886963,0.4068440429751028,0.004456123977259249,0.2997130093916641,0.004456125251144318,0.2603514757193205
0.00455992682682624,1.012084508875882,0.004559921468005356,0.4060522272404113,0.004559923056077021,0.29907784495885,0.004559924326162378,0.2598109544778483
0.004666143723691821,1.010670040683914,0.004666138353116344,0.4052657380787092,0.00466613993585081,0.2984470380961891,0.004666141202111873,0.2592741961720632
0.004774834739433513,1.009264126891195,0.004774829357042425,0.404484495298107,0.004774830934403049,0.2978205209804527,0.004774832196815184,0.2587411386780689
0.004886057503685007,1.00786664406101,0.004886052109416784,0.4037084198136492,0.004886053681366709,0.297198226892514,0.004886054939905355,0.2582117209637568
0.00499987098844675,1.006477470368356,0.004999865582239195,0.4029374336255868,0.004999867148741477,0.2965800901967082,0.004999868403382063,0.2576858830670307
0.005116335539353458,1.00509648556426,0.005116330121143835,0.4021714597981363,0.005116331682161366,0.2959660463206892,0.005116332932879315,0.2571635660745625
0.005235512907670212,1.003723570940793,0.005235507477395244,0.4014104224387299,0.00523550903289082,0.2953560317357582,0.005235510279661629,0.2566447121009565
0.005357466283033994,1.002358609296784,0.005357460840629768,0.4006542466777094,0.005357462390566013,0.2947499839376762,0.005357463633365217,0.2561292642684205
0.00548226032695737,1.001001484904212,0.005482254872359406,0.3999028586484866,0.005482256416698947,0.294147841427891,0.005482257655502107,0.2556171666868288
0.005609961207113098,0.9996520834752526,0.00560995574025639,0.3991561854681248,0.005609957278961686,0.2935495436952296,0.005609958513744384,0.2551083644342
0.005740636632417045,0.9983102921299647,0.005740631153235992,0.3984141552183634,0.0057406326862694,0.2929550311979867,0.005740633917007352,0.2546028035375893
0.005874355888928343,0.9969759993645945,0.005874350397356763,0.3976766969270442,0.005874351924680604,0.2923642453464199,0.005874353151349535,0.2541004309543303
0.006011189876585768,0.9956490950204864,0.006011184372556926,0.3969437405499401,0.006011185894133395,0.2917771284856406,0.00601118711670917,0.2536011945536591
0.006151211146799793,0.9943294702535789,0.006151205630246454,0.39621521695298,0.006151207146037699,0.2911936238788627,0.006151208364496198,0.2531050430986655
0.0062944939409204,0.9930170175044652,0.006294488411774705,0.3954910578948433,0.006294489921742832,0.2906136756910278,0.006294491136060079,0.2526119262285674
0.006441114229600772,0.9917116304690159,0.006441108687794326,0.3947711960099334,0.006441110191901397,0.290037228972755,0.006441111402053513,0.2521217944413024
0.00659114975307791,0.9904132040695287,0.006591144198541792,0.3940555647916998,0.006591145696749832,0.2894642296446472,0.006591146902713035,0.2516345990764204
0.006744680062391597,0.9891216344264137,0.006744674495056341,0.3933440985763075,0.0067446759873273,0.2888946244818982,0.006744677189077966,0.2511502922982238
0.006901786561563355,0.9878368188303728,0.006901780981358943,0.3926367325266513,0.006901782467654833,0.288328361099197,0.006901783665169453,0.2506688270792041
0.007062552550757959,0.9865586557150797,0.007062546957613904,0.3919334026166864,0.007062548437896689,0.2877653879359492,0.007062549631151853,0.2501901571836861
0.007227063270450347,0.9852870446303407,0.007227057664295601,0.3912340456160814,0.007227059138527229,0.2872056542417555,0.007227060327499764,0.2497142371517394
0.007395405946621146,0.9840218862157146,0.007395400327384141,0.390538599075179,0.007395401795526614,0.2866491100621685,0.007395402980193476,0.2492410222832805
0.007567669837005152,0.9827630821745887,0.007567664204613771,0.3898470013102484,0.007567665666629099,0.2860957062246875,0.00756766684696737,0.2487704686223827
0.007743946278416748,0.9815105352486964,0.007743940632798454,0.3891591913890352,0.007743942088648714,0.2855453943250116,0.007743943264635734,0.2483025329417646
0.007924328735178234,0.9802641491930505,0.007924323076259916,0.3884751091165816,0.007924324525907224,0.2849981267135061,0.007924325697520463,0.2478371727274692
0.008108912848675518,0.9790238287513062,0.008108907176383668,0.3877946950213226,0.008108908619790193,0.2844538564818941,0.008108909787007339,0.2473743461636778
0.008297796488068681,0.9777894796315116,0.008297790802329242,0.3871178903414406,0.008297792239457237,0.2839125374501502,0.00829779340225621,0.2469140121176695
0.008491079802183324,0.9765610084822564,0.008491074102921796,0.3864446370114757,0.008491075533733657,0.2833741241535728,0.008491076692092555,0.2464561301249241
0.008688865272610966,0.9753383228691963,0.008688859559752396,0.3857748776491765,0.00868886098421053,0.2828385718300597,0.008688862138107788,0.2460006603743201
0.008891257768046017,0.9741213312519471,0.008891252041514999,0.3851085555425897,0.008891253459582006,0.2823058364075328,0.008891254608996212,0.2455475636934582
0.009098364599888531,0.9729099429613337,0.00909835885960927,0.384445614637374,0.009098360271247838,0.2817758744915119,0.009098361416157847,0.2450968015340471
0.009310295579142374,0.9717040681769816,0.009310289825038502,0.3837859995243363,0.009310291230211544,0.2812486433528573,0.009310292370596494,0.244648335957375
0.009527163074638018,0.970503617905256,0.009527157306632927,0.3831296554271804,0.009527158705303469,0.2807241009156216,0.009527159841142774,0.2442021296198473
0.009749082072612597,0.9693085039575066,0.009749076290629112,0.3824765281904522,0.009749077682760333,0.2802022057450359,0.00974907881403371,0.2437581457585733
0.009976170237676413,0.9681186389286512,0.009976164441637134,0.3818265642676845,0.009976165827192454,0.2796829170355891,0.009976166953879897,0.2433163481769734
0.01020854797520094,0.9669339361760436,0.01020854216502799,0.3811797107097344,0.01020854354397097,0.2791661945992225,0.01020854466605277,0.2428767012304333
0.01044633849515889,0.9657543097986521,0.01044633267077407,0.3805359151532871,0.0104463340430686,0.2786519988535976,0.01044633516052539,0.242439169811956
0.01068966787745208,0.9645796746165215,0.01068966203877678,0.3798951258095458,0.01068966340438693,0.2781402908104448,0.01068966451719966,0.2420037193378132
0.01093866513876037,0.9634099461505096,0.01093865928571569,0.3792572914530793,0.0109386606446058,0.2776310320639669,0.01093866175275576,0.2415703157331963
0.01119346230094822,0.9622450406022957,0.01119345643345495,0.3786223614108228,0.01119345778558966,0.2771241847793026,0.0111934588890585,0.2411389254178269
0.0114541944610644,0.9610848748346538,0.01145418857904301,0.3779902855512375,0.01145418992438725,0.2766197116810292,0.01145419102315695,0.2407095152915625
0.01172099986297221,0.9599293663519697,0.0117209939663429,0.3773610142736056,0.01172099530486186,0.276117576041688,0.01172099639891484,0.2402820527199171
0.01199401997064819,0.9587784332810111,0.01199401405933087,0.3767344984974612,0.01199401539099014,0.275617741670336,0.01199401648030911,0.2398565055195596
0.01227339954318824,0.9576319943519281,0.01227339361710258,0.3761106896521513,0.01227339494186803,0.2751201729011035,0.01227339602643615,0.2394328419437399
0.01255928671156067,0.9564899688794838,0.01255928077062613,0.375489539666514,0.01255928208846412,0.2746248345817405,0.01255928316826489,0.2390110306676241
0.01285183305714749,0.9553522767445054,0.01285182710128337,0.3748710009586711,0.01285182841216045,0.2741316920621585,0.01285182948717782,0.2385910407735637
0.01315119369211454,0.9542188383755503,0.01315118772123984,0.3742550264259276,0.01315118902512316,0.2736407111829442,0.01315119009534144,0.2381728417362595
0.01345752734165421,0.9530895747307762,0.01345752135568782,0.3736415694347685,0.01345752265254489,0.2731518582638288,0.01345752371794889,0.2377564034078346
0.01377099642814366,0.9519644072800081,0.01377099042700432,0.373030583810949,0.01377099171680301,0.27266510009213,0.01377099277737788,0.2373416960027769
0.01409176715726311,0.9508432579870013,0.01409176114086948,0.3724220238296652,0.01409176242357819,0.272180403911118,0.01409176347930954,0.2369286900827867
0.01442000960612057,0.9497260492918885,0.01442000357439108,0.3718158442058111,0.01442000484997876,0.2716977374083198,0.01442000590085262,0.2365173565414708
0.01475589781342863,0.9486127040938021,0.0147558917662819,0.3712120000842974,0.01475589303471779,0.2712170687037619,0.01475589408072069,0.2361076665889427
0.01509960987178254,0.9475031457336691,0.01509960380913687,0.3706104470304401,0.01509960507039093,0.2707383663380991,0.01509960611150981,0.2356995917362307
0.01545132802208686,0.946397297977175,0.01545132194386066,0.3700111410204036,0.01545132319790332,0.2702615992606675,0.01545132423412552,0.2352931037795911
0.01581123875018208,0.9452950849978828,0.01581123265629387,0.3694140384316951,0.01581123390309605,0.2697867368174318,0.01581123493440944,0.2348881747846464
0.01617953288572227,0.9441964313605051,0.01617952677609032,0.3688190960337035,0.01617952801562362,0.2693137487387937,0.01617952904201653,0.2344847770703581
0.01655640570335479,0.9431012620043264,0.01655639957789772,0.3682262709782694,0.01655640081013424,0.2688426051273068,0.01655640183159539,0.2340828831928686
0.01694205702625809,0.9420095022267614,0.01694205088489456,0.3676355207902955,0.01694205210980708,0.268373276445235,0.01694205312632558,0.2336824659291601
0.01733669133209044,0.9409210776670547,0.01733668517473917,0.3670468033583695,0.01733668639230101,0.26790573350198,0.01733668740386655,0.233283498260545
0.01774051786140646,0.9398359142901063,0.01774051168798631,0.3664600769254115,0.01774051289817159,0.2674399474413474,0.01774051390477422,0.2328859533560114
0.01815375072859958,0.9387539383704215,0.01815374453902971,0.3658753000793273,0.01815374574181299,0.2669758897286769,0.01815374674344328,0.2324898045553741
0.0185766090354281,0.9376750764761819,0.01857660282962783,0.3652924317436658,0.01857660402498452,0.2665135321377706,0.01857660502163343,0.2320950253522753
0.01900931698718592,0.9365992554534303,0.01900931076507482,0.3647114311682776,0.01900931195298095,0.2660528467376806,0.01900931294463983,0.2317015893770032
0.01945210401157911,0.9355264024103617,0.01945209777307709,0.3641322579199588,0.01945209895350949,0.2655938058792965,0.0194520999401701,0.2313094703791578
0.01990520488037154,0.934456444701722,0.01990519862539888,0.3635548718730823,0.01990519979833505,0.2651363821817532,0.01990520077998961,0.230918642210133
0.02036885983386409,0.9333893099133016,0.0203688535623414,0.3629792332002072,0.02036885472775954,0.2646805485186442,0.02036885570440062,0.2305290788054527
0.02084331470827304,0.9323249258465278,0.02084330842012135,0.362405302362662,0.02084330957800041,0.2642262780040284,0.02084331054962104,0.2301407541669372
0.02132882106607582,0.9312632205031444,0.02132881476121664,0.3618330401010875,0.02132881591153628,0.2637735439782444,0.02132881687812991,0.2297536423447184
0.02182563632939266,0.9302041220699746,0.02182563000774804,0.3612624074259488,0.02182563115048888,0.2633223199935015,0.02182563211204899,0.2293677174191187
0.02233402391647547,0.929147558903772,0.02233401757796784,0.3606933656079963,0.02233401871311118,0.2628725797992735,0.02233401966963184,0.2289829534823618
0.02285425338137509,0.9280934595161399,0.02285424702592787,0.3601258761686715,0.02285424815345556,0.262424297327461,0.02285424910493118,0.2285993246201842
0.02338660055686343,0.9270417525585263,0.0233865941844001,0.3595599008704677,0.02338659530429519,0.2619774466773356,0.02338659625072026,0.2282168048932857
0.02393134770068251,0.9259923668072974,0.02393134131112742,0.3589954017072129,0.02393134242337369,0.2615320021002714,0.02393134336474301,0.2278353683186979
0.0244887836452019,0.9249452311488531,0.02448877723848044,0.3584323408942982,0.02448877834306222,0.2610879379842395,0.0244887792793708,0.2274549888510355
0.02505920395056149,0.9239002745648301,0.02505919752659948,0.3578706808588242,0.02505919862350209,0.2606452288380908,0.02505919955474519,0.2270756403636461
0.02564291106138129,0.9228574261173438,0.02564290462010543,0.3573103842296742,0.02564290570931493,0.2602038492755917,0.02564290663548795,0.2266972966296968
0.02624021446712124,0.9218166149342916,0.02624020800845923,0.356751413827501,0.02624020908996248,0.2597637739992666,0.02624021001106086,0.2263199313032003
0.02685143086617727,0.9207777701947063,0.02685142439005755,0.3561937326546328,0.02685142546384222,0.2593249777839819,0.02685142637986144,0.2259435178999738
0.02747688433379829,0.9197408211141572,0.02747687784015039,0.3556373038848769,0.02747687890620502,0.2588874354603376,0.02747687981714059,0.2255680297785879
0.0281169064939158,0.9187056969301931,0.02811689998267014,0.355082090853236,0.02811690104098397,0.2584511218978215,0.02811690194683145,0.2251934401212845
0.0287718366949749,0.9176723268878315,0.02877183016606304,0.3545280570455245,0.02877183121662601,0.2580160119877585,0.02877183211738081,0.224819721914919
0.02944202218986128,0.9166406402250806,0.02944201564321595,0.3539751660878765,0.02944201668601889,0.2575820806260437,0.02944201758167624,0.2244468479319077
0.03012781832001976,0.915610566158499,0.03012781175557467,0.3534233817361485,0.03012781279060904,0.2571493026956811,0.03012781368116407,0.2240747907112485
0.03082958870386038,0.9145820338687956,0.03082958212155062,0.3528726678652171,0.03082958314880875,0.2567176530491149,0.03082958403425598,0.2237035225395885
0.03154770542955426,0.9135549724864465,0.03154769882931615,0.3523229884581575,0.03154769984879079,0.2562871064903768,0.03154770072912485,0.2233330154323893
0.03228254925231936,0.9125293110773535,0.0322825426340906,0.3517743075953135,0.03228254364577524,0.2558576377570548,0.03228254452099014,0.222963241115236
0.03303450979630206,0.9115049786285232,0.03303450316002166,0.3512265894432449,0.0330345041639105,0.2554292215020876,0.03303450503399976,0.2225941710052498
0.03380398576116092,0.9104819040337703,0.03380397910676922,0.3506797982435624,0.03380398010285704,0.2550018322754063,0.03380398096781356,0.2222257761927124
0.03459138513346274,0.909460016079444,0.0345913784609017,0.3501338983016379,0.03459137944918375,0.2545754445054194,0.03459138030899978,0.2218580274228647
0.03539712540300208,0.9084392434301779,0.03539711871221529,0.349588853975197,0.03539711969268737,0.2541500324803735,0.03539712054735451,0.2214908950779374
0.03622163378416041,0.907419514614655,0.03622162707509285,0.3490446296627945,0.03622162804775109,0.2537255703295943,0.03622162889725994,0.2211243491594566
0.03706534744242039,0.9064007580113956,0.03706534071501866,0.348501189792161,0.0370653416798596,0.2533020320046194,0.03706534252419995,0.2207583592708197
0.03792871372615673,0.9053829018345572,0.03792870698036928,0.3479584988084377,0.03792870793738993,0.2528793912602481,0.03792870877655027,0.2203928946002036
0.03881219040382672,0.9043658741197556,0.03881218363960351,0.3474165211622904,0.03881218458880088,0.2524576216355273,0.03881218542276898,0.2200279239038196
0.03971624590668445,0.9033496027098958,0.03971623912397755,0.3468752212979053,0.03971624006534905,0.2520366964346797,0.03971624089411094,0.2196634154895648
0.04064135957715007,0.9023340152410222,0.0406413527759131,0.3463345636408727,0.04064135370945609,0.2516165887080157,0.04064135453299658,0.2192993372010895
0.04158802192296279,0.9013190391281776,0.0415880151031513,0.3457945125859574,0.04158801602886326,0.2511972712328246,0.04158801684716557,0.2189356564023125
0.04255673487725494,0.9003046015512839,0.04255672803882642,0.3452550324847627,0.0425567289567045,0.2507787164943028,0.04255672976975036,0.2185723399624428
0.04354801206468323,0.8992906294410286,0.04354800520759731,0.3447160876332925,0.04354800611763879,0.2503608966665006,0.04354800692540782,0.2182093542415102
0.04456237907375999,0.8982770494647687,0.04456237219797787,0.3441776422594094,0.04456237310017964,0.2499437835933547,0.04456237390264976,0.217846665076473
0.04560037373552641,0.8972637880124508,0.04560036684101174,0.3436396605102049,0.04560036773537003,0.2495273487698018,0.04560036853251695,0.2174842377679084
0.04666254640871819,0.8962507711825415,0.0466625394954363,0.3431021064392807,0.04666254038194723,0.2491115633230188,0.04666254117374427,0.2171220370673473
0.04774946027157258,0.8952379247679815,0.0477494533394912,0.3425649439939494,0.04774945421814993,0.2486963979938096,0.04774945500456838,0.2167600271652698
0.04886169162043355,0.8942251742421462,0.04886168466952252,0.3420281370023635,0.04886168554032335,0.2482818231181788,0.04886168632133162,0.2163981716798188
0.04999983017531114,0.8932124447448353,0.04999982320554238,0.3414916491605826,0.04999982406847876,0.2478678086091036,0.04999982484404248,0.2160364336462364
0.05116447939255938,0.8921996610682716,0.05116447240390683,0.3409554440195849,0.05116447325897112,0.2474543239385616,0.05116447402905316,0.2156747755070943
0.05235625678483599,0.8911867476431351,0.05235624977727611,0.3404194849722316,0.05235625062445925,0.2470413381198257,0.05235625138901931,0.2153131591033312
0.053575794248517,0.8901736285246082,0.05357578722202783,0.3398837352402062,0.05357578806131968,0.2466288196900727,0.05357578882031411,0.2149515456661263
0.05482373839873531,0.8891602273784526,0.05482373135329759,0.3393481578609217,0.05482373218468586,0.2462167366933352,0.05482373293806754,0.2145898958096741
0.05610075091222544,0.8881464674671185,0.05610074384782183,0.3388127156744291,0.05610074467129275,0.2458050566638289,0.0561007454190108,0.2142281695248511
0.05740750887815287,0.8871322716358789,0.05740750179476843,0.3382773713103254,0.05740750261030605,0.2453937466097099,0.05740750335230582,0.2138663261738435
0.058744705157116,0.8861175622990075,0.05874469805473759,0.3377420871746807,0.05874469886232369,0.2449827729972652,0.05874469959854638,0.2135043244857454
0.06011304874850963,0.8851022614259891,0.06011304162712688,0.3372068254370034,0.06011304242674047,0.2445721017356101,0.06011304315712292,0.2131421225531716
0.06151326516644651,0.8840862905277737,0.06151325802605025,0.3366715480172529,0.06151325881766808,0.2441616981619065,0.06151325954214255,0.2127796778298929
0.06294609682443325,0.8830695706430862,0.0629460896650169,0.336136216572921,0.06294609044861257,0.2437515270271458,0.06294609116710671,0.2124169471295545
0.06441230342900911,0.8820520223247742,0.06441229625056812,0.3356007924862009,0.06441229702611201,0.2433415524825424,0.06441229773854823,0.2120538866254642
0.06591266238255183,0.8810335656262269,0.06591265518508356,0.3350652368512584,0.06591265595254232,0.2429317380665662,0.06591265665883807,0.2116904518515144
0.06744796919546736,0.8800141200878472,0.06744796197897066,0.3345295104616298,0.06744796273830722,0.2425220466926619,0.06744796343837427,0.2113265977042249
0.06901903790797824,0.8789936047235958,0.06901903067245389,0.3339935737977633,0.06901903142362745,0.2421124406376863,0.06901903211737201,0.2109622784459506
0.07062670152174051,0.8779719380076103,0.07062669426719162,0.3334573870147284,0.07062669501015628,0.2417028815311033,0.07062669569747855,0.2105974477092702
0.07227181244151142,0.8769490378609027,0.0722718051679415,0.3329209099301122,0.07227180590264723,0.2412933303449842,0.07227180658344141,0.2102320585025594
0.0739552429271049,0.8759248216381479,0.0739552356345199,0.3323841020121324,0.07395523636091175,0.2408837473848375,0.07395523703506518,0.2098660632167762
0.07567788555587726,0.8748992061145666,0.07567787824428424,0.3318469223679792,0.07567787896230101,0.2404740922813139,0.07567787962969466,0.2094994136334698
0.07744065369598133,0.8738721074729101,0.0774406463653883,0.3313093297324255,0.07744064707496362,0.2400643239828227,0.07744064773547156,0.2091320609340132
0.07924448199064757,0.8728434412905608,0.0792444746410636,0.3307712824567185,0.07924447534212521,0.2396544007490946,0.07924447599561368,0.2087639557100834
0.08109032685374437,0.8718131225267469,0.08109031948517934,0.3302327384977852,0.08109032017764799,0.2392442801457216,0.08109032082397664,0.2083950479753705
0.08297916697688039,0.8707810655098936,0.08297915958934506,0.3296936554077781,0.08297916027313484,0.238833919039719,0.08297916091215531,0.2080252871785539
0.08491200384832093,0.8697471839251099,0.0849119964418264,0.329153990323986,0.08491199711684402,0.2384232735961299,0.08491199774839965,0.2076546222175019
0.08688986228398986,0.8687113908018242,0.0868898548585471,0.3286136999591436,0.0868898555246916,0.2380122992757095,0.08688985614861776,0.2072830014547266
0.0889137909708399,0.867673598501584,0.08891378352646026,0.3280727405921587,0.08891378418362235,0.2376009508337275,0.08891378479974561,0.2069103727340863
0.09098486302288125,0.866633718706024,0.09098485555957531,0.3275310680592958,0.09098485620763748,0.2371891823198948,0.09098485681577616,0.2065366833986927
0.09310417655016043,0.8655916624050196,0.09310416906793841,0.3269886377458418,0.09310416970677426,0.2367769470794711,0.09310417030673673,0.2061618803100632
0.09527285524099308,0.8645473398850343,0.09527284773986405,0.3264454045782839,0.09527284836933705,0.236364197755551,0.09527284896092367,0.2057859098684666
0.09749204895775741,0.8635006607176777,0.09749204143772973,0.3259013230170231,0.09749204205769375,0.2359508862925709,0.09749204264069407,0.2054087180344562
0.09976293434656852,0.8624515337484857,0.09976292680764748,0.3253563470496709,0.09976292741794647,0.2355369639410493,0.09976292799214101,0.2050302503515868
0.1020867154611488,0.8613998670859316,0.102086707903339,0.3248104301849384,0.1020867085038051,0.2351223812635801,0.1020867090689641,0.2046504519702703
0.1044646244012355,0.8603455680906968,0.1044646168245387,0.3242635254471629,0.1044646174149931,0.2347070881420976,0.1044646179708764,0.2042692676727557
0.1068979219658558,0.8592885433651996,0.1068979143702706,0.3237155853714976,0.1068979149505226,0.2342910337864287,0.1068979154968796,0.2038866418992214
0.1093878983218184,0.8582286987434082,0.1093878907073401,0.3231665619997935,0.1093878912771867,0.2338741667441384,0.1093878918137557,0.2035025187749203
0.1119358736877781,0.8571659392809514,0.1119358660543979,0.3226164068772056,0.1119358666136228,0.2334564349116868,0.1119358671401316,0.2031168421383707
0.1145431990342318,0.8561001692455448,0.1145431913819371,0.3220650710495511,0.1145431919303105,0.2330377855468951,0.1145431924464751,0.2027295555705563
0.1172112567998226,0.8550312921077465,0.1172112491285952,0.3215125050614507,0.1172112496658735,0.2326181652827375,0.1172112501713984,0.2023406024250771
0.1199414616243259,0.8539592105320677,0.1199414539341419,0.3209586589552819,0.1199414544600672,0.2321975201424399,0.1199414549546454,0.2019499258592449
0.1227352610987104,0.8528838263684471,0.1227352533895398,0.3204034822709682,0.122735253903839,0.2317757955559083,0.1227352543871509,0.2015574688660566
0.1255941365326697,0.8518050406441184,0.1255941288044759,0.3198469240466381,0.1255941293068597,0.231352936377467,0.1255941297785747,0.2011631743070073
0.1285196037400333,0.8507227535558821,0.1285195959927722,0.3192889328201725,0.1285195964829357,0.2309288869049027,0.1285195969427094,0.2007669849457175
0.1315132138424701,0.8496368644628117,0.1315132060760892,0.3187294566316775,0.1315132065537103,0.2305035908998042,0.1315132070011868,0.2003688434822972
0.1345765540919149,0.8485472718794043,0.1345765463063518,0.3181684430268927,0.1345765467710917,0.2300769916091912,0.1345765472059016,0.199968692588417
0.1377112487121481,0.8474538734692068,0.1377112409073314,0.3176058390615695,0.1377112413588326,0.2296490317884084,0.1377112417805939,0.1995664749430489
0.1409189597599829,0.8463565660389384,0.1409189519358302,0.3170415913068353,0.1409189523737176,0.2292196537252663,0.1409189527820343,0.1991621332687819
0.1442013880065087,0.8452552455331239,0.1442013801629256,0.3164756458555734,0.1442013805868047,0.2287887992654163,0.1442013809812688,0.1987556103687103
0.1475602738388632,0.8441498070292772,0.1475602659757431,0.3159079483298186,0.1475602663851999,0.2283564098389289,0.1475602667653889,0.1983468491638118
0.1509973981830069,0.8430401447336427,0.1509973903002303,0.3153384438892102,0.1509973906948305,0.2279224264880404,0.150997391060308,0.197935792730764
0.1545145834479967,0.8419261519775336,0.1545145755454287,0.3147670772405015,0.1545145759247174,0.2274867898960593,0.1545145762750339,0.1975223843401498
0.1581136944922486,0.8408077212142763,0.1581136865697386,0.3141937926481438,0.1581136869332401,0.2270494404173753,0.1581136872679313,0.1971065674949984
0.1617966396123104,0.8396847440168097,0.1617966316696913,0.3136185339459613,0.161796632016908,0.2266103181085577,0.1617966323354965,0.1966882859695902
0.1655653715546676,0.8385571110759393,0.1655653635917555,0.3130412445499249,0.1655653639221671,0.2261693627604847,0.1655653642241599,0.1962674838484859
0.1694218885511144,0.8374247121992944,0.1694218805677052,0.3124618674720281,0.1694218808807693,0.2257265139314841,0.16942188116566,0.1958441055657172
0.1733682353782423,0.836287436311003,0.1733682273741124,0.3118803453352799,0.1733682276692623,0.2252817109814256,0.1733682279365291,0.1954180959440816
0.1774065044416076,0.8351451714521232,0.1774064964165114,0.311296620389815,0.1774064966931573,0.2248348931067287,0.1774064969422654,0.1949894002344737
0.1815388368851532,0.8339978047818422,0.1815388288388235,0.3107106345301172,0.1815388290963512,0.2243859993762413,0.181538829326749,0.1945579641552209
0.1857674237264723,0.832845222579492,0.1857674156586165,0.3101223293133666,0.1857674158963869,0.223934968767932,0.1857674161075088,0.1941237339313476
0.1900945070185116,0.8316873102473984,0.1900944989288128,0.3095316459788977,0.1900944991461609,0.223481740206353,0.1900944993374272,0.1936866563337164
0.1945223810383415,0.8305239523145915,0.1945223729264549,0.3089385254687694,0.1945223731226906,0.2230262526008206,0.1945223732935056,0.1932466787180014
0.1990533935036095,0.8293550324414167,0.1990533853691616,0.3083429084494336,0.1990533855435687,0.2225684448842491,0.1990533856933219,0.192803749063423
0.2036899468173309,0.8281804334250694,0.2036899386599206,0.3077447353344964,0.2036899388117549,0.2221082560526013,0.203689938939821,0.1923578160112126
0.2084344993416776,0.8270000372060793,0.20843449116087,0.3071439463085574,0.2084344912893617,0.2216456252048828,0.2084344913951,0.1919088289027346
0.2132895667014308,0.8258137248757877,0.2132895584967591,0.3065404813521123,0.2132895586011096,0.2211804915836291,0.2132895586838641,0.191456737817233
0.2182577231178007,0.824621376684836,0.2182577148887625,0.3059342802674979,0.2182577149681467,0.2207127946158294,0.2182577150272459,0.1910014936091443
0.2233416027733116,0.8234228720527013,0.2233415945193693,0.3053252827058618,0.2233415945729326,0.2202424739542207,0.2233415946076897,0.1905430479449275
0.2285439012084805,0.822218089578308,0.2285438929290583,0.3047134281951369,0.2285438929559172,0.2197694695189011,0.2285438929656306,0.1900813533393775
0.2338673767510286,0.8210069070517466,0.2338673684455099,0.3040986561689851,0.2338673684447528,0.2192937215391954,0.2338673684287055,0.1896163631913695
0.2393148519783839,0.819789201467128,0.2393148436461113,0.3034809059966934,0.2393148436167959,0.2188151705957125,0.2393148435742553,0.1891480318189847
0.2448892152142467,0.8185648490366089,0.244889206854519,0.3028601170139864,0.2448892067956748,0.2183337576625418,0.2448892067258918,0.1886763144939962
0.2505934220600188,0.8173337252056072,0.2505934136720901,0.3022362285547214,0.2505934135827146,0.2178494241495186,0.2505934134849271,0.1882011674756618
0.2564304969619034,0.816095704669249,0.2564304885449787,0.3016091799834354,0.2564304884240419,0.2173621119445044,0.2564304882974702,0.1877225480437936
0.2624035348145037,0.8148506613900677,0.2624035263677409,0.3009789107287031,0.2624035262141791,0.2168717634556198,0.2624035260580294,0.1872404145310674
0.2685157026017782,0.8135984686169884,0.2685156941242836,0.3003453603172681,0.2685156939370045,0.2163783216533715,0.268515693750467,0.1867547263545411
0.2747702410762195,0.8123389989056181,0.2747702325670455,0.2997084684089057,0.2747702323449248,0.2158817301126145,0.2747702321271744,0.1862654440463548
0.2811704664771414,0.8110721241398831,0.2811704579352848,0.2990681748319753,0.2811704576771679,0.2153819330542966,0.2811704574273637,0.185772529283582
0.2877197722889924,0.8097977155550251,0.2877197637133953,0.2984244196196124,0.2877197634180941,0.2148788753869187,0.2877197631353803,0.1852759449172033
0.2944216310406298,0.8085156437619853,0.2944216224301722,0.2977771430465218,0.2944216220964693,0.2143725027476673,0.2944216217799746,0.1847756550001864
0.301279596146496,0.8072257787732123,0.3012795874999978,0.2971262856663122,0.3012795871266428,0.2138627615431554,0.3012795867754805,0.1842716248146456
0.3082973037906882,0.8059279900298996,0.3082972951069056,0.2964717883493346,0.3082972946926164,0.2133495989897253,0.3082972943058848,0.183763820898066
0.3154784748549119,0.8046221464306901,0.3154784661325352,0.2958135923209636,0.3154784656759979,0.2128329631532639,0.3154784652527788,0.1832522110685717
0.322826916891339,0.8033081163618587,0.3228269081289913,0.2951516392002718,0.3228269076288589,0.2123128029884703,0.3228269071682196,0.1827367644492247
0.3303465261414246,0.8019857677289991,0.3303465173376583,0.2944858710390478,0.3303465167925529,0.2117890683775433,0.3303465162935464,0.1822174514913405
0.3380412896017442,0.8006549679902337,0.3380412807550403,0.2938162303610954,0.3380412801635518,0.2112617101682343,0.3380412796252135,0.1816942439968248
0.3459152871379544,0.7993155841909555,0.3459152782467199,0.2931426602017669,0.3459152776074036,0.2107306802112155,0.3459152770287555,0.1811671151394913
0.3539726936479867,0.7979674830001261,0.353972684710551,0.292465104147669,0.3539726840219327,0.2101959313967425,0.3539726834019808,0.1806360394853879
0.3622177812756411,0.7966105307481418,0.362217772290255,0.2917835063764875,0.3622177715508265,0.2096574176905499,0.362217770888562,0.1801009930121099
0.3706549216757246,0.7952445934662726,0.3706549126405591,0.2910978116968719,0.3706549118487795,0.2091150941689502,0.3706549111431784,0.1795619531270986
0.3792885883319683,0.7938695369276929,0.3792885792451095,0.2904079655883279,0.3792885783994074,0.2085689170531103,0.3792885776494296,0.1790188986849292
0.3881233589289211,0.7924852266901103,0.3881233497883704,0.2897139142410542,0.3881233488871413,0.2080188437424561,0.388123348091731,0.1784718100035914
0.397163917779101,0.7910915281399855,0.3971639085827746,0.2890156045956741,0.3971639076243801,0.2074648328471879,0.3971639067824683,0.1779206688797547
0.4064150583066821,0.7896883065383683,0.4064150490524045,0.2883129843827994,0.4064150480351757,0.2069068442198697,0.4064150471456771,0.1773654586030432
0.4158816855890295,0.7882754270683269,0.415881676274534,0.287606002162375,0.415881675196768,0.2063448389860736,0.4158816742585821,0.1768061639693035
0.4255688189574326,0.7868527548839965,0.425568809580358,0.2868946073627498,0.4255688084403225,0.2057787795740494,0.4255688074523331,0.1762427712928944
0.4354815946584266,0.7854201551612078,0.435481585216317,0.2861787503194138,0.4354815840122453,0.2052086297434014,0.4354815829733228,0.1756752684179918
0.4456252685770953,0.7839774931497254,0.4456252590673964,0.2854583823133544,0.44562525779749,0.2046343546127543,0.4456252567064893,0.1751036447289361
0.4560052190238125,0.7825246342270588,0.4560052094438682,0.2847334556089779,0.4560052081062984,0.2040559206863874,0.4560052069620555,0.1745278911596207
0.4666269495858877,0.7810614439538494,0.4666269399329416,0.284003923491542,0.4666269385258469,0.203473295879828,0.466626937327189,0.1739480002019376
0.4774960920456505,0.779587788130813,0.477496082316843,0.2832697403040543,0.4774960808383286,0.2028864495443904,0.4774960795840637,0.1733639659133067
0.488618409366487,0.778103532857219,0.4886183995588507,0.2825308614835849,0.4886183980069935,0.2022953524906461,0.4886183966959134,0.172775783923292
0.4999997987484457,0.7766085445908858,0.4999997888589045,0.2817872435969483,0.4999997872317481,0.2016999770108245,0.4999997858626328,0.1721834514393229
0.5116462947550053,0.7751026902096707,0.5116462847803768,0.281038844375709,0.5116462830759315,0.2011002969001363,0.5116462816475444,0.1715869672515479
0.523564072512684,0.7735858370744239,0.5235640624496692,0.2802856227504678,0.5235640606659195,0.2004962874770137,0.5235640591770077,0.1709863317368306
0.535759450985172,0.7720578530933779,0.5357594408303621,0.2795275388843887,0.535759438965256,0.1998879256022685,0.5357594374145548,0.1703815468619088
0.5482388963237286,0.7705186067879373,0.5482388860735987,0.2787645542059226,0.5482388841250563,0.1992751896971707,0.5482388825112821,0.1697726161857417
0.5610090252956221,0.7689679673598327,0.5610090149465309,0.2779966314406976,0.5610090129124412,0.1986580597604453,0.5610090112342964,0.1691595448610594
0.5740766087924287,0.7674058047595997,0.5740765983406148,0.2772237346425347,0.5740765962188347,0.1980365173841979,0.574076594475008,0.1685423396351421
0.5874485754200454,0.7658319897563359,0.5874485648616267,0.2764458292235596,0.587448562649986,0.1974105457687681,0.5874485608391499,0.1679210088498475
0.6011320151723292,0.764246394008697,0.6011320045033042,0.2756628819833764,0.6011320021995988,0.1967801297365279,0.6011320003204117,0.1672955624409069
0.6151341831903073,0.7626488901370665,0.6151341724065508,0.2748748611372793,0.6151341700085485,0.1961452557446246,0.6151341680596535,0.166666011936517
0.629462503608948,0.7610393517968658,0.6294624927062088,0.2740817363434734,0.6294624902116485,0.1955059118966881,0.6294624881916714,0.166032370455246
0.6441245734935348,0.7594176537529339,0.6441245624674399,0.273283478729278,0.6441245598740269,0.1948620879535112,0.6441245577815822,0.1653946527032766
0.6591281668677315,0.7577836719549154,0.6591281557137771,0.2724800609163008,0.6591281530191884,0.1942137753427154,0.6591281508528736,0.1647528749710145
0.6744812388354695,0.7561372836136112,0.6744812275490238,0.2716714570445501,0.6744812247509113,0.1935609671674206,0.6744812225093095,0.1641070551290738
0.690191929798854,0.7544783672782016,0.690191918375158,0.2708576427954813,0.6901919154711387,0.1929036582139339,0.6901919131528185,0.1634572126236754
0.7062685697743091,0.75280680291429,0.70626855820847,0.2700385954139543,0.7062685551961358,0.1922418449584765,0.7062685527996496,0.1628033684714684
0.7227196828092634,0.7511224719826955,0.7227196710962619,0.2692142937290948,0.7227196679731704,0.191575525572962,0.7227196654970593,0.162145545253806
0.7395539915017119,0.7494252575188997,0.7395539796363912,0.2683847181740506,0.7395539764000787,0.1909046999298531,0.7395539738428654,0.1614837671104897
0.7567804216250549,0.747715044213099,0.7567804096021284,0.267549850804628,0.7567804062500973,0.1902293696061134,0.7567804036102909,0.1608180597330165
0.7744081068606571,0.7459917184907576,0.7744080946747062,0.2667096753168154,0.7744080912044304,0.1895495378862731,0.7744080884805298,0.1601484503573282
0.7924463936406548,0.7442551685935882,0.7924463812861191,0.2658641770631806,0.7924463776950496,0.1888652097646339,0.7924463748855343,0.1594749677561089
0.8109048461035459,0.7425052846608784,0.8109048335747361,0.2650133430681469,0.8109048298602911,0.1881763919466342,0.810904826963628,0.1587976422306311
0.8297932511652296,0.7407419588110659,0.8297932384563205,0.2641571620421487,0.8297932346158914,0.1874830928493995,0.8297932316305354,0.1581165056021807
0.8491216237081571,0.7389650852234799,0.8491216108131869,0.2632956243946684,0.8491216068441372,0.1867853226014928,0.8491216037685312,0.1574315912030762
0.8689002118913572,0.7371745602201526,0.868900198804227,0.2624287222461623,0.868900194703896,0.1860830930419019,0.8689001915364634,0.1567429338673006
0.8891395025841413,0.7353702823476093,0.8891394892986167,0.2615564494388838,0.8891394850643134,0.1853764177182772,0.8891394818034699,0.1560505699207632
0.9098502269263866,0.7335521524585396,0.9098502134360934,0.2606788015466083,0.9098502090651011,0.1846653118844445,0.9098502057092467,0.1553545371712111
0.9310433660183128,0.7317200737932563,0.9310433523167455,0.2597957758832788,0.9310433478063227,0.1839497924972232,0.9310433443538457,0.1546548748978015
0.9527301567428289,0.7298739520608413,0.9527301428233447,0.2589073715105789,0.9527301381707203,0.1832298782125674,0.9527301346199973,0.1539516238403554
0.9749220977234655,0.7280136955198739,0.974922083579279,0.2580135892444496,0.9749220787816579,0.1825055893810555,0.9749220751310541,0.1532448261883026
0.9976309554210893,0.7261392150586536,0.9976309410452832,0.2571144316605676,0.9976309360998481,0.1817769480427547,0.997630932347715,0.1525345255693341
1.02086877037265,0.7242504242748103,1.020868755758171,0.2562099030988005,1.020868750662075,0.1810439779214812,1.020868746806757,0.1518207670377745
1.044647863575226,0.7223472395541918,1.044647848714886,0.2553000096666595,1.044647843465257,0.1803067044184775,1.044647839505086,0.1511035970626847
1.068980843018783,0.7204295801489438,1.068980827905252,0.2543847592417683,1.0689808224992,0.1795651546055343,1.068980818432494,0.1503830635157055
1.093880610371085,0.7184973682546706,1.09388059499691,0.2534641614733716,1.093880589431515,0.1788193572175782,1.093880585256586,0.1496592156586529
1.11936036781835,0.7165505290865725,1.119360352175933,0.2525382277829019,1.119360346448253,0.1780693426447425,1.119360342163409,0.1489321041308715
1.145433625065208,0.7145889909544701,1.14543360914682,0.2516069713636329,1.145433603253892,0.1773151429239487,1.145433598857423,0.148201780936361
1.172114206497721,0.7126126853366054,1.172114190295508,0.250670407179441,1.172114184234345,0.1765567917300167,1.172114179724542,0.1474682994306664
1.199416258513281,0.7106215469521203,1.199416242019244,0.2497285519626989,1.199416235786842,0.1757943243663227,1.199416231161984,0.1467317143075536
1.227354257021182,0.7086155138321275,1.227354240227205,0.2487814242113303,1.227354233820534,0.1750277777550264,1.227354229078892,0.1459920815854699
1.255943015117966,0.7065945273892559,1.255942998015796,0.2478290441850481,1.255942991431804,0.1742571904268864,1.255942986571653,0.1452494585937814
1.285197690941514,0.7045585324855946,1.285197673522768,0.2468714339008087,1.285197666758391,0.1734826025106768,1.285197661777994,0.1445039039588077
1.315133795708082,0.7025074774989291,1.315133777964253,0.2459086171275024,1.315133771016406,0.1727040557222323,1.315133765914023,0.1437554775896393
1.345767201936567,0.7004413143871883,1.345767183859024,0.2449406193799142,1.345767176724601,0.1719215933531253,1.345767171498492,0.1430042406637444
1.377114151864318,0.6983599987510006,1.377114133444302,0.2439674679119778,1.377114126120181,0.1711352602590005,1.377114120768606,0.1422502556123619
1.409191266058986,0.696263489894287,1.409191247287621,0.2429891917093557,1.409191239770669,0.1703451028475743,1.409191234291882,0.1414935861056756
1.442015552230975,0.6941517508827943,1.442015533099256,0.242005821481368,1.442015525386322,0.1695511690663204,1.442015519778584,0.1407342970377704
1.475604414251148,0.6920247486004967,1.475604394749959,0.2410173896523013,1.475604386837874,0.1687535083898423,1.475604381099448,0.1399724545113577
1.509975661378589,0.6898824538037812,1.509975641498687,0.2400239303521279,1.50997563338428,0.1679521718069547,1.50997562751343,0.1392081258222708
1.545147517703308,0.6877248411733419,1.545147497435349,0.2390254794066553,1.545147489115434,0.1671472118074785,1.545147483110425,0.1384413794437156
1.581138631808912,0.6855518893637187,1.581138611143423,0.2380220743271425,1.581138602614801,0.16633868236876,1.581138596473916,0.137672285010273
1.617968086660296,0.6833635810504038,1.617968065587707,0.2370137542994042,1.617968056847172,0.1655266389419185,1.617968050568694,0.1369009133016375
1.655655409721718,0.6811599029744567,1.655655388232337,0.2360005601724315,1.655655379276681,0.1647111384378355,1.655655372858907,0.1361273362260844
1.694220583310494,0.6789408459845628,1.69422056139453,0.2349825344465552,1.694220552220549,0.1638922392128869,1.694220545661774,0.1353516268036487
1.733684055191902,0.6767064050764882,1.733684032839465,0.2339597212611785,1.733684023443928,0.1630700010544197,1.733684016742481,0.1345738591490055
1.774066749420849,0.6744565794298638,1.774066726621938,0.2329321663821034,1.774066717001642,0.1622444851659826,1.774066710155854,0.1337941084540304
1.815390077436098,0.6721913724422662,1.81539005418062,0.2318999171884724,1.815390044332341,0.1614157541523057,1.81539003734056,0.1330124509700297
1.857675949412859,0.6699107917605385,1.857675925690629,0.2308630226593549,1.857675915611157,0.160583872004036,1.857675908471763,0.1322289639896164
1.900946785879903,0.6676148493093209,1.900946761680643,0.2298215333599968,1.900946751366769,0.1597489040822212,1.900946744078147,0.1314437258282171
1.945225529607178,0.6653035613167508,1.945225504920519,0.2287755014277559,1.945225494369056,0.1589109171025441,1.945225486929619,0.1306568158051838
1.990535657770407,0.6629769483373033,1.990535632585895,0.2277249805577457,1.990535621793652,0.1580699791193035,1.990535614201845,0.1298683142244944
2.036901194398965,0.6606350352717475,2.036901168706069,0.226670025988208,2.036901157669875,0.1572261595091326,2.036901149924164,0.1290783023550149
2.084346723113761,0.658277851384195,2.08434669690187,0.2256106944856293,2.084346685618571,0.156379528954455,2.08434667771746,0.1282868624102991
2.132897400161782,0.6559054303162278,2.132897373420208,0.2245470443296266,2.132897361886672,0.1555301594266655,2.132897353828695,0.1274940775279032
2.182578967754284,0.6535178100980876,2.182578940472272,0.223479135297612,2.182578928685392,0.1546781241690268,2.182578920469116,0.1267000317481834
2.233417767715629,0.6511150331569289,2.233417739882377,0.2224070286492571,2.233417727839061,0.1538234976792772,2.233417719463096,0.125904809992553
2.285440755450109,0.6486971463221211,2.285440727054732,0.22133078711077,2.28544071475193,0.1529663556919279,2.285440706214929,0.1251084980411698
2.338675514234009,0.6462642008276145,2.338675485265584,0.2202504748589991,2.338675472700275,0.152106775160246,2.338675464000922,0.1243111825100197
2.393150269840666,0.6438162523113651,2.393150240288207,0.2191661575053763,2.393150227457411,0.1512448342379024,2.393150218594458,0.1235129508273693
2.448893905506123,0.6413533608118405,2.448893875358609,0.2180779020797085,2.448893862259386,0.1503806122602705,2.448893853231616,0.1227138912095552
2.505935977243411,0.6388755907616127,2.505935946489775,0.2169857770138314,2.505935933119235,0.1495141897253589,2.505935923925497,0.1219140926360753
2.564306729513537,0.6363830109780665,2.564306698142695,0.2158898521251303,2.564306684497997,0.1486456482743576,2.564306675137192,0.1211136448239478
2.624037111261497,0.6338756946512419,2.624037079262328,0.214790198599937,2.624037065340683,0.1477750706717779,2.624037055811781,0.1203126382013073
2.685158792325839,0.631353719328841,2.6851587596872,0.2136868889768075,2.685158745485883,0.1469025407851644,2.685158735787902,0.1195111638801966
2.747704180230379,0.6288171668984383,2.747704146941121,0.2125799971296875,2.747704132457472,0.1460281435643573,2.747704122589501,0.1187093136285228
2.811706437367124,0.6262661235669222,2.811706403416106,0.2114695982509641,2.811706388647535,0.1451519650202777,2.811706378608746,0.1179071798411413
2.87719949857946,0.6237006798372106,2.877199463955517,0.2103557688344105,2.877199448899516,0.144274092203212,2.877199438689137,0.1171048555100253
2.944218089154774,0.6211209304822956,2.94421805384678,0.2092385866580185,2.944218038500897,0.1433946131805675,2.944218028118248,0.1163024341934902
3.012797743236303,0.6185269745166526,3.012797707233129,0.2081181307667246,3.012797691595035,0.1425136170140723,3.012797681039507,0.1155000099844301
3.082974822663809,0.6159189151650731,3.08297478595436,0.2069944814550174,3.082974770021808,0.1416311937363868,3.082974759292882,0.1146976774775313
3.154786536253095,0.6132968598289754,3.154786498826322,0.2058677202494312,3.154786482597161,0.1407474343270987,3.154786471694397,0.1138955317354251
3.228270959524615,0.6106609200502525,3.228270921369527,0.2047379298909137,3.228270904841704,0.1398624306880668,3.228270893764762,0.1130936682537392
3.303467054891641,0.6080112114727163,3.303467015997273,0.2036051943170649,3.303466999168863,0.1389762756180831,3.303466987917498,0.1122921829250138
3.380414692318594,0.6053478538012111,3.380414652674083,0.2024695986442332,3.380414635543271,0.1380890627868155,3.380414624117347,0.1114911720014452
3.459154670460706,0.6026709707584491,3.45915463005524,0.201331229149464,3.459154612620346,0.1372008867079975,3.4591546010198,0.1106907320564163
3.53972873829592,0.5999806900396564,3.539728697118796,0.2001901732522851,3.539728679378265,0.1363118427118286,3.539728667603169,0.1098909599447863
3.622179617260819,0.5972771432650882,3.622179575301438,0.1990465194963157,3.622179557253867,0.1354220269165451,3.622179545304391,0.1090919527618968
3.706551023902074,0.5945604659304937,3.706550981149949,0.1979003575306863,3.706550962794076,0.1345315361991281,3.706550950670499,0.1082938078012685
3.792887693055521,0.591830797355607,3.792887649500297,0.1967517780912491,3.792887630835022,0.1336404681651026,3.79288761853774,0.1074966225109509
3.88123540156518,0.5890882806307464,3.881235357196656,0.1956008729815649,3.881235338221031,0.1327489211173938,3.881235325750573,0.1067004944485011
3.971640992554763,0.5863330625615928,3.971640947362875,0.1944477350536438,3.97164092807613,0.1318569940241968,3.97164091543314,0.1059055212345581
4.064152400264446,0.5835652936122445,4.064152354239331,0.1932924581884192,4.064152334640894,0.1309647864858198,4.064152321826131,0.1051118005049906
4.158818675466335,0.5807851278466147,4.158818628598307,0.192135137275931,4.158818608687765,0.1300723987004593,4.158818595702137,0.1043194298615961
4.255690011471753,0.5779927228682742,4.25568996375133,0.1909758681951987,4.255689943528492,0.1291799314288649,4.25568993037303,0.1035285068213275
4.354817770744445,0.5751882397588083,4.354817722162392,0.1898147477937488,4.354817701627248,0.1282874859578527,4.354817688303112,0.1027391287640339
4.456254512133643,0.5723718430147867,4.456254462680932,0.1886518738667812,4.456254441833698,0.1273951640626268,4.456254428342203,0.1019513928787018
4.560054018741375,0.5695437004834306,4.560053968409283,0.1874873451359323,4.560053947250399,0.1265030679678637,4.560053933592976,0.1011653961081853
4.666271326439141,0.5667039832970551,4.666271275219184,0.1863212612276166,4.666271253749323,0.1256113003075223,4.666271239927566,0.1003812350924232
4.774962753048484,0.5638528658063949,4.77496270093251,0.1851537226509058,4.774962679152575,0.1247199640833376,4.774962665168204,0.09959900611014041
4.886185928201564,0.5609905255128781,4.886185875181732,0.1839848307749155,4.886185853092874,0.1238291626219578,4.886185838947776,0.09881880501903892
4.999999823897127,0.558117142999955,4.999999769965925,0.1828146878056665,4.99999974756956,0.1229389995306855,4.999999733265757,0.09804072719448977
5.116464785768181,0.5552329018635582,5.116464730918501,0.1816433967623783,5.116464708216285,0.1220495786517895,5.116464693755961,0.09726486746673965
5.235642565078141,0.5523379886417844,5.235642509303227,0.1804710614531643,5.235642486297107,0.1211610040153446,5.23564247168258,0.09649132005665657
5.357596351462075,0.5494325927438889,5.357596294755627,0.179297786450083,5.357596271447831,0.120273379790572,5.357596256681576,0.09572017851004126
5.482390806430783,0.5465169063786705,5.48239074878691,0.1781236770635098,5.482390725179934,0.1193868102356434,5.482390710264597,0.09495153563054358
5.610092097655091,0.5435911244823404,5.610092039068364,0.1769488393157859,5.61009201516503,0.1185013996459214,5.610092000103371,0.09418548341122229
5.740767934048879,0.5406554446459532,5.740767874514393,0.1757733799140991,5.740767850317796,0.1176172523006081,5.740767835112776,0.09342211296480618
5.874487601669254,0.5377100670424867,5.874487541182599,0.1745974062225586,5.874487516696135,0.1167344724077796,5.87448750135085,0.09266151445270983
6.01132200045291,0.534755194353648,6.011321939010204,0.1734210262334107,6.011321914237627,0.1158531640477828,6.011321898755306,0.09190377701287711
6.15134368180818,0.5317910316964941,6.151343619406156,0.1722443485373584,6.151343594351507,0.1149734311149815,6.15134357873556,0.09114898868652675
6.294626887082843,0.5288177865499318,6.294626823718827,0.1710674822929306,6.294626798386479,0.1140953772578357,6.294626782640454,0.09039723634389051
6.441247586927772,0.5258356686811924,6.441247522599729,0.1698905371948577,6.441247496994402,0.1132191058173079,6.441247481122014,0.08964860560903637
6.591283521577685,0.5228448900723356,6.591283456284215,0.168713623441404,6.591283430410967,0.1123447197635941,6.591283414416052,0.08890318078388706
6.74481424206992,0.5198456648468759,6.744814175810365,0.1675368517006078,6.744814149674585,0.1114723216311792,6.744814133561171,0.08816104477154936
6.901921152423562,0.5168382091965847,6.901921085197983,0.166360333075383,6.901921058805409,0.1106020134522283,6.901921042577624,0.08742227899908253
7.062687552800893,0.5138227413085515,7.062687484610085,0.1651841790674272,7.062687457966811,0.109733896688327,7.062687441628966,0.08668696333984341
7.227198683674212,0.510799481292558,7.227198614519787,0.1640085015398935,7.227198587632262,0.1088680721605905,7.227198571188789,0.0859551760355598
7.395541771021485,0.5077686511088425,7.395541700905878,0.1628334126787711,7.395541673780913,0.1080046399781751,7.395541657236378,0.08522699361828845
7.567806072574707,0.5047304744963015,7.567806001501243,0.1616590249529303,7.567805974145984,0.1071436994652237,7.567805957505137,0.08450249083243348
7.744082925145604,0.5016851769012022,7.744082853118442,0.1604854510727802,7.744082825540437,0.1062853490862938,7.744082808808106,0.08378174055700262
7.924465793053486,0.4986329854064505,7.924465720077782,0.1593128039474919,7.92446569228489,0.1054296863703197,7.924465675466047,0.08306481372829666
8.109050317681389,0.4955741286614761,8.109050243763212,0.1581411966407434,8.109050215763682,0.1045768078331734,8.109050198863455,0.08235177926323545
8.297934368186304,0.4925088368127795,8.297934293332762,0.1569707423249352,8.297934265135186,0.1037268088988954,8.297934248158814,0.08164270398353085
8.491218093390803,0.4894373414351933,8.491218017610025,0.155801554233838,8.491217989223379,0.1028797838196808,8.491217972176214,0.0809376525409312
8.689003974883219,0.4863598754639007,8.689003898184389,0.1546337456136275,8.689003869617967,0.1020358255947109,8.689003852505484,0.08023668734376999
8.891396881354721,0.4832766731272526,8.891396803748139,0.1534674296722665,8.891396775011593,0.1011950258879387,8.891396757839376,0.07953986848505587
9.098504124202121,0.4801879698804215,9.098504045699203,0.1523027195271987,9.098504016802567,0.1003574749449414,9.098503999576286,0.07884725367235491
9.310435514425768,0.4770940023399317,9.310435435039135,0.1511397281513147,9.310435405992726,0.09952326150896998,9.310435388718204,0.07815889815971785
9.527303420852853,0.47399500821909,9.527303340596257,0.1499785683171673,9.527303311410797,0.09869247273633336,9.527303294093924,0.07747485468191323
9.74922282971675,0.4708912262643552,9.749222748605263,0.148819352539399,9.749222719291733,0.09786519411127276,9.749222701938491,0.07679517339123236
9.976311405624367,0.4677828961926642,9.976311323674286,0.1476621930153648,9.976311294244008,0.09704150936048843,9.976311276860455,0.07611990179713238
10.20868955394339,0.4646702586297396,10.20868947117225,0.1465072015639297,10.20868944163692,0.09622150036749685,10.20868942422921,0.0754490847089908
10.44648048464277,0.461553555049401,10.44648040106953,0.1453544895624242,10.44648037144107,0.09540524708700948,10.44648035401544,0.07478276418224061
10.68981027762049,0.4584330277138867,10.68981019326536,0.1442041678817547,10.68981016355601,0.09459282745953514,10.68981014611874,0.07412097946815806
10.9388079495525,0.455308919615208,10.93880786443711,0.1430563468196607,10.93880783465939,0.09378431732642149,10.93880781721683,0.0734637669675678
11.1936055222993,0.4521814744175309,11.19360543644665,0.1419111360321298,11.19360540661337,0.09297979034556479,11.19360538917194,0.07281116018873367
11.45433809290558,0.4490509364006062,11.45433800634009,0.1407686444629755,11.45433797646433,0.09217931790802407,11.45433795903043,0.07216318970968766
11.7211439052305,0.4459175504042314,11.72114381797802,0.139628980271602,11.72114378807309,0.09138296905579769,11.72114377065319,0.07151988314524857
11.99416442324636,0.4427815617737553,11.99416433533423,0.1384922507589823,11.99416430541364,0.09059081040101684,11.99416428801426,0.07088126511896954
12.27354440604476,0.4396432163066087,12.27354431750172,0.1373585622918866,12.27354428757929,0.08980290604683554,12.27354427020687,0.07024735724024131
12.55943198458977,0.4365027601998582,12.55943189544605,0.1362280202254065,12.55943186553572,0.08901931751029517,12.55943184819678,0.06961817808676457
12.85197874025882,0.4333604399987661,12.85197865054616,0.1351007288238341,12.8519786206621,0.08824010364745814,12.85197860336308,0.06899374319258808
13.15133978521333,0.4302165025463346,13.1513396949649,0.1339767911799613,13.15133966512144,0.08746532058110414,13.1513396478688,0.06837406504189371
13.45767384464111,0.4270711949338212,13.45767375389158,0.1328563091328789,13.45767372410323,0.08669502163130098,13.45767370690334,0.06775915306868574
13.7711433409146,0.423924764452192,13.77114324970012,0.1317393831843689,13.77114321998154,0.08592925724915126,13.77114320284069,0.06714901366252411
14.09191447970933,0.4207774585444891,14.09191438806758,0.1306261124139906,14.0919143584335,0.08516807495403667,14.09191434135791,0.06654365018041561
14.4201573381285,0.4176295247590764,14.42015724609854,0.1295165943929799,14.42015721656383,0.08441151927466718,14.4201571995596,0.06594306296495027
14.75604595487994,0.4144812107037271,14.75604586250229,0.1284109250970929,14.75604583308195,0.08365963169425622,14.75604581615501,0.06534724936875003
15.09975842255382,0.4113327640005154,15.09975832987049,0.1273091988185371,15.0997583005795,0.08291245060012924,15.09975828373565,0.06475620378525908
15.45147698204983,0.4081844322414654,15.45147688910413,0.1262115080771521,15.45147685995752,0.08217001123808031,15.45147684320237,0.06416991768588684
15.81138811920338,0.4050364629449134,15.81138802604005,0.1251179435310172,15.81138799705298,0.08143234567177533,15.81138798039188,0.06358837966347572
16.17968266366331,0.4018891035125238,16.17968257032838,0.1240285938866695,16.17968254151591,0.08069948274749754,16.17968252495399,0.06301157548203946
16.55655589007192,0.3987426011869161,16.55655579661273,0.1229435458091483,16.55655576798994,0.07997144806452162,16.55655575153199,0.06243948813268654
16.94220762160237,0.3955972030098354,16.94220752806752,0.1218628838320819,16.94220749964943,0.07924826395138403,16.94220748329993,0.06187209789561131
17.33684233590753,0.3924531557808065,17.33684224234679,0.1207866902680583,17.33684221414832,0.07852994944830903,17.33684219791141,0.06130938240800239
17.74066927353672,0.38931070601621,17.74066918000104,0.1197150451195335,17.74066915203705,0.07781652029602434,17.74066913591643,0.06075131673768908
18.15390254887789,0.3861700999087072,18.15390245541924,0.1186480259905485,18.15390242770446,0.07710798893118842,18.15390241170335,0.06019787346231719
18.5767612636839,0.3830315832869453,18.57676117035523,0.1175857079995412,18.57676114290419,0.07640436448862278,18.57676112702531,0.05964902275381084
19.009469623243,0.3798954015754697,19.00946953009826,0.1165281636935555,19.00946950292532,0.07570565281051941,19.00946948717088,0.05910473246785545
19.45225705525568,0.376761799754761,19.45225696234963,0.1154754629641608,19.45225693546892,0.07501185646277009,19.45225691984049,0.05856496823810584
19.90535833148022,0.3736310223213195,19.90535823886837,0.1144276729654158,19.9053582122937,0.074322974758529,19.9053581967922,0.05802969357479867
20.36901369221163,0.3705033132477175,20.36901359995014,0.1133848580342172,20.36901357369506,0.07363900378909514,20.36901355832074,0.05749886996742651
20.84346897366041,0.3673789159425302,20.84346888180607,0.1123470796133887,20.84346885588377,0.07295993646216538,20.84346884063611,0.05697245699111015
21.32897573829817,0.3642580732100587,21.32897564690816,0.1113143961778749,21.32897562133142,0.07228576254747583,21.32897560620907,0.05645041241628529
21.82579140823921,0.3611410272097589,21.82579131737113,0.1102868631644196,21.82579129215227,0.07161646872981202,21.82579127715303,0.05593269232130534
22.33417940172935,0.3580280194152839,22.33417931144103,0.1092645329051028,22.33417928659185,0.07095203866933671,22.33417927171261,0.05541925120754865
22.8544092728136,0.3549192905730494,22.854409183163,0.108247454565132,22.85440915869474,0.07029245306914046,22.85440914393146,0.05491004211660744
23.38675685425748,0.3518150806602302,23.38675676530242,0.1072356740852764,23.38675674122576,0.06963768974988989,23.38675672657336,0.05440501674912875
23.93150440379696,0.3487156288420962,23.93150431559524,0.106229234129334,23.93150429192012,0.06898772373140344,23.93150427737244,0.05390412558487397
24.48894075379536,0.3456211734285908,24.4889406664045,0.1052281740370307,24.4889406431401,0.06834252732095532,24.48894062868993,0.05340731800356006
25.05936146438615,0.3425319518300682,25.05936137786333,0.1042325297827322,25.05936135501795,0.06770207020806429,25.05936134065697,0.05291454240604918
25.6430689801829,0.3394482005120888,25.6430688945846,0.1032423339403564,25.64306887216572,0.06706631956549211,25.64306885788436,0.05242574633545795
26.24037279063921,0.3363701549491945,26.2403727060212,0.1022576156548544,26.2403726840353,0.0664352401561434,26.24037266982284,0.05194087659776293
26.85158959414415,0.3332980495775686,26.85158951056148,0.1012784006206222,26.85158948901395,0.06580879444552082,26.85158947485844,0.05145987938149185
27.47704346594013,0.3302321177465002,27.4770433834468,0.100304711067189,27.47704336234187,0.06518694271936419,27.47704334823009,0.05098270037610049
28.11706602995175,0.3271725916685747,28.11706594860045,0.09933656575250409,28.1170659279412,0.06456964320606921,28.11706591385868,0.05050928488865392
28.77199663461715,0.3241197023685126,28.77199655445935,0.09837397996412847,28.77199653424736,0.06395685220345947,28.77199652017844,0.05003957795844293
29.44218253281511,0.3210736796305874,29.44218245390077,0.0974169655286089,29.44218243413637,0.063348524209458,29.44218242006398,0.04957352446919198
30.12797906598304,0.3180347519445635,30.12797898836046,0.09646553082928344,30.12797896904235,0.06274461205618852,30.12797895494832,0.04911106925853324
30.82974985252386,0.3150031464500931,30.82974977623953,0.09551968083273593,30.8297497573649,0.06214506704701611,30.82974974322962,0.04865215722444563
31.54786698060108,0.3119790888795247,31.54786690569949,0.0945794171240828,31.54786688726377,0.06154983909602756,31.54786687306661,0.04819673342837916
32.28271120542512,0.3089628034990938,32.28271113194853,0.0936447379512361,32.28271111394533,0.06095887686943596,32.28271109966439,0.04774474319481768
33.03467215113439,0.3059545130484593,33.03467207912285,0.09271563827824675,33.03467206154399,0.06037212792839531,33.03467204715621,0.04729613220705077
33.80414851737962,0.3029544386785766,33.80414844687058,0.09179210984779024,33.80414842970587,0.05978953887270089,33.80414841518709,0.0468508465989586
34.5915482907192,0.2999627998879058,34.59154822174753,0.09087414125280771,34.59154820498468,0.05921105548485697,34.59154819030975,0.04640883304263889
35.39728896093946,0.296979814456968,35.39728889353708,0.08996171801727211,35.39728887716187,0.05863662287399565,35.39728886230451,0.04597003883173154
36.22179774241298,0.2940056983812775,36.22179767660897,0.08905482268599825,36.2217976606047,0.0580661856191412,36.22179764553784,0.04553441196032628
37.06551180061344,0.291040665802704,37.06551173643356,0.08815343492336382,37.0655117207816,0.05749968791132017,37.06551170547725,0.04510190119736213
37.92887848390647,0.2880849289393231,37.92887842137328,0.08725753162076152,37.92887840605245,0.05693707369404045,37.92887839048188,0.04467245615645694
38.81235556073975,0.2851386980138468,38.81235549987229,0.08636708701254732,38.81235548485916,0.05637828680167219,38.81235546899288,0.04424602736112841
39.71641146235764,0.2822021811807469,39.71641140317131,0.08548207280020083,39.71641138844019,0.05582327109528906,39.71641137224815,0.04382256630539431
40.64152553117005,0.2792755844521924,40.64152547367645,0.084602458284362,40.64152545919904,0.05527197059554861,40.64152544265073,0.04340202550976097
41.5881882749056,0.2763591116229724,41.58818821911252,0.08372821050436187,41.58818820485824,0.05472432961221788,41.5881881879226,0.04298435857263293
42.55690162668573,0.2734529641945794,42.55690157259674,0.08285929438481388,42.55690155853268,0.05418029286997458,42.55690154117838,0.04256952021719776
43.54817921115603,0.2705573412986662,43.54817915877052,0.08199567288878823,43.54817914486134,0.05363980563014666,43.54817912705682,0.04215746633385718
44.56254661681681,0.2676724396201177,44.56254656612997,0.08113730717705141,44.56254655233797,0.05310281380807963,44.56254653405149,0.04174815401829537
45.60054167469736,0.2647984533200063,45.60054162569966,0.08028415677280726,45.60054161198502,0.05256926408585485,45.60054159318476,0.04134154160529199
46.66271474352055,0.2619355739587353,46.66271469619814,0.07943617973134763,46.66271468251856,0.05203910402011295,46.66271466317274,0.04093758869839986
47.74962900151069,0.2590839904196909,47.749628955845,0.07859333281397983,47.74962894215613,0.05151228214476727,47.74962892223321,0.04053625619562286
48.86186074499799,0.2562438888337787,48.86186070096553,0.07775557166557757,48.86186068722116,0.05098874806842815,48.86186066668962,0.04013750631123886
49.99999969397861,0.2534154525052331,49.99999965155097,0.07692285099507253,49.99999963770281,0.05046845256638722,49.99999961653151,0.03974130259392434
51.16464930479135,0.2505988618391236,51.16464926393541,0.07609512475818718,51.16464924993341,0.04995134766704439,51.16464922809155,0.03934760994134427
52.35642709007932,0.2477942942710151,52.35642705075673,0.07527234634169827,52.35642703654914,0.04943738673269194,52.35642701400625,0.03895639461137698
53.57596494620211,0.2450019241992783,53.5759649083695,0.07445446874850541,53.57596489390311,0.04892652453459839,53.57596487062933,0.03856762423015143
54.82390948827651,0.2422219229205456,54.82390945188521,0.07364144478277987,54.82390943710548,0.04841871732236462,54.82390941307139,0.03818126779707524
56.10092239301982,0.2394544585688714,56.10092235801613,0.07283322723447101,56.10092234286724,0.0479139228875521,56.10092231804408,0.03779729568703589
57.40768074957985,0.2366996960591508,57.40768071590484,0.07202976906244848,57.40768070032999,0.04741210062161007,57.40768067468958,0.03741567964995966
58.74487741853657,0.2339577970353846,58.74487738612597,0.07123102357557773,58.74487737006765,0.04691321156815093,58.74487734358237,0.03703639280790879
60.11322139926576,0.23122891982439,60.11322136805018,0.07043694461103388,60.11322135145026,0.04641721846964721,60.11322132409314,0.03665940964990216
61.5134382058601,0.2285132193955753,61.513438175765,0.0696474867091878,61.51343815856472,0.04592408580864561,61.51343813030972,0.03628470602463706
62.94627025180611,0.2258108473273945,62.94627022275159,0.0688626052844155,62.9462702048921,0.04543377984360911,62.94627017571373,0.03591225913129065
64.41247724362186,0.223121951781111,64.41247721552305,0.0680822567912185,64.41247719694543,0.04494626863951866,64.41247716681883,0.03554204750857257
65.91283658366314,0.2204466774824845,65.91283655643009,0.06730639888506706,65.91283653707548,0.04446152209338045,65.91283650597666,0.03517405102219847
67.44814378231273,0.2177851657119926,67.4481437558505,0.06653499057741893,67.44814373566039,0.04397951195479664,67.44814370356603,0.03480825085094665
69.01921287977036,0.2151375543041803,69.01921285397927,0.06576799238440467,69.01921283289562,0.04350021184177019,69.01921279978299,0.03444462947145493
70.62687687766774,0.2125039776566901,70.62687685244326,0.06500536646870493,70.62687683040875,0.04302359725192478,70.62687679625591,0.0340831706419088
72.27198818073698,0.2098845667495142,72.27198815596995,0.06424707677419488,72.27198813292804,0.04254964556932746,72.27198809771372,0.03372385938476451
73.95541904876688,0.2072794491749506,73.95541902434374,0.06349308915297071,73.95541900023888,0.04207833606710681,73.95541896394242,0.03336668196864462
75.6780620590865,0.2046887491786901,75.67806203488963,0.0627433714844135,75.67806200966731,0.04160964990606737,75.67806197226868,0.03301162588953471
77.44083057982181,0.2021125877124168,77.44083055572938,0.06199789378600279,77.44083052933642,0.04114357012950202,77.4408304908162,0.03265867985140356
79.24465925417509,0.199551082498217,79.2446592300618,0.06125662831562038,79.24465920244609,0.04068008165440366,79.24465916278548,0.03230783374636251
81.09050449598566,0.1970043481050209,81.09050447172248,0.06051954966514779,81.09050444283349,0.04021917125928299,81.09050440201426,0.03195907863446875
82.97934499683282,0.1944724960372121,82.97934497228742,0.05978663484518756,82.97934494207632,0.03976082756879235,82.97934490008069,0.03161240672327452
84.91218224495124,0.1919556348354411,84.91218221998855,0.05905786336079707,84.91218218840757,0.03930504103535876,84.91218214521855,0.03126781134721202
86.89004105623312,0.189453870189576,86.89004103071518,0.05833321727815415,86.8900409977186,0.03885180391802178,86.89004095331941,0.03092528694690071
88.91397011759915,0.186967305063615,88.91397009138609,0.05761268128212065,88.9139700569295,0.03840111025867239,88.91397001130436,0.0305848290484534
90.98504254302658,0.1844960398322662,90.9850425159765,0.05689624272470536,90.98504248001734,0.0379529558558782,90.98504243315077,0.030246434242853
93.10435644252821,0.1820401724287748,93.10435641449754,0.05618389166446634,93.104356376995,0.03750733823648329,93.10435632887196,0.02991010016546427
95.2730355043845,0.1795997985034666,95.27303547522862,0.05547562089692835,95.27303543614336,0.03706425662515691,95.27303538674974,0.02957582547574004
97.49222959093861,0.1771750115923283,97.49222956051253,0.0547714259761175,97.49222951980697,0.03662371191206242,97.49222946912893,0.02924360983717328
99.76311534826839,0.174765903294842,99.76311531642673,0.05407130522735547,99.76311527406465,0.03618570661881299,99.76311522208955,0.02891345389754494
102.0868968300595,0.1723725634601456,102.086896796657,0.05337525975147271,102.0868967526041,0.03575024486286953,102.0868966993198,0.02858535926950958
104.4648061360111,0.1699950803804783,104.4648061009031,0.05268329342063482,104.4648060551269,0.03531733232053082,104.4648060005217,0.02825932851155846
106.898104065111,0.1676335409907536,106.8981040281541,0.05199541286599128,106.8981039806232,0.03488697618866,106.8981039246868,0.02793536510939535
109.3880807841279,0.165288031072982,109.3880807451805,0.05131162745738515,109.3880806958654,0.03445918514528103,109.3880806385882,0.02761347345775846
111.9360565116756,0.1629586354641733,111.9360564705981,0.05063194927537257,111.9360564194708,0.03403396930917416,111.9360563608444,0.02729365884271828
114.5433822182096,0.1606454382662491,114.5433821748651,0.04995639307582279,114.543382121899,0.03361134019859111,114.5433820619161,0.02697592742448024
117.2114403423301,0.1583485230564152,117.2114402965847,0.04928497624738253,117.2114402417548,0.033191310689203,117.2114401804093,0.02666028622072003
119.941645523769,0.1560679730963812,119.9416454754925,0.04861771876209927,119.9416454187751,0.03277389497139008,119.9416453560625,0.02634674309047882
122.7354453534504,0.1538038715387563,122.7354453025166,0.04795464311951111,122.7354452438899,0.03235910850697206,122.735445179807,0.02603530671864657
125.5943211410232,0.151556301628908,125.5943210873103,0.04729577428451567,125.594321026754,0.03194696798547523,125.5943209612997,0.0257259866010627
128.5197887002703,0.1493253469005651,128.5197886436615,0.04664113961934312,128.5197885811569,0.03153749128002612,128.5197885143313,0.02541879303026505
131.5133991528137,0.147111091363423,131.5133990931979,0.04599076880995656,131.513399028728,0.03113069740295469,131.5133989605335,0.02511373708192046
134.5767397505397,0.1449136196810324,134.576739687811,0.04534469378721472,134.5767396213605,0.03072660646118937,134.5767395518016,0.02481083060197666
137.7114347171806,0.1427330173372813,137.7114346512397,0.04470294864312682,137.7114345827951,0.03032523961151763,137.7114345118783,0.02451008619457495
140.9191461094995,0.140569370789828,140.9191460402536,0.04406556954253889,140.9191459698036,0.02992661901578665,140.9191458975377,0.02421151721077355
144.2015746985358,0.1384227676089029,144.2015746258985,0.04343259463058374,144.2015745534336,0.02953076779611509,144.20157447983,0.02391513773813369
147.5604608713754,0.1362932965999849,147.5604607952677,0.04280406393623139,147.5604607207806,0.02913770999018154,147.560460645853,0.02362096259123139
150.9975855539274,0.1341810479089444,150.9975854742776,0.04218001927227259,150.9975853977639,0.02874747050666022,150.997585321528,0.02332900730316275
154.5147711551947,0.1320861131083659,154.5147710719388,0.04156050413206853,154.514770993396,0.02836007508086937,154.5147709158709,0.02303928811812295
158.1138825335397,0.1300085852638752,158.113882446621,0.04094556358339235,158.1138823660498,0.02797555023069864,158.1138822872563,0.02275182198514782
161.7968279854561,0.1279485589794402,161.7968278948264,0.04033524415968965,161.7968278122297,0.0275939232128857,161.796827732191,0.02246662655311852
165.5655602573737,0.1259061304207513,165.5655601629923,0.0397295937490782,165.5655600783762,0.02721522197971103,165.5655599971184,0.02218372016714423
169.4220775810299,0.1238813973159485,169.4220774828642,0.03912866148140404,169.4220773962382,0.02683947513618392,169.4220773137888,0.02190312186644991
173.3684247329591,0.1218744589331127,173.3684246309847,0.03853249761366503,173.3684245423609,0.02646671189779709,173.3684244587495,0.02162485138391329
177.4066941186597,0.1198854160341147,177.4066940128603,0.03794115341410954,177.4066939222547,0.02609696204893001,177.4066938375115,0.02134892914741151
181.5390268820157,0.1179143708045761,181.539026772383,0.03735468104531249,181.5390266798142,0.025730255901988,181.5390265939711,0.02107537628315706
185.767614040559,0.1159614267598727,185.7676139270927,0.03677313344652507,185.7676138325831,0.02536662425736907,185.7676137456719,0.02080421462122253
190.0946976471762,0.1140266886272797,190.0946975298841,0.03619656421559001,190.0946974334593,0.02500609836435801,190.0946973455109,0.02053546670347661
194.5225719788749,0.1121102622045309,194.5225718577723,0.03562502749070787,194.5225717594604,0.02464870988305642,194.522571670505,0.02026915579417765
199.0535847532389,0.1102122541952298,199.0535846283492,0.0350585778323372,199.0535845281808,0.02429449084746292,199.0535844382468,0.02000530589349868
203.6901383732201,0.10833277202172,203.690138244573,0.03449727010550334,203.690138142582,0.0239434736298322,203.6901380516934,0.01974394175428532
208.4346912009227,0.1064719236161738,208.4346910685566,0.03394115936278739,208.4346909647776,0.02359569090644853,208.4346908729545,0.01948508890238216
213.2897588610615,0.1046298171908256,213.2897587250204,0.03339030072826331,213.2897586194897,0.02325117562496291,213.2897585267456,0.01922877366089602
218.2579155747777,0.1028065609884056,218.2579154351121,0.03284474928264413,218.2579153278658,0.02290996097345581,218.2579152342067,0.01897502317880435
223.3417955245243,0.1010022630139861,223.3417953812911,0.03230455994989811,223.3417952723651,0.02257208035140072,223.3417951777878,0.01872386546435921
228.544094250747,0.09921703074956841,228.5440941040084,0.03176978738558753,228.5440939934358,0.02223756734271977,228.544093897925,0.01847532942378093
233.8675700810928,0.09745097085287013,233.8675699309148,0.0312404858671841,233.8675698187258,0.02190645569113718,233.8675697222537,0.01822944490579115
239.3150455929129,0.09570418884187427,239.315045439366,0.03071670918660918,239.3150453255848,0.02157877927805608,239.3150452281071,0.01798624275258607
244.88940910983,0.09397678876680665,244.8894089529874,0.03019851054524754,244.8894088376311,0.02125457210320016,244.8894087390862,0.01774575485791608
250.5936162331662,0.09226887287129237,250.5936160731029,0.02968594245167701,250.5936159561787,0.02093386826828499,250.5936158564848,0.01750801423300504
256.4306914090416,0.09058054124452126,256.4306912458319,0.02917905662236169,256.4306911273343,0.02061670196400301,256.4306910263874,0.01727305508111763
262.4037295319749,0.08891189146631147,262.4037293656923,0.02867790388554899,262.4037292456002,0.0203031074606302,262.4037291432721,0.01704091288166868
268.5158975858382,0.08726301824701463,268.5158974165527,0.02818253408861547,268.5158972948256,0.01999311910259005,268.5158971909614,0.01681162448485929
274.7704363230335,0.08563401306424206,274.7704361508088,0.02769299600910366,274.7704360273835,0.01968677130733347,274.7704359218013,0.01658522821793008
281.170661982782,0.08402496379841309,281.1706618076734,0.02720933726969321,281.1706616824595,0.01938409856892807,281.1706615749489,0.01636176400423602
287.7199680494381,0.08243595436914274,287.719967871489,0.02673160425735341,287.7199677443647,0.01908513546677701,287.7199676346858,0.01614127349647486
294.4218270517605,0.08086706437447666,294.4218268709985,0.0262598420469191,294.421826741805,0.01878991667992794,294.4218266296906,0.01592380022554626
301.2797924040908,0.07931836873497013,301.2797922205246,0.02579409432934366,301.2797920890615,0.01849847700746605,301.2797919742185,0.01570938976667734
308.2975002904235,0.07778993734457228,308.2975001040363,0.02533440334487468,308.2974999700557,0.01821085139552974,308.2974998521688,0.01549808992463063
315.4786715923564,0.07628183473024193,315.4786714031018,0.02488080982140787,315.478671266303,0.01792707497153205,315.4786711450403,0.0152899509400108
322.8271138619519,0.07479411972215548,322.8271136697477,0.02443335291827403,322.8271135297714,0.01764718308621989,322.827113404792,0.01508502571891384
330.3467233405532,0.07332684513631092,330.3467231452731,0.02399207017571955,330.3467230016954,0.01737121136426049,330.3467228726615,0.01488337008841603
338.0414870246198,0.07188005747124307,338.0414868260867,0.02355699747034044,338.041486678415,0.01709919576410134,338.0414865450035,0.01468504308068745
345.9154847796877,0.07045379662048203,345.9154845776654,0.02312816897673932,345.9154844253318,0.0168311726479199,345.9154842872549,0.01449010724884075
353.9728915035687,0.06904809560228425,353.9728912977511,0.02270561713567323,353.9728911401101,0.01656717886255098,353.9728909971359,0.01429862901799231
362.2179793399345,0.06766298030805701,362.2179791299352,0.0222893726289687,362.2179789662608,0.01630725183236162,362.2179788182401,0.01411067907543417
370.6551199434657,0.0662984692707857,370.655119728806,0.02187946436148339,370.6551195582901,0.01605142966513343,370.65511940519,0.0139263328042897
379.2887867977583,0.06495457345464165,379.288786577856,0.02147591945039909,379.2887863996092,0.01579975127211449,379.2887862415504,0.01374567076557418
388.1235575872276,0.06363129606683107,388.1235573613811,0.02107876322213738,388.1235571744373,0.01555225650351074,388.123557011737,0.01356877923420647
397.1641166242528,0.06232863239260361,397.1641163916273,0.02068801921719571,397.164116194952,0.0153089863008155,397.1641160281738,0.01339575079524051
406.4152573328649,0.06104656965421247,406.4152570924755,0.02030370920320742,406.4152568849767,0.01506998286751148,406.4152567149832,0.01322668500741989
415.8818847902817,0.05978508689447395,415.8818845409763,0.0199258531965421,415.8818843215227,0.01483528985983552,415.8818841495363,0.01306168914212909
425.5690183276436,0.05854415488544247,425.5690180680855,0.01955446949276653,425.5690178355298,0.01460495259946914,425.5690176631913,0.01290087900694717
435.4817941913328,0.05732373606257427,435.4817939199797,0.01918957470630256,435.4817936731914,0.01437901831021321,435.4817935026222,0.01274437986433836
445.6254682662745,0.05612378448462495,445.6254679813593,0.01883118381963079,445.6254677192644,0.01415753638092143,445.625467553124,0.01259232745758063
456.0054188626789,0.05494424581938197,456.0054185621897,0.01847931024240149,456.0054182838239,0.01394055865721406,456.0054181253605,0.01244486915789041
466.6271495676928,0.05378505735521213,466.6271492493505,0.01813396588083743,466.6271489539204,0.01372813976476802,466.6271488070089,0.0123021652489155
477.4962921634724,0.05264614803827129,477.4962918247099,0.01779516121783056,477.4962915116704,0.01352033746729345,477.4962913808315,0.01216439036742186
488.6186096132301,0.05152743853510194,488.61860925117,0.0174629054041629,488.6186089203167,0.01331721306265933,488.6186088107047,0.01203173512219666
499.9999991168407,0.05042884132022445,499.9999987282764,0.0171372063613093,499.999998379851,0.01311883182103393,499.9999982972108,0.01190440791706283