waveVsWave(?x OS("/M0" "vgs") ?y OS("/M0" "gm")) (L=1.8e-07) X,waveVsWave(?x OS("/M0" "vgs") ?y OS("/M0" "gm")) (L=1.8e-07) Y,waveVsWave(?x OS("/M0" "vgs") ?y OS("/M0" "gm")) (L=3.6e-07) X,waveVsWave(?x OS("/M0" "vgs") ?y OS("/M0" "gm")) (L=3.6e-07) Y,waveVsWave(?x OS("/M0" "vgs") ?y OS("/M0" "gm")) (L=5.4e-07) X,waveVsWave(?x OS("/M0" "vgs") ?y OS("/M0" "gm")) (L=5.4e-07) Y,waveVsWave(?x OS("/M0" "vgs") ?y OS("/M0" "gm")) (L=7.2e-07) X,waveVsWave(?x OS("/M0" "vgs") ?y OS("/M0" "gm")) (L=7.2e-07) Y
0.1765237724192378,2.722535584383733e-08,0.1853711492864723,2.732742493434854e-08,0.1814457805779035,2.726476369802873e-08,0.1783727940818903,2.71874887362098e-08
0.1773238956104941,2.784934799003358e-08,0.1861969719811344,2.795893568976617e-08,0.1822766888702397,2.789313354200139e-08,0.1792068593847846,2.781255936549028e-08
0.1781339020300177,2.849545518500114e-08,0.1870239602967956,2.860576810181657e-08,0.1831094402600996,2.853720116715346e-08,0.1800435671120792,2.845379816264309e-08
0.1789440717651808,2.915652050277318e-08,0.1878511325028987,2.926751389979781e-08,0.1839424046477428,2.919607777610092e-08,0.1808805124780895,2.910974993495797e-08
0.1797544046872534,2.983288926613309e-08,0.188678489362923,2.994451528883542e-08,0.1847755832161347,2.987010188946628e-08,0.181717696955618,2.978075006265849e-08
0.1805649006367938,3.052491468826851e-08,0.1895060316607263,3.063712226879077e-08,0.1856089771675287,3.055961969663147e-08,0.1825551220341016,3.046714149305615e-08
0.1813755594811417,3.123295809965875e-08,0.1903337602062982,3.134569281495876e-08,0.1864425877330423,3.12649852354797e-08,0.1833927892337104,3.116927492083073e-08
0.1821863811140899,3.195738913345334e-08,0.191161675835593,3.207059305810803e-08,0.1872764161724546,3.198656056846981e-08,0.1842307001050896,3.188750896116895e-08
0.1829973654555748,3.269858591505215e-08,0.1919897794103755,3.281219746853975e-08,0.1881104637740119,3.272471596261337e-08,0.18506885622911,3.262221032673021e-08
0.1838085124513743,3.345693525597284e-08,0.1928180718180705,3.357088904424642e-08,0.1889447318542434,3.347983007344022e-08,0.1859072592166277,3.337375400852436e-08
0.1846198220728223,3.423283285210593e-08,0.1936465539716221,3.434705950326484e-08,0.1897792217577807,3.425229013303556e-08,0.1867459107082495,3.414252346078543e-08
0.1854312943165272,3.502668348644893e-08,0.1944752268093586,3.514110948031484e-08,0.1906139348571881,3.504249214224485e-08,0.1875848123741065,3.492891078993122e-08
0.186242929204109,3.583890123643076e-08,0.195304091294867,3.595344872781779e-08,0.1914488725527972,3.585084106713129e-08,0.1884239659136331,3.573331694769745e-08
0.187054726781941,3.66699096859147e-08,0.1961331484168703,3.678449632138852e-08,0.1922840362725487,3.667775103978276e-08,0.1892633730553536,3.655615192853934e-08
0.1878666871209045,3.752014214199672e-08,0.1969623991891153,3.763468086990441e-08,0.1931194274718409,3.752364556356374e-08,0.1901030355566716,3.739783497139241e-08
0.1886788103161546,3.839004185670097e-08,0.1977918446502645,3.850444073024556e-08,0.1939550476333831,3.838895772290724e-08,0.1909429552036688,3.825879476589394e-08
0.189491096486891,3.928006225367565e-08,0.1986214858637931,3.93942242268141e-08,0.1947908982670557,3.927413039774976e-08,0.1917831338109045,3.913946966315551e-08
0.1903035457761444,4.019066716001712e-08,0.1994513239178943,4.03044898759332e-08,0.195626980909773,4.017961648270622e-08,0.1926235732212218,4.004030789119428e-08
0.1911161583505659,4.112233104331398e-08,0.2002813599253887,4.123570661523699e-08,0.1964632971253534,4.110587911109466e-08,0.1934642753055576,4.096176777512222e-08
0.1919289344002312,4.20755392540505e-08,0.201111595023638,4.218835403815563e-08,0.1972998485043934,4.205339188391345e-08,0.1943052419627551,4.190431796219779e-08
0.1927418741384472,4.305078827346898e-08,0.2019420303744663,4.316292263361335e-08,0.1981366366641446,4.302263910387969e-08,0.195146475119382,4.286843765185183e-08
0.1935549778015711,4.404858596702425e-08,0.2027726671640833,4.415991403104756e-08,0.1989736632483959,4.401411601464149e-08,0.195987976729548,4.385461683079031e-08
0.1943682456488385,4.506945184355465e-08,0.2036035066030145,4.51798412508699e-08,0.1998109299273592,4.502832904527735e-08,0.1968297487747284,4.486335651329562e-08
0.1951816779621945,4.61139173202878e-08,0.2044345499260346,4.622322896048807e-08,0.2006484383975582,4.606579606019799e-08,0.1976717932635881,4.589516898683264e-08
0.195995275046137,4.71825259938181e-08,0.2052657983921068,4.729061373600941e-08,0.2014861903817195,4.712704661456915e-08,0.1985141122318074,4.695057806308337e-08
0.1968090372275648,4.82758339171892e-08,0.2060972532843223,4.838254432974656e-08,0.2023241876286685,4.821262221537892e-08,0.1993567077419091,4.803011933452604e-08
0.1976229648556348,4.939440988321209e-08,0.2069289159098494,4.949958194366385e-08,0.2031624319132259,4.932307658827144e-08,0.200199581883089,4.91343404366873e-08
0.1984370583016257,5.053883571416104e-08,0.2077607875998798,5.06423005088785e-08,0.2040009250361073,5.045897595027331e-08,0.201042736771044,5.026380131618733e-08
0.1992513179588056,5.170970655798445e-08,0.2085928697095852,5.181128697136703e-08,0.2048396688238251,5.162089928854551e-08,0.2018861745478028,5.141907450470962e-08
0.2000657442423119,5.290763119118306e-08,0.2094251636180705,5.300714158399448e-08,0.2056786651285915,5.280943864529074e-08,0.202729897381556,5.260074539902934e-08
0.2008803375890345,5.413323232849722e-08,0.2102576707283358,5.42304782050214e-08,0.2065179158282227,5.40251994089509e-08,0.2035739074664867,5.380941254723096e-08
0.2016950984575019,5.53871469395488e-08,0.2110903924672373,5.54819246032177e-08,0.2073574228260462,5.526880061183816e-08,0.2044182070225999,5.504568794125573e-08
0.2025100273277811,5.667002657260803e-08,0.211923330285453,5.67621227697361e-08,0.2081971880508068,5.654087523433509e-08,0.205262798295551,5.631019731591974e-08
0.2033251247013767,5.798253768562613e-08,0.2127564856574511,5.807172923689076e-08,0.2090372134565747,5.78420705158134e-08,0.2061076835564745,5.760358045454781e-08
0.2041403911011395,5.932536198470448e-08,0.2135898600814595,5.941141540398921e-08,0.2098775010226538,5.917304827241809e-08,0.2069528651018094,5.892649150136874e-08
0.2049558270711792,6.069919677016002e-08,0.2144234550794396,6.078186787037845e-08,0.2107180527534902,6.053448522186704e-08,0.2077983452531249,6.027959928082653e-08
0.2057714331767839,6.210475529036117e-08,0.2152572721970587,6.218378877585377e-08,0.2115588706785808,6.192707331542439e-08,0.208644126356942,6.16635876239602e-08
0.2065872100043424,6.354276710349404e-08,0.2160913130036692,6.361789614860482e-08,0.2123999568523811,6.335152007720217e-08,0.2094902107845544,6.307915570201028e-08
0.2074031581612753,6.501397844744803e-08,0.2169255790922848,6.508492426084822e-08,0.2132413133542133,6.480854895095579e-08,0.2103366009318456,6.452701836741816e-08
0.208219278275968,6.651915261799154e-08,0.2177600720795626,6.658562399233111e-08,0.214082942288174,6.629889965453895e-08,0.2111832992191047,6.60079065023796e-08
0.2090355709977105,6.805907035542231e-08,0.2185947936057821,6.812076320186062e-08,0.2149248457830395,6.782332854218393e-08,0.2120303080908363,6.752256737512501e-08
0.2098520369966414,6.96345302398801e-08,0.2194297453348297,6.969112710705395e-08,0.2157670259921709,6.938260897478588e-08,0.2128776300155691,6.907176500410062e-08
0.210668676963697,7.124634909551507e-08,0.2202649289541821,7.129751867247316e-08,0.2166094850934179,7.097753169836407e-08,0.2137252674856604,7.065628053022935e-08
0.2114854916105639,7.289536240370151e-08,0.221100346174891,7.294075900633672e-08,0.2174522252890207,7.260890523088685e-08,0.2145732230170951,7.227691259743116e-08
0.2123024816696372,7.458242472549943e-08,0.2219359987315684,7.462168776599388e-08,0.2182952488055095,7.427755625763959e-08,0.2154214991492813,7.393447774159306e-08
0.2131196478939824,7.630841013357122e-08,0.2227718883823729,7.634116357235368e-08,0.2191385578936023,7.598433003533162e-08,0.2162700984448413,7.562981078817902e-08
0.2139369910573027,7.80742126537559e-08,0.2236080169089979,7.810006443346693e-08,0.219982154828101,7.773009080513408e-08,0.2171190234893966,7.736376525867424e-08
0.2147545119539069,7.988074671651204e-08,0.2244443861166563,7.98992881774547e-08,0.2208260419077839,7.951572221484672e-08,0.2179682768913489,7.913721378606862e-08
0.2155722113986877,8.172894761846002e-08,0.2252809978340699,8.173975289500015e-08,0.2216702214552945,8.134212775039797e-08,0.2188178612816536,8.095104853957899e-08
0.2163900902270958,8.361977199422331e-08,0.2261178539134549,8.362239739159997e-08,0.2225146958170302,8.321023117689077e-08,0.2196677793135895,8.280618165882603e-08
0.2172081492951263,8.55541982988206e-08,0.2269549562305113,8.554818164980524e-08,0.2233594673630241,8.512097698939739e-08,0.2205180336625205,8.470354569768069e-08
0.2180263894793005,8.753322730081352e-08,0.2277923066844075,8.751808730165142e-08,0.2242045384868264,8.707533087373631e-08,0.2213686270256518,8.664409407799571e-08
0.2188448116766579,8.955788258647456e-08,0.2286299071977682,8.953311811152196e-08,0.225049911605379,8.907428017743599e-08,0.2222195621217787,8.862880155345816e-08
0.2196634168047487,9.162921107519448e-08,0.2294677597166596,9.159430046965851e-08,0.2258955891588887,9.111883439113286e-08,0.2230708416910287,9.065866468378614e-08
0.2204822058016295,9.374828354638498e-08,0.2303058662105748,9.370268389655919e-08,0.2267415736106939,9.321002564062408e-08,0.2239224684945957,9.273470231951058e-08
0.2213011796258631,9.591619517813228e-08,0.2311442286724181,9.585934155850653e-08,0.2275878674471285,9.534890918982068e-08,0.2247744453144672,9.485795609758788e-08
0.2221203392565222,9.813406609785194e-08,0.2319828491184872,9.806537079445999e-08,0.2284344731773801,9.75365639548458e-08,0.2256267749531428,9.702949094808813e-08
0.2229396856931944,1.004030419452107e-07,0.2328217295884558,1.003218936545742e-07,0.2292813933333429,9.977409302952586e-08,0.2264794602333448,9.925039561221901e-08
0.2237592199559913,1.027242944475888e-07,0.2336608721453538,1.02630057450593e-07,0.2301286304694664,1.020626242225382e-07,0.2273325039977194,1.015217831719413e-07
0.2245789430855618,1.050990220083509e-07,0.2345002788755463,1.049910353183828e-07,0.2309761871625968,1.044033106064687e-07,0.2281859091085312,1.038447915914539e-07
0.2253988561431055,1.075284503082075e-07,0.2353399518887096,1.07406026792867e-07,0.231824066011815,1.067973310790596e-07,0.2290396784473454,1.062205842708125e-07
0.2262189602103913,1.100138329199556e-07,0.2361798933178083,1.098762583956487e-07,0.2326722696382662,1.092458909369158e-07,0.2298938149147033,1.086503506119707e-07
0.227039256389777,1.125564519368923e-07,0.2370201053190662,1.124029842355819e-07,0.2335208006849849,1.117502224619542e-07,0.2307483214297867,1.111353065975317e-07
0.2278597458042338,1.151576186151956e-07,0.2378605900719389,1.149874866226001e-07,0.2343696618167123,1.143115855208858e-07,0.231603200930072,1.136766953825048e-07
0.2286804295973707,1.178186740305813e-07,0.238701349779081,1.176310766950695e-07,0.2352188557197075,1.169312681780287e-07,0.2324584563709753,1.162757878993695e-07
0.229501308933463,1.205409897495477e-07,0.2395423866663127,1.203350950609927e-07,0.2360683851015517,1.196105873217535e-07,0.2333140907254858,1.189338834767643e-07
0.2303223849974828,1.233259685155257e-07,0.2403837029825825,1.231009124533447e-07,0.2369182526909443,1.223508893048671e-07,0.2341701069837884,1.21652310472109e-07
0.2311436589951321,1.261750449502608e-07,0.2412253009999273,1.259299303998733e-07,0.2377684612374926,1.251535505992678e-07,0.235026508152876,1.244324269184975e-07
0.231965132152878,1.290896862707604e-07,0.2420671830134294,1.288235819076698e-07,0.2386190135114929,1.280199784651805e-07,0.2358832972561491,1.272756211861894e-07
0.2327868057179889,1.320713930221386e-07,0.2429093513411702,1.317833321628487e-07,0.2394699123037036,1.309516116353175e-07,0.2367404773330056,1.301833126590503e-07
0.2336086809585758,1.351216998267239e-07,0.2437518083241809,1.348106792456671e-07,0.24032116042511,1.339499210143031e-07,0.2375980514384158,1.331569524262821e-07
0.2344307591636319,1.382421761497566e-07,0.2445945563263879,1.3790715486142e-07,0.241172760706681,1.370164103937162e-07,0.2384560226424887,1.36198023989821e-07
0.2352530416430772,1.414344270820678e-07,0.2454375977345568,1.410743250874792e-07,0.2420247159991161,1.401526171831028e-07,0.2393143940300226,1.393080439877552e-07
0.2360755297278031,1.447000941400841e-07,0.2462809349582303,1.443137911368147e-07,0.2428770291725844,1.433601131573394e-07,0.2401731687000453,1.424885629341568e-07
0.2368982247697204,1.480408560835545e-07,0.247124570429663,1.476271901383818e-07,0.2437297031164524,1.466405052207039e-07,0.24103234976534,1.457411659757086e-07
0.2377211281418069,1.514584297513718e-07,0.2479685066037508,1.510161959347401e-07,0.244582740739005,1.499954361880722e-07,0.2418919403519586,1.490674736655283e-07
0.2385442412381593,1.549545709158942e-07,0.2488127459579577,1.544825198972976e-07,0.2454361449671532,1.534265855835967e-07,0.2427519435987214,1.524691427545974e-07
0.2393675654740441,1.585310751561584e-07,0.2496572909922349,1.58027911759559e-07,0.2462899187461346,1.569356704573145e-07,0.243612362656703,1.559478670012153e-07
0.240191102285952,1.621897787504039e-07,0.2505021442289374,1.616541604688018e-07,0.247144065039202,1.605244462200664e-07,0.2444732006887048,1.595053779989109e-07
0.2410148531316533,1.659325595883279e-07,0.251347308212734,1.653630950565711e-07,0.2479985868273016,1.641947074971762e-07,0.2453344608687124,1.631434460232466e-07
0.2418388194902537,1.697613381034926e-07,0.2521927855105128,1.691565855284316e-07,0.2488534871087402,1.679482890013162e-07,0.2461961463813402,1.668638808979748e-07
0.2426630028622523,1.736780782263299e-07,0.2530385787112799,1.730365437733982e-07,0.2497087688988415,1.717870664250099e-07,0.24705826042126,1.70668532881001e-07
0.2434874047696016,1.77684788358193e-07,0.2538846904260542,1.770049244934959e-07,0.2505644352295911,1.75712957353237e-07,0.2479208061926158,1.745592935706407e-07
0.2443120267557666,1.817835223669037e-07,0.2547311232877539,1.810637261538898e-07,0.2514204891492691,1.797279221965963e-07,0.2487837869084234,1.785380968326453e-07
0.2451368703857872,1.859763806042663e-07,0.2555778799510787,1.852149919540626e-07,0.2522769337220716,1.838339651455308e-07,0.2496472057899555,1.826069197485024e-07
0.2459619372463394,1.902655109460346e-07,0.2564249630923843,1.894608108205016e-07,0.2531337720277195,1.880331351460893e-07,0.2505110660661106,1.867677835855253e-07
0.2467872289458007,1.946531098548037e-07,0.2572723754095513,1.938033184213924e-07,0.2539910071610553,1.923275268977439e-07,0.2513753709727681,1.910227547892508e-07
0.2476127471143125,1.991414234663328e-07,0.2581201196218459,1.982446982038019e-07,0.2548486422316269,1.967192818737805e-07,0.252240123752126,1.953739459986808e-07
0.2484384934038456,2.037327486998053e-07,0.2589681984697751,2.02787182453877e-07,0.2557066803632585,2.012105893647953e-07,0.2531053276520254,1.998235170849361e-07
0.2492644694882678,2.084294343925599e-07,0.2598166147149338,2.074330533805681e-07,0.2565651246936089,2.058036875458414e-07,0.2539709859252571,2.043736762138592e-07
0.2500906770634083,2.132338824597873e-07,0.260665371139844,2.121846442234111e-07,0.257423978373716,2.105008645677919e-07,0.2548371018288547,2.090266809331781e-07
0.2509171178471257,2.181485490797789e-07,0.261514470547787,2.170443403849268e-07,0.2582832445675279,2.153044596734856e-07,0.2557036786233697,2.13784839284791e-07
0.251743793579376,2.231759459052487e-07,0.262363915762627,2.220145805881809e-07,0.2591429264514202,2.202168643392539e-07,0.2565707195721327,2.186505109428115e-07
0.252570706022281,2.28318641301313e-07,0.2632137096286281,2.270978580600976e-07,0.2600030272136992,2.252405234424195e-07,0.2574382279404979,2.236261083779693e-07
0.2533978569601957,2.335792616106888e-07,0.2640638550102599,2.32296721741087e-07,0.2608635500540915,2.303779364554059e-07,0.2583062069950719,2.287140980490312e-07
0.2542252481997785,2.38960492446724e-07,0.2649143547919978,2.376137775216268e-07,0.2617244981832185,2.356316586670678e-07,0.2591746600029269,2.339170016218681e-07
0.2550528815700593,2.444650800148318e-07,0.265765211878112,2.430516895063702e-07,0.2625858748220567,2.410043024319138e-07,0.260043590230798,2.392373972168629e-07
0.2558807589225096,2.500958324629856e-07,0.2666164291924492,2.48613181306454e-07,0.2634476832013836,2.464985384478763e-07,0.260913000944265,2.446779206853286e-07
0.2567088821311109,2.558556212618587e-07,0.2674680096782034,2.543010373606156e-07,0.2643099265612081,2.521170970633194e-07,0.2617828954069188,2.502412669156474e-07
0.2575372530924248,2.617473826152881e-07,0.2683199562976782,2.601181042858166e-07,0.2651726081501862,2.578627696139744e-07,0.2626532768795122,2.559301911698416e-07
0.2583658737256622,2.67774118901705e-07,0.2691722720320396,2.66067292258024e-07,0.2660357312250218,2.637384097905405e-07,0.2635241486190954,2.617475104513207e-07
0.2591947459727516,2.739389001471938e-07,0.2700249598810575,2.721515764238623e-07,0.266899299049852,2.697469350376645e-07,0.2643955138781365,2.676961049045474e-07
0.2600238717984087,2.802448655308836e-07,0.2708780228628382,2.783739983438385e-07,0.2677633148956162,2.758913279850727e-07,0.2652673759036278,2.737789192474087e-07
0.2608532531902051,2.866952249233666e-07,0.2717314640135463,2.847376674678834e-07,0.2686277820394113,2.821746379116149e-07,0.2661397379361765,2.79998964237056e-07
0.2616828921586351,2.93293260458843e-07,0.2725852863871152,2.912457626439387e-07,0.2694927037638301,2.885999822430296e-07,0.2670126032090821,2.863593181700482e-07
0.2625127907371845,3.000423281417514e-07,0.2734394930549476,2.979015336603827e-07,0.2703580833562842,2.951705480842169e-07,0.2678859749473989,2.928631284175955e-07
0.2633429509823977,3.069458594886127e-07,0.2742940871056045,3.047083028230509e-07,0.2712239241083114,3.018895937868787e-07,0.2687598563669865,2.995136129967728e-07
0.2641733749739428,3.140073632058491e-07,0.2751490716444829,3.116694665676838e-07,0.2720902293148679,3.087604505533668e-07,0.269634250673545,3.063140621785363e-07
0.2650040648146784,3.21230426904375e-07,0.2760044497934815,3.187884971086096e-07,0.2729570022736032,3.15786524077604e-07,0.27050916106164,3.13267840133449e-07
0.2658350226307176,3.286187188517354e-07,0.2768602246906559,3.260689441245189e-07,0.2738242462841211,3.22971296223993e-07,0.2713845907137128,3.203783866159934e-07
0.2666662505714921,3.361759897626261e-07,0.2777163994898603,3.335144364821859e-07,0.2746919646472235,3.303183267452077e-07,0.2722605427990817,3.276492186884095e-07
0.2674977508098146,3.439060746286129e-07,0.278572977360378,3.411286839990456e-07,0.2755601606641394,3.378312550398294e-07,0.2731370204729299,3.350839324849769e-07
0.2683295255419412,3.518128945879053e-07,0.2794299614865394,3.489154792455148e-07,0.276428837635738,3.455138019507637e-07,0.2740140268752844,3.426862050177081e-07
0.2691615769876307,3.599004588360546e-07,0.2802873550673269,3.568786993880031e-07,0.2772979988617261,3.533697716054415e-07,0.2748915651299849,3.504597960244316e-07
0.2699939073902043,3.681728665784618e-07,0.2811451613159677,3.650223080735692e-07,0.2781676476398311,3.614030532988121e-07,0.2757696383436437,3.584085498602539e-07
0.2708265190166034,3.766343090256035e-07,0.282003383459513,3.733503573572063e-07,0.2790377872649669,3.696176234201363e-07,0.2766482496045971,3.665363974334158e-07
0.2716594141574452,3.85289071431905e-07,0.2828620247384045,3.818669896727479e-07,0.2799084210283871,3.780175474246667e-07,0.2775274019818503,3.748473581865925e-07
0.2724925951270779,3.94141535179201e-07,0.2837210884060274,3.905764398484427e-07,0.2807795522168216,3.866069818512758e-07,0.2784070985240157,3.833455421246643e-07
0.2733260642636327,4.031961799057597e-07,0.2845805777282492,3.994830371682405e-07,0.2816511841115996,3.953901763871371e-07,0.2792873422582451,3.920351518900585e-07
0.2741598239290753,4.124575856818495e-07,0.2854404959829466,4.085912074798799e-07,0.2825233199877579,4.043714759805988e-07,0.2801681361891587,4.009204848867516e-07
0.2749938765092553,4.219304352328843e-07,0.2863008464595164,4.179054753508786e-07,0.2833959631131355,4.135553230033957e-07,0.2810494832977704,4.100059354540178e-07
0.2758282244139522,4.316195162111385e-07,0.287161632458374,4.274304662735722e-07,0.2842691167474546,4.229462594633888e-07,0.2819313865404109,4.192959970910972e-07
0.2766628700769214,4.415297235171338e-07,0.2880228572904369,4.371709089203524e-07,0.2851427841413882,4.325489292690309e-07,0.2828138488476504,4.287952647338959e-07
0.2774978159559362,4.516660616717407e-07,0.2888845242765944,4.471316374503174e-07,0.2860169685356156,4.423680805468048e-07,0.2836968731232218,4.38508437084911e-07
0.278333064532828,4.620336472401231e-07,0.2897466367471627,4.5731759386854e-07,0.2868916731598645,4.524085680128775e-07,0.2845804622429459,4.484403189975557e-07
0.2791686183135249,4.72637711308642e-07,0.2906091980413257,4.677338304392127e-07,0.2877669012319427,4.626753554002794e-07,0.2854646190536593,4.585958239160832e-07
0.2800044798280859,4.834836020158668e-07,0.2914722115065609,4.783855121539584e-07,0.2886426559567576,4.731735179428974e-07,0.286349346372149,4.689799763723474e-07
0.2808406516307345,4.945767871388973e-07,0.2923356804980509,4.892779192566144e-07,0.2895189405253262,4.839082449176493e-07,0.287234646984092,4.795979145406287e-07
0.2816771362998872,5.059228567361519e-07,0.2931996083780805,5.004164498258471e-07,0.2903957581137739,4.948848422461874e-07,0.2881205236430036,4.904548928517655e-07
0.2825139364381822,5.175275258479327e-07,0.2940639985154185,5.11806622416967e-07,0.2912731118823256,5.061087351575396e-07,0.2890069790691968,5.015562846678837e-07
0.2833510546725005,5.293966372559162e-07,0.2949288542846848,5.23454078764361e-07,0.2921510049742877,5.175854709131107e-07,0.2898940159487524,5.129075850189926e-07
0.2841884936539894,5.415361643029879e-07,0.2957941790657029,5.353645865460034e-07,0.2930294405150224,5.293207215954843e-07,0.2907816369325036,5.245144134027411e-07
0.2850262560580774,5.5395221377461e-07,0.2966599762428376,5.475440422115076e-07,0.2939084216109165,5.413202869625298e-07,0.2916698446350378,5.363825166486688e-07
0.2858643445844897,5.666510288431679e-07,0.2975262492043177,5.599984738752585e-07,0.294787951348343,5.535900973682755e-07,0.2925586416337136,5.485177718482268e-07
0.2867027619572576,5.796389920765969e-07,0.2983930013415445,5.727340442761627e-07,0.2956680327926193,5.661362167521353e-07,0.2934480304677019,5.609261893519527e-07
0.2875415109247256,5.929226285127534e-07,0.2992602360483845,5.857570538056261e-07,0.2965486689869616,5.789648456980061e-07,0.2943380136370466,5.736139158351047e-07
0.2883805942595545,6.065086088009288e-07,0.3001279567204493,5.990739436053725e-07,0.2974298629514365,5.920823245648407e-07,0.2952285936017526,5.865872374331188e-07
0.2892200147587199,6.204037524119972e-07,0.3009961667543593,6.126912987367881e-07,0.2983116176819118,6.054951366903083e-07,0.2961197727808997,5.998525829482473e-07
0.2900597752435078,6.346150309186897e-07,0.3018648695469941,6.266158514234837e-07,0.2991939361490077,6.192099116691786e-07,0.2970115535517885,6.134165271287301e-07
0.2908998785595047,6.491495713475412e-07,0.3027340684947287,6.40854484368835e-07,0.3000768212970484,6.332334287080878e-07,0.2979039382491175,6.272857940218827e-07
0.2917403275765841,6.640146596040694e-07,0.3036037669926552,6.554142341502735e-07,0.3009602760430182,6.475726200583937e-07,0.2987969291641973,6.414672604024477e-07
0.2925811251888897,6.792177439728281e-07,0.3044739684337918,6.703022946921856e-07,0.3018443032755202,6.622345745288022e-07,0.2996905285442022,6.559679592775908e-07
0.2934222743148113,6.947664386939189e-07,0.3053446762082766,6.855260208192285e-07,0.3027289058537431,6.772265410795393e-07,0.3005847385914646,6.707950834699138e-07
0.2942637778969587,7.10668527617705e-07,0.3062158937025509,7.01092931892065e-07,0.3036140866064335,6.925559324997919e-07,0.3014795614628129,6.859559892798327e-07
0.2951056389021292,7.269319679394083e-07,0.3070876242985272,7.170107155273831e-07,0.3044998483308796,7.082303291702187e-07,0.3023749992689573,7.014582002286782e-07
0.2959478603212702,7.43564894015362e-07,0.3079598713727456,7.332872314042417e-07,0.3053861937919046,7.242574829123333e-07,0.303271054073928,7.173094108839001e-07
0.2967904451694386,7.605756212627263e-07,0.3088326382955189,7.499305151587836e-07,0.3062731257208746,7.406453209265588e-07,0.3041677278945653,7.33517490767664e-07
0.2976333964857514,7.779726501444756e-07,0.3097059284300651,7.669487823693916e-07,0.3071606468147202,7.574019498208157e-07,0.30506502270007,7.500904883502067e-07
0.2984767173333344,7.957646702415944e-07,0.3105797451316292,7.843504326343904e-07,0.308048759734977,7.745356597314944e-07,0.3059629404116131,7.670366351292441e-07
0.2993204107992637,8.139605644143421e-07,0.3114540917465942,8.021440537445323e-07,0.3089374671068444,7.920549285386682e-07,0.3068614829020116,7.843643497967285e-07
0.3001644799945017,8.325694130546066e-07,0.3123289716115825,8.203384259524055e-07,0.3098267715182662,8.099684261774368e-07,0.3077606519954724,8.020822424942237e-07
0.3010089280538275,8.516004984313526e-07,0.3132043880525476,8.389425263410808e-07,0.3107166755190361,8.282850190473164e-07,0.3086604494674086,8.201991191581455e-07
0.3018537581357614,8.710633091311761e-07,0.314080344383857,8.579655332942943e-07,0.3116071816199287,8.470137745215481e-07,0.3095608770443315,8.387239859560875e-07
0.3026989734224833,8.909675445961639e-07,0.314956843907367,8.774168310704914e-07,0.3124982922918603,8.661639655582702e-07,0.3104619364038235,8.576660538154259e-07
0.3035445771197453,9.113231197611345e-07,0.3158338899114909,8.973060144831656e-07,0.3133900099650808,8.85745075415437e-07,0.3113636291745944,8.77034743045355e-07
0.3043905724567773,9.321401697924859e-07,0.3167114856702599,9.176428936899071e-07,0.3142823370284003,9.057668024714577e-07,0.3122659569366257,8.968396880534573e-07
0.3052369626861866,9.534290549309455e-07,0.3175896344423795,9.384374990926884e-07,0.3151752758284534,9.26239065153429e-07,0.3131689212214076,9.170907421579093e-07
0.3060837510838512,9.752003654404844e-07,0.3184683394702799,9.597000863518443e-07,0.3160688286690027,9.47172006974916e-07,0.3140725235122718,9.377979824963443e-07
0.3069309409488058,9.974649266657698e-07,0.3193476039791642,9.814411415164122e-07,0.316962997810286,9.685760016851747e-07,0.3149767652448244,9.589717150323288e-07
0.3077785356031214,1.020233804200586e-06,0.3202274311760535,1.003671386273387e-06,0.3178577854684101,9.904616585317562e-07,0.315881647807485,9.806224796604383e-07
0.3086265383917782,1.043518309169689e-06,0.3211078242488303,1.026401783318598e-06,0.318753193814793,1.012839827638346e-06,0.3167871725421331,1.002761055410737e-06
0.3094749526825307,1.067330003626618e-06,0.3219887863652819,1.04964354185187e-06,0.3196492249756596,1.035721605499777e-06,0.3176933407448689,1.025398465753526e-06
0.3103237818657663,1.091680706070048e-06,0.3228703206721455,1.073408123199274e-06,0.3205458810315934,1.059118340596033e-06,0.3186001536668914,1.048545984005078e-06
0.3111730293543568,1.116582497081341e-06,0.3237524302941543,1.0977072465652e-06,0.3214431640171476,1.083041639127131e-06,0.3195076125154981,1.072215138835047e-06
0.3120226985835011,1.142047725085999e-06,0.3246351183330887,1.122552894917124e-06,0.3223410759205193,1.107503370870666e-06,0.3204157184552117,1.096417719876121e-06
0.3128727930105629,1.168089012241798e-06,0.3255183878668316,1.147957321005917e-06,0.32323961868329,1.132515675163812e-06,0.3213244726090373,1.121165783436513e-06
0.3137233161148982,1.194719260456394e-06,0.3264022419484318,1.17393305352462e-06,0.3241387942002371,1.15809096701158e-06,0.3222338760598542,1.146471658315623e-06
0.314574271397677,1.221951657537389e-06,0.3272866836051741,1.200492903408579e-06,0.3250386043192193,1.184241943323008e-06,0.323143929851947,1.172347951723323e-06
0.3154256623816961,1.249799683477696e-06,0.3281717158376612,1.227649970280009e-06,0.3259390508411398,1.210981589276949e-06,0.3240546349926809,1.198807555303047e-06
0.3162774926111845,1.278277116879358e-06,0.3290573416189069,1.255417649039907e-06,0.3268401355199916,1.238323184819133e-06,0.3249659924543244,1.225863651258881e-06
0.3171297656516015,1.307398041518873e-06,0.3299435638934414,1.283809636610358e-06,0.3277418600629889,1.266280311292039e-06,0.3258780031760238,1.253529718586699e-06
0.3179824850894251,1.337176853057162e-06,0.3308303855764353,1.312839938830408e-06,0.3286442261307882,1.294866858199131e-06,0.3267906680659343,1.281819539409294e-06
0.318835654531934,1.367628265897483e-06,0.3317178095528393,1.342522877508442e-06,0.3295472353378036,1.324097030104857e-06,0.3277039880035107,1.310747205415311e-06
0.3196892776069808,1.398767320194615e-06,0.3326058386765434,1.372873097634309e-06,0.33045088925262,1.353985353671863e-06,0.3286179638419632,1.340327124401767e-06
0.3205433579627571,1.430609389018633e-06,0.3334944757695597,1.403905574754266e-06,0.3313551893985094,1.384546684836689e-06,0.3295325964108798,1.370574026919678e-06
0.3213978992675497,1.463170185676851e-06,0.3343837236212283,1.435635622511914e-06,0.3322601372540532,1.415796216125197e-06,0.330447886519022,1.401502973022294e-06
0.32225290520949,1.496465771197404e-06,0.3352735849874502,1.468078900358299e-06,0.3331657342538759,1.447749484108879e-06,0.3313638349572944,1.433129359115291e-06
0.3231083794962937,1.530512561978128e-06,0.3361640625899494,1.501251421434338e-06,0.3340719817894937,1.48042237700309e-06,0.3322804425018945,1.465468924908091e-06
0.3239643258549932,1.56532733760448e-06,0.3370551591155663,1.535169560628773e-06,0.334978881210283,1.513831142408163e-06,0.3331977099176441,1.498537760465397e-06
0.324820748031661,1.600927248840232e-06,0.3379468772155863,1.569850062814834e-06,0.3358864338245724,1.547992395194274e-06,0.3341156379615059,1.532352313357818e-06
0.3256776497911251,1.637329825794897e-06,0.338839219505104,1.605310051268796e-06,0.3367946409008633,1.582923125530748e-06,0.3350342273862894,1.566929395910416e-06
0.3265350349166764,1.67455298627179e-06,0.3397321885624288,1.64156703627359e-06,0.3377035036691828,1.618640707060513e-06,0.3359534789445474,1.602286192547685e-06
0.3273929072097677,1.712615044300827e-06,0.3406257869285322,1.678638923910675e-06,0.338613023322574,1.655162905220097e-06,0.3368733933926666,1.638440267233508e-06
0.3282512704897038,1.751534718860162e-06,0.341520017106541,1.716544025043269e-06,0.3395232010187261,1.692507885705582e-06,0.3377939714951547,1.675409571004313e-06
0.3291101285933253,1.791331142790971e-06,0.3424148815612801,1.755301064494138e-06,0.3404340378817517,1.730694223084788e-06,0.3387152140291262,1.71321244959363e-06
0.3299694853746821,1.832023871909606e-06,0.3433103827188661,1.794929190420942e-06,0.3413455350041124,1.769740909555648e-06,0.3396371217889886,1.751867651145894e-06
0.3308293447047008,1.873632894321686e-06,0.3442065229663571,1.835447983892291e-06,0.3422576934486984,1.809667363850815e-06,0.3405596955913306,1.79139433401735e-06
0.3316897104708434,1.916178639942477e-06,0.3451033046514606,1.876877468667509e-06,0.3431705142510666,1.850493440288212e-06,0.3414829362800149,1.831812074661699e-06
0.3325505865767585,1.959681990228301e-06,0.3460007300823036,1.919238121183053e-06,0.3440839984218399,1.892239437967143e-06,0.342406844731475,1.873140875597804e-06
0.3334119769419248,2.004164288123686e-06,0.3468988015272685,1.962550880748555e-06,0.3449981469492717,1.934926110109352e-06,0.3433314218602188,1.915401173456803e-06
0.3342738855012878,2.049647348228947e-06,0.3477975212148973,2.006837159955312e-06,0.3459129608019819,1.978574673544383e-06,0.3442566686245375,1.958613847105622e-06
0.3351363162048887,2.096153467193291e-06,0.3486968913338691,2.052118855300034e-06,0.3468284409318641,2.023206818338141e-06,0.3451825860324231,2.002800225843837e-06
0.3359992730174864,2.143705434338292e-06,0.3495969140330545,2.09841835802656e-06,0.3477445882771708,2.068844717563683e-06,0.346109175147691,2.047982097670506e-06
0.3368627599181737,2.19232654251698e-06,0.3504975914216494,2.145758565188157e-06,0.3486614037657786,2.115511037212779e-06,0.3470364370963101,2.094181717617506e-06
0.3377267808999851,2.242040599213677e-06,0.3513989255693933,2.194162890932964e-06,0.3495788883186374,2.163228946246798e-06,0.347964373072939,2.141421816145692e-06
0.3385913399695012,2.292871937890012e-06,0.3523009185068757,2.243655278014955e-06,0.3504970428534049,2.212022126785029e-06,0.3488929843476669,2.189725607599984e-06
0.3394564411464445,2.344845429582394e-06,0.3532035722259348,2.294260209532844e-06,0.3514158682882732,2.261914784428653e-06,0.3498222722729575,2.239116798719329e-06
0.3403220884632712,2.397986494756648e-06,0.3541068886801515,2.346002720898953e-06,0.3523353655459852,2.312931658717987e-06,0.3507522382907971,2.28961959719726e-06
0.3411882859647578,2.45232111542534e-06,0.3550108697854444,2.398908412040316e-06,0.3532555355580477,2.365098033720624e-06,0.3516828839400403,2.341258720288623e-06
0.3420550377075827,2.507875847533626e-06,0.3559155174207687,2.453003459833755e-06,0.3541763792691419,2.418439748747867e-06,0.3526142108639554,2.39405940345777e-06
0.3429223477599032,2.564677833619398e-06,0.3568208334289228,2.50831463077678e-06,0.3550978976417317,2.472983209196417e-06,0.3535462208179636,2.448047409063494e-06
0.3437902202009294,2.62275481575381e-06,0.357726819617469,2.564869293895951e-06,0.3560200916608753,2.528755397512267e-06,0.3544789156775718,2.503249035075602e-06
0.3446586591204938,2.682135148768141e-06,0.3586334777597698,2.622695433894023e-06,0.3569429623392389,2.58578388427329e-06,0.3554122974464929,2.559691123817886e-06
0.3455276686186192,2.742847813773316e-06,0.3595408095961449,2.68182166453721e-06,0.3578665107223146,2.644096839386942e-06,0.3563463682649514,2.617401070732237e-06
0.3463972528050832,2.804922431978206e-06,0.3604488168351552,2.742277242283606e-06,0.3587907378938439,2.703723043399046e-06,0.3572811304181708,2.676406833158163e-06
0.3472674157989818,2.868389278813307e-06,0.3613575011550137,2.804092080153501e-06,0.3597156449814481,2.764691898909579e-06,0.3582165863450366,2.736736939122089e-06
0.3481381617282924,2.93327929836613e-06,0.3622668642051324,2.86729676184236e-06,0.360641233162465,2.827033442090855e-06,0.3591527386469319,2.798420496130407e-06
0.349009494729435,2.999624118135049e-06,0.3631769076078053,2.931922556076701e-06,0.3615675036699926,2.890778354303485e-06,0.3600895900967395,2.861487199960185e-06
0.3498814189468352,3.067456064108211e-06,0.3640876329600342,2.998001431213176e-06,0.3624944577991399,2.955957973805075e-06,0.3610271436480059,2.925967343441335e-06
0.3507539385324883,3.136808176174445e-06,0.3649990418355001,3.06556607008048e-06,0.3634220969134851,3.022604307546316e-06,0.3619654024442604,2.99189182522365e-06
0.3516270576455242,3.20771422387294e-06,0.3659111357866855,3.134649885064041e-06,0.3643504224517384,3.090750043048971e-06,0.3629043698284852,3.059292158522188e-06
0.352500780451777,3.280208722488913e-06,0.3668239163471501,3.205287033432543e-06,0.3652794359346108,3.160428560359911e-06,0.3638440493527279,3.128200479834194e-06
0.3533751111233568,3.354326949502193e-06,0.3677373850339644,3.277512432905408e-06,0.3662091389718857,3.231673944075037e-06,0.3647844447878522,3.198649557620632e-06
0.3542500538382273,3.430104961396065e-06,0.3686515433503065,3.351361777460044e-06,0.367139533269693,3.304520995426763e-06,0.3657255601334184,3.270672800945211e-06
0.355125612779788,3.507579610833513e-06,0.3695663927882228,3.426871553377128e-06,0.3680706206379824,3.379005244428286e-06,0.3666673996276876,3.344304268063686e-06
0.3560017921364648,3.586788564208543e-06,0.3704819348315602,3.504079055522215e-06,0.3690024029981943,3.455162962067795e-06,0.3676099677577418,3.419578674956052e-06
0.3568785961013072,3.667770319579712e-06,0.3713981709590689,3.583022403861075e-06,0.3699348823911248,3.533031172545279e-06,0.3685532692697131,3.49653140379405e-06
0.3577560288715953,3.750564224993631e-06,0.3723151026476835,3.663740560206612e-06,0.3708680609849837,3.612647665544574e-06,0.3694973091791141,3.575198511336432e-06
0.3586340946484569,3.835210497206097e-06,0.373232731375983,3.746273345193941e-06,0.3718019410836388,3.69405100853265e-06,0.3704420927812617,3.655616737244033e-06
0.3595127976364959,3.921750240808301e-06,0.3741510586278329,3.830661455480447e-06,0.3727365251350458,3.777280559078346e-06,0.3713876256617864,3.737823512306877e-06
0.3603921420434343,4.010225467766187e-06,0.3750700858962142,3.916946481167209e-06,0.373671815739858,3.862376477182038e-06,0.3723339137072196,3.821856966575115e-06
0.3612721320797684,4.100679117380576e-06,0.3759898146872404,4.005170923437419e-06,0.3746078156602116,3.949379737607713e-06,0.3732809631156506,3.907755937385825e-06
0.3621527719584403,4.193155076675938e-06,0.3769102465243657,4.095378212407312e-06,0.375544527828683,4.038332142208691e-06,0.3742287804074444,3.995559977277087e-06
0.3630340658945269,4.287698201225829e-06,0.3778313829527867,4.187612725184698e-06,0.3764819553574106,4.129276332237744e-06,0.3751773724360131,4.085309361781219e-06
0.3639160181049487,4.384354336422833e-06,0.3787532255440402,4.281919804129586e-06,0.3774201015473787,4.22225580063239e-06,0.3761267463986331,4.177045097088557e-06
0.364798632808198,4.483170339200977e-06,0.3796757759007983,4.378345775311113e-06,0.3783589698978557,4.317314904265701e-06,0.3770769098472989,4.270808927573035e-06
0.36568191422409,4.584194100218748e-06,0.3805990356618638,4.476937967154421e-06,0.3792985641159808,4.414498876152803e-06,0.3780278706996048,4.366643343171087e-06
0.3665658665735378,4.687474566510529e-06,0.3815230065073661,4.577744729270818e-06,0.3802388881264946,4.513853837602989e-06,0.3789796372496492,4.464591586604744e-06
0.3674504940783537,4.793061764614599e-06,0.3824476901641598,4.680815451463864e-06,0.3811799460816049,4.615426810307053e-06,0.379932218178951,4.564697660440356e-06
0.3683358009610777,4.90100682418551e-06,0.3833730884114261,4.786200582903783e-06,0.3821217423709827,4.719265728349555e-06,0.3808856225673701,4.667006333973506e-06
0.3692217914448366,5.011362002099096e-06,0.3842992030864792,4.893951651461966e-06,0.3830642816318808,4.825419450134889e-06,0.3818398599040275,4.771563149931444e-06
0.3701084697532342,5.124180707057573e-06,0.3852260360907767,5.004121283197049e-06,0.3840075687593676,4.933937770216486e-06,0.3827949400982129,4.878414430983377e-06
0.3709958401102763,5.23951752470312e-06,0.3861535893961345,5.116763221983094e-06,0.384951608916669,5.044871431017896e-06,0.3837508734902771,4.987607286049686e-06
0.3718839067403313,5.357428243247344e-06,0.3870818650511472,5.231932349270606e-06,0.3858964075456117,5.15827213443422e-06,0.3847076708624985,5.099189616400449e-06
0.3727726738681298,5.477969879624486e-06,0.3880108651878119,5.349684703969943e-06,0.3868419703771583,5.274192553302517e-06,0.3856653434499185,5.213210121533803e-06
0.3736621457188046,5.601200706176069e-06,0.3889405920283553,5.470077502446689e-06,0.3877883034420285,5.392686342729235e-06,0.3866239029511402,5.329718304824672e-06
0.3745523265179739,5.7271802778743e-06,0.3898710478922647,5.593169158617612e-06,0.388735413081398,5.513808151262879e-06,0.3875833615390818,5.448764478933975e-06
0.3754432204918713,5.855969460091873e-06,0.3908022352035176,5.719019304135729e-06,0.3896833059576657,5.637613631899547e-06,0.3885437318716805,5.570399770968752e-06
0.3763348318675222,5.987630456925076e-06,0.3917341564980131,5.84768880865227e-06,0.3906319890652835,5.764159452909279e-06,0.3895050271025416,5.694676127383189e-06
0.3772271648729725,6.122226840077539e-06,0.3926668144311991,5.979239800142808e-06,0.3915814697416389,5.893503308470446e-06,0.3904672608915258,5.821646318610523e-06
0.3781202237375705,6.259823578311297e-06,0.3936002117858952,6.113735685284407e-06,0.3925317556779838,6.025703929099756e-06,0.3914304474152718,5.951363943415939e-06
0.3790140126923052,6.400487067471942e-06,0.3945343514803075,6.251241169870145e-06,0.3934828549304002,6.160821091865029e-06,0.3923946013776486,6.083883432960015e-06
0.3799085359702031,6.544285161094139e-06,0.3954692365762335,6.39182227924671e-06,0.3944347759307959,6.298915630367447e-06,0.3933597380201347,6.219260054562628e-06
0.3808037978067881,6.691287201593869e-06,0.3964048702874522,6.535546378760564e-06,0.3953875274979218,6.440049444480703e-06,0.3943258731321184,6.357549915156747e-06
0.3816998024406053,6.841564052052913e-06,0.3973412559882974,6.682482194197298e-06,0.3963411188484035,6.584285509833152e-06,0.3952930230611195,6.498809964421653e-06
0.3825965541138137,6.995188128601647e-06,0.3982783972224092,6.832699832198623e-06,0.3972955596077795,6.731687887020061e-06,0.3962612047229262,6.643097997584972e-06
0.3834940570728489,7.152233433404855e-06,0.3992162977116598,6.986270800640772e-06,0.3982508598215381,6.882321730531885e-06,0.3972304356116482,6.790472657882623e-06
0.3843923155691616,7.312775588255815e-06,0.4001549613652495,7.143268028957817e-06,0.3992070299661468,7.0362532973853e-06,0.3982007338096816,6.940993438665827e-06
0.385291333860031,7.476891868782775e-06,0.4010943922889666,7.303765888392453e-06,0.4001640809600658,7.193549955442603e-06,0.3991721179975869,7.09472068514406e-06
0.3861911162094617,7.64466123927232e-06,0.4020345947946086,7.467840212157052e-06,0.4011220241747405,7.354280191405968e-06,0.4001446074638776,7.251715595752997e-06
0.3870916668891621,7.816164388112673e-06,0.4029755734095568,7.635568315486706e-06,0.402080871445565,7.518513618471905e-06,0.4011182221147203,7.4120402231356e-06
0.3879929901796109,7.991483763860437e-06,0.4039173328864998,7.807029015565748e-06,0.4030406350828107,7.686320983631861e-06,0.4020929824835461,7.575757474725411e-06
0.3888950903712145,8.170703611933365e-06,0.4048598782133009,7.982302651309072e-06,0.4040013278825157,7.857774174604546e-06,0.4030689097405751,7.742931112919929e-06
0.3897979717655579,8.353910011930851e-06,0.405803214623001,8.161471102978305e-06,0.4049629631373265,8.032946226384913e-06,0.4040460257022538,7.913625754832579e-06
0.3907016386767532,8.54119091558394e-06,0.4067473476039532,8.344617811613749e-06,0.4059255546472895,8.21191132739559e-06,0.4050243528406093,8.087906871610922e-06
0.3916060954328888,8.732636185335578e-06,0.4076922829100805,8.531827798261174e-06,0.4068891167305858,8.394744825225318e-06,0.4060039142925214,8.265840787309399e-06
0.3925113463775834,8.928337633551203e-06,0.4086380265712518,8.723187682973403e-06,0.4078536642342063,8.581523231939597e-06,0.4069847338689153,8.447494677303557e-06
0.3934173958716476,9.12838906235932e-06,0.4095845849037676,8.918785703565065e-06,0.4088192125445607,8.772324228947952e-06,0.4079668360638805,8.632936566234022e-06
0.394324248294857,9.332886304120465e-06,0.4105319645209493,9.118711734099579e-06,0.40978577759802,8.967226671412613e-06,0.4089502460637174,8.822235325466769e-06
0.3952319080478406,9.541927262523081e-06,0.4114801723438254,9.323057303086184e-06,0.4107533758913866,9.16631059218293e-06,0.4099349897559172,9.015460670057049e-06
0.3961403795540874,9.755611954302853e-06,0.4124292156119063,9.531915611365029e-06,0.411722024492291,9.369657205239466e-06,0.4109210937380801,9.212683155203935e-06
0.3970496672620751,9.974042551582232e-06,0.4133791018940414,9.745381549657645e-06,0.4126917410495118,9.577348908631943e-06,0.4119085853267777,9.413974172181871e-06
0.3979597756475254,1.019732342482551e-05,0.4143298390993507,9.963551715759651e-06,0.4136625438032183,9.78946928689481e-06,0.4128974925663645,9.619405943735768e-06
0.398870709215787,1.042556118640365e-05,0.4152814354882234,1.018652443135299e-05,0.4146344515951335,1.00061031129238e-05,0.4138878442377453,9.829051518925872e-06
0.3997824725043523,1.065886473476269e-05,0.4162338996833768,1.041439975841329e-05,0.4156074838786178,1.022733634929715e-05,0.4148796698671063,1.004298476740857e-05
0.4006950700855106,1.089734529918811e-05,0.4171872406809678,1.064727951518899e-05,0.4165816607286721,1.045325614902421e-05,0.4158729997346154,1.02612803731385e-05
0.4016085065691399,1.114111648515652e-05,0.4181414678617492,1.088526729172751e-05,0.4175570028518614,1.068395085570457e-05,0.4168678648831011,1.048401382747806e-05
0.4025227866056426,1.1390294320265e-05,0.4190965910022643,1.11284684649239e-05,0.4185335315961592,1.091951000308037e-05,0.4178642971267173,1.071126142169921e-05
0.4034379148890276,1.164499730072743e-05,0.4200526202860736,1.137699021306737e-05,0.4195112689607154,1.116002431396407e-05,0.4188623290596026,1.094310023886315e-05
0.4043538961601418,1.190534643842547e-05,0.4210095663150037,1.163094152985948e-05,0.4204902376055465,1.140558569852381e-05,0.4198619940645432,1.117960814506231e-05
0.4052707352100546,1.217146530850133e-05,0.4219674401204148,1.189043323787947e-05,0.4214704608611546,1.165628725190823e-05,0.4208633263216486,1.142086378000999e-05
0.4061884368835993,1.244348009747759e-05,0.4229262531744785,1.215557800146985e-05,0.4224519627380746,1.191222325119272e-05,0.4218663608170498,1.166694654696147e-05
0.4071070060830725,1.272151965188805e-05,0.4238860174014599,1.242649033901673e-05,0.4234347679363549,1.217348915162746e-05,0.4228711333516298,1.191793660195151e-05
0.4080264477720969,1.300571552740289e-05,0.4248467451889972,1.270328663459745e-05,0.4244189018549756,1.244018158216964e-05,0.4238776805497969,1.21739148423321e-05
0.4089467669796489,1.329620203842915e-05,0.4258084493993742,1.298608514896953e-05,0.4254043906012073,1.271239834027921e-05,0.4248860398683115,1.243496289459432e-05
0.4098679688042539,1.359311630816655e-05,0.4267711433807783,1.327500602987297e-05,0.4263912609999168,1.299023838595969e-05,0.4258962496051773,1.270116310145834e-05
0.4107900584183525,1.38965983190971e-05,0.4277348409785401,1.357017132161878e-05,0.4273795406028248,1.327380183502337e-05,0.4269083489086076,1.297259850821491e-05
0.4117130410728405,1.420679096388583e-05,0.428699556546349,1.387170497393538e-05,0.4283692576977218,1.35631899515613e-05,0.4279223777860787,1.324935284830204e-05
0.4126369221017833,1.452384009666714e-05,0.4296653049574398,1.417973285004534e-05,0.4293604413176469,1.38585051395971e-05,0.4289383771134823,1.353151052809991e-05
0.4135617069273095,1.484789458469162e-05,0.4306321016157462,1.449438273394305e-05,0.4303531212500393,1.415985093390408e-05,0.4299563886443876,1.381915661092746e-05
0.4144874010646845,1.517910636030471e-05,0.4315999624670177,1.48157843368452e-05,0.4313473280458681,1.446733198996443e-05,0.4309764550194276,1.411237680022371e-05
0.4154140101275657,1.551763047322775e-05,0.4325689040098956,1.514406930278398e-05,0.4323430930287473,1.478105407304883e-05,0.4319986197758189,1.441125742189671e-05
0.4163415398334422,1.586362514311066e-05,0.433538943306945,1.547937121331401e-05,0.4333404483040471,1.510112404639506e-05,0.4330229273570305,1.471588540582324e-05
0.4172699960092606,1.621725181232257e-05,0.4345100979956417,1.582182559130268e-05,0.4343394267680066,1.542764985846317e-05,0.4340494231226121,1.502634826648179e-05
0.4181993845972374,1.65786751989463e-05,0.4354823862993087,1.617156990377346e-05,0.4353400621168603,1.57607405292448e-05,0.4350781533581963,1.534273408270256e-05
0.4191297116608603,1.694806334993929e-05,0.4364558270380032,1.652874356377116e-05,0.4363423888559851,1.610050613560421e-05,0.4361091652856871,1.566513147651624e-05
0.42006098339108,1.732558769442375e-05,0.4374304396393525,1.689348793121881e-05,0.4373464423090803,1.644705779562766e-05,0.4371425070736477,1.599362959108563e-05
0.4209932061126915,1.771142309706417e-05,0.4384062441493362,1.726594631273298e-05,0.4383522586273868,1.680050765195774e-05,0.4381782278479015,1.632831806770232e-05
0.4219263862909084,1.810574791149176e-05,0.4393832612430159,1.764626396036689e-05,0.4393598747989617,1.716096885408955e-05,0.4392163777023601,1.666928702183208e-05
0.422860530538128,1.850874403373016e-05,0.4403615122352126,1.803458806924798e-05,0.4403693286580134,1.752855553960384e-05,0.4402570077100895,1.701662701819189e-05
0.4237956456208904,1.892059695557749e-05,0.4413410190911323,1.843106777407714e-05,0.4413806588943117,1.790338281431405e-05,0.4413001699346326,1.737042904484252e-05
0.4247317384670293,1.934149581789638e-05,0.4423218044369394,1.8835854144456e-05,0.4423939050626847,1.8285566731302e-05,0.4423459174415968,1.773078448627985e-05
0.4256688161730163,1.977163346376186e-05,0.4433038915702833,1.924910017900864e-05,0.4434091075926118,1.867522426881783e-05,0.4433943043105248,1.809778509550918e-05
0.4266068860114968,2.021120649141528e-05,0.4442873044707762,1.967096079826257e-05,0.4444263077979266,1.907247330701942e-05,0.444445385647059,1.847152296508688e-05
0.4275459554390194,2.066041530697064e-05,0.4452720678104282,2.010159283625507e-05,0.4454455478866425,1.947743260352595e-05,0.4454992175954171,1.885209049711401e-05
0.4284860321039555,2.111946417681682e-05,0.4462582069640413,2.054115503082794e-05,0.4464668709709114,1.989022176776072e-05,0.4465558573511894,1.92395803721665e-05
0.4294271238546102,2.158856127965817e-05,0.4472457480195668,2.098980801257592e-05,0.4474903210771307,2.031096123405764e-05,0.4476153631744753,1.963408551714825e-05
0.4303692387475224,2.206791875813281e-05,0.4482347177884294,2.144771429241134e-05,0.4485159431562098,2.073977223350565e-05,0.4486777944033711,2.003569907205297e-05
0.4313123850559538,2.255775276994775e-05,0.4492251438158257,2.191503824770828e-05,0.4495437830940108,2.11767767645064e-05,0.449743211467823,2.044451435562048e-05
0.4322565712785642,2.305828353846513e-05,0.4502170543909975,2.239194610698776e-05,0.4505738877219749,2.162209756201846e-05,0.4508116759038626,2.086062482987651e-05
0.433201806148272,2.356973540267471e-05,0.4512104785574922,2.287860593310688e-05,0.4516063048279506,2.207585806546331e-05,0.4518832503682358,2.128412406354282e-05
0.4341480986412986,2.409233686648351e-05,0.4522054461234109,2.337518760491172e-05,0.4526410831672349,2.253818238526729e-05,0.4529579986534421,2.17151056943066e-05
0.4350954579863938,2.462632064725291e-05,0.4532019876716539,2.388186279731484e-05,0.4536782724738436,2.300919526801409e-05,0.4540359857031963,2.21536633899395e-05
0.4360438936742398,2.517192372351056e-05,0.4542001345701723,2.43988049597583e-05,0.4547179234720234,2.348902206018219e-05,0.4551172776283313,2.259989080825652e-05
0.4369934154670331,2.572938738176245e-05,0.4551999189822295,2.492618929301948e-05,0.4557600878880206,2.397778867044291e-05,0.4562019417231507,2.30538815559063e-05
0.437944033408239,2.629895726232941e-05,0.4562013738766851,2.546419272432036e-05,0.456804818462121,2.447562153049303e-05,0.457290046482252,2.35157291459865e-05
0.4388957578325194,2.688088340412874e-05,0.4572045330383078,2.601299388069714e-05,0.4578521689609744,2.49826475543986e-05,0.4583816616178303,2.398552695447711e-05
0.4398485993758277,2.747542028832093e-05,0.458209431078126,2.657277306058814e-05,0.4589021941902205,2.549899409642507e-05,0.4594768580774799,2.446336817548825e-05
0.4408025689856698,2.808282688073875e-05,0.4592161034438286,2.714371220359701e-05,0.4599549500074285,2.602478890732971e-05,0.4605757080625075,2.494934577531818e-05
0.4417576779315284,2.870336667301415e-05,0.4602245864302227,2.772599485838717e-05,0.4610104933353667,2.656016008909432e-05,0.4616782850467719,2.544355244532081e-05
0.4427139378154451,2.933730772231634e-05,0.4612349171897608,2.831980614866363e-05,0.4620688821756169,2.710523604807395e-05,0.4627846637960659,2.594608055358145e-05
0.4436713605827603,2.998492268961244e-05,0.4622471337431484,2.892533273719771e-05,0.4631301756225489,2.766014544654086e-05,0.4638949203880536,2.645702209540375e-05
0.4446299585330042,3.064648887636e-05,0.4632612749900416,2.954276278784827e-05,0.4641944338776686,2.822501715260194e-05,0.46500913223278,2.697646864260959e-05
0.4455897443309383,3.132228825953881e-05,0.4642773807198491,3.017228592553511e-05,0.4652617182643589,2.879998018846958e-05,0.4661273780937659,2.750451129165912e-05
0.4465507310177417,3.201260752492773e-05,0.4652954916226484,3.081409319411771e-05,0.4663320912430228,2.938516367706568e-05,0.4672497381097052,2.804124061059669e-05
0.4475129320223402,3.271773809852917e-05,0.4663156493002286,3.146837701213173e-05,0.4674056164266504,2.998069678694164e-05,0.4683762938167778,2.858674658483379e-05
0.4484763611728739,3.343797617604357e-05,0.4673378962772748,3.213533112633824e-05,0.4684823585968215,3.058670867549599e-05,0.4695071281715944,2.914111856178002e-05
0.4494410327083005,3.417362275029264e-05,0.4683622760127045,3.281515056303558e-05,0.4695623837201596,3.120332843047421e-05,0.4706423255747872,2.970444519433658e-05
0.4504069612901292,3.49249836364894e-05,0.4693888329111713,3.350803157708918e-05,0.4706457589652556,3.183068500973561e-05,0.4717819718952636,3.027681438327014e-05
0.4513741620142844,3.569236949525006e-05,0.4704176123347483,3.421417159862826e-05,0.4717325527200736,3.246890717927478e-05,0.4729261544951359,3.085831321848617e-05
0.4523426504230931,3.647609585324216e-05,0.4714486606148056,3.493376917736324e-05,0.4728228346098578,3.311812344948528e-05,0.4740749622553435,3.144902791922419e-05
0.4533124425173948,3.727648312135914e-05,0.4724820250640969,3.5667023924475e-05,0.4739166755155539,3.377846200965613e-05,0.4752284856019826,3.204904377320189e-05
0.4542835547687694,3.809385661031285e-05,0.4735177539890692,3.64141364520266e-05,0.4750141475927633,3.445005066069323e-05,0.4763868165333591,3.265844507473597e-05
0.4552560041318807,3.892854654353025e-05,0.474555896702409,3.717530830985015e-05,0.4761153242912449,3.513301674605936e-05,0.4775500486477787,3.327731506187228e-05
0.4562298080569328,3.978088806724111e-05,0.4755965035358429,3.795074191985984e-05,0.4772202803749805,3.582748708092978e-05,0.4787182771720913,3.390573585256156e-05
0.4572049845022359,4.065122125763934e-05,0.4766396258532061,3.874064050774277e-05,0.4783290919428221,3.653358787956058e-05,0.4798915989910036,3.454378837992047e-05
0.4581815519468796,4.15398911250012e-05,0.4776853160637938,3.954520803197942e-05,0.4794418364497349,3.725144468087275e-05,0.4810701126771764,3.519155232662022e-05
0.4591595294035111,4.244724761463836e-05,0.4787336276360127,4.036464911014622e-05,0.4805585927286549,3.798118227225378e-05,0.4822539185221201,3.584910605845194e-05
0.460138936431217,4.337364560456621e-05,0.4797846151113488,4.119916894245314e-05,0.4816794410129763,3.872292461158463e-05,0.4834431185679066,3.65165265571195e-05
0.4611197931485055,4.431944489976037e-05,0.4808383341186653,4.204897323246836e-05,0.4828044629596859,3.947679474750094e-05,0.4846378166397095,3.719388935231637e-05
0.4621021202463886,4.528501022287678e-05,0.4818948413888501,4.291426810498545e-05,0.4839337416731614,4.024291473790151e-05,0.4858381183791904,3.78812684531472e-05
0.4630859390015624,4.627071120130755e-05,0.4829541947698274,4.379526002098646e-05,0.4850673617296509,4.102140556671975e-05,0.4870441312787456,3.857873627896002e-05
0.4640712712896854,4.727692235044044e-05,0.4840164532419514,4.469215568965688e-05,0.4862054092024491,4.181238705897852e-05,0.4882559647166275,3.928636358965914e-05
0.4650581395987538,4.830402305299157e-05,0.4850816769337984,4.560516197740885e-05,0.4873479716877901,4.261597779415109e-05,0.4894737299929564,4.000421941557523e-05
0.4660465670425719,4.935239753427455e-05,0.4861499271383755,4.653448581387101e-05,0.4884951383314712,4.343229501785609e-05,0.4906975403666387,4.073237098697338e-05
0.4670365773743222,5.042243483327212e-05,0.4872212663297615,4.748033409480277e-05,0.4896469998562264,4.426145455191803e-05,0.4919275110932032,4.147088366328535e-05
0.4680281950002306,5.15145287693686e-05,0.4882957581802014,4.844291358189542e-05,0.490803648589868,4.510357070283033e-05,0.4931637594635733,4.22198208621599e-05
0.4690214449933303,5.262907790460352e-05,0.4893734675776665,4.942243079942042e-05,0.4919651784942115,4.595875616865996e-05,0.4944064048437873,4.297924398842865e-05
0.4700163531073275,5.376648550130451e-05,0.4904544606439047,5.041909192769074e-05,0.493131685194803,4.682712194444153e-05,0.4956555687156816,4.374921236309193e-05
0.4710129457905662,5.492715947494978e-05,0.4915388047529945,5.143310269330042e-05,0.4943032660114677,4.770877722611043e-05,0.4969113747185507,4.452978315243665e-05
0.4720112502000989,5.611151234211786e-05,0.4926265685504226,5.246466825611083e-05,0.4954800199896938,4.860382931303161e-05,0.4981739486917985,4.532101129740311e-05
0.4730112942158634,5.731996116336973e-05,0.493717821972705,5.351399309295581e-05,0.4966620479328752,4.951238350918733e-05,0.4994434187185912,4.612294944332487e-05
0.47401310645497,5.85529274809135e-05,0.4948126362675682,5.458128087803743e-05,0.4978494524354243,5.043454302308929e-05,0.5007199151705284,4.693564787017342e-05
0.4750167162861027,5.981083725089683e-05,0.4959110840147121,5.566673435999078e-05,0.4990423379167796,5.137040886649217e-05,0.5020035707533426,4.77591544234456e-05
0.4760221538440388,6.109412077016857e-05,0.4970132391471707,5.677055523559643e-05,0.5002408106563202,5.232007975198744e-05,0.5032945205536393,4.859351444583958e-05
0.4770294500442919,6.240321259735098e-05,0.498119176973294,5.789294402012413e-05,0.5014449788292108,5.328365198956628e-05,0.5045929020866902,4.943877070987235e-05
0.478038636597883,6.373855146806156e-05,0.4992289741993671,5.903409991429451e-05,0.5026549525431898,5.426121938224393e-05,0.5058988553452879,5.029496335159895e-05
0.4790497460262472,6.510058020411747e-05,0.5003427089528891,6.01942206678507e-05,0.503870843876324,5.525287312085044e-05,0.5072125228496773,5.116212980560276e-05
0.4800628116762808,6.648974561655829e-05,0.5014604608065303,6.13735024397321e-05,0.5050927669157437,5.625870167809464e-05,0.5085340496985665,5.204030474143147e-05
0.4810778677355373,6.79064984023167e-05,0.5025823108027896,6.257213965485473e-05,0.5063208377973794,5.727879070202019e-05,0.5098635836212327,5.292952000166475e-05
0.4820949492475795,6.935129303436643e-05,0.5037083414793708,6.37903248574974e-05,0.5075551747467155,5.831322290897805e-05,0.5112012750307262,5.382980454180441e-05
0.4831140921274952,7.082458764517011e-05,0.504838636895301,6.502824856130822e-05,0.5087958981205826,5.936207797625176e-05,0.5125472770781817,5.474118437218766e-05
0.4841353331775876,7.232684390325623e-05,0.5059732826578097,6.628609909594299e-05,0.5100431304500014,6.042543243447537e-05,0.5139017457082435,5.566368250213326e-05
0.4851587101032475,7.38585268827401e-05,0.5071123659499931,6.756406245036012e-05,0.5112969964841017,6.1503359559999e-05,0.5152648397156082,5.659731888653567e-05
0.4861842615290188,7.542010492561248e-05,0.5082559755592817,6.886232211279684e-05,0.512557623235128,6.259592926736001e-05,0.5166367208026894,5.754211037513403e-05
0.487212027014868,7.701204949660864e-05,0.5094042019067357,7.018105890746166e-05,0.5138251400245563,6.370320800203566e-05,0.5180175536384072,5.849807066468815e-05
0.4882420470726684,7.863483503047496e-05,0.5105571370771904,7.152045082798656e-05,0.5150996785303311,6.48252586336523e-05,0.5194075059181031,5.946521025430364e-05
0.4892743631829118,8.028893877144163e-05,0.5117148748502711,7.288067286768238e-05,0.5163813728352478,6.596214034984728e-05,0.5208067484245816,6.04435364041571e-05
0.4903090178116603,8.19748406047157e-05,0.512877510732305,7.426189684666052e-05,0.5176703594764905,6.711390855098308e-05,0.5222154550902735,6.143305309787644e-05
0.4913460544277496,8.369302287979669e-05,0.514045141989148,7.566429123587897e-05,0.5189667774963463,6.828061474592537e-05,0.5236338030605217,6.243376100884609e-05
0.4923855175202624,8.544397022542633e-05,0.5152178676799545,7.708802097819277e-05,0.5202707684941085,6.946230644911036e-05,0.5250619727579804,6.344565747070691e-05
0.4934274526162798,8.722816935597068e-05,0.5163957886919097,7.853324730648538e-05,0.5215824766791869,7.065902707913512e-05,0.5265001479481229,6.446873645233409e-05
0.4944719062989323,8.904610886904221e-05,0.5175790077759511,8.000012755897804e-05,0.5229020489254387,7.187081585911668e-05,0.5279485158058471,6.550298853758109e-05
0.4955189262257616,9.08982790341579e-05,0.5187676295835015,8.14888149918167e-05,0.5242296348267342,7.3097707719078e-05,0.5294072669831673,6.654840091008317e-05
0.4965685611474133,9.278517157223622e-05,0.5199617607042401,8.29994585890521e-05,0.5255653867537728,7.433973320063133e-05,0.5308765956779804,6.760495734342473e-05
0.4976208609266745,9.470727942572843e-05,0.5211615097049334,8.453220287013407e-05,0.5269094599121591,7.559691836423848e-05,0.5323566997038865,6.867263819697549e-05
0.4986758765578763,9.66650965191842e-05,0.5223669871693539,8.608718769505816e-05,0.5282620124017552,7.686928469934405e-05,0.5338477805610481,6.975142041771113e-05
0.4997336601866794,9.865911751004357e-05,0.5235783057393104,8.766454806731334e-05,0.5296232052773174,7.81568490376859e-05,0.5353500435080634,7.084127754833411e-05
0.5007942651302608,0.0001006898375294566,0.5247955801568149,8.926441393478841e-05,0.5309932026104298,7.94596234701017e-05,0.5368636976348311,7.194217974202039e-05
0.5018577458979229,0.0001027577519129215,0.5260189273074142,9.088690998881458e-05,0.5323721715527423,8.077761526716262e-05,0.5383889559363763,7.305409378411396e-05
0.5029241582121445,0.0001048633559205399,0.5272484662647088,9.253215546152931e-05,0.5337602824005228,8.211082680397557e-05,0.5399260353876073,7.417698312110268e-05
0.503993559030096,0.000107007144446684,0.52848431833609,9.42002639217656e-05,0.5351577086605296,8.345925548951098e-05,0.5414751570189688,7.531080789720222e-05
0.505066006565639,0.0001091896117188731,0.5297266071097164,9.589134306968129e-05,0.5365646271172093,8.482289370082131e-05,0.5430365459929503,7.645552499888182e-05
0.5061415603118353,0.0001114112509856588,0.5309754585027621,9.760549453036494e-05,0.537981217901226,8.620172872253266e-05,0.5446104316814113,7.761108810766338e-05
0.5072202810639853,0.0001136725541933124,0.5322310008109584,9.93428136466617e-05,0.5394076645593209,8.759574269199591e-05,0.5461970477436723,7.877744776152298e-05
0.5083022309432236,0.0001159740116511263,0.5334933647594609,0.0001011033892714888,0.5408441541255066,8.900491255050496e-05,0.5477966322053235,7.99545514252233e-05
0.5093874734206942,0.0001183161116851261,0.534762683555065,0.0001028873035599212,0.5422908771935929,9.042921000099269e-05,0.5494094275376945,8.114234356989914e-05
0.5104760733423305,0.0001206993402799992,0.5360390929398016,0.0001046946317613479,0.5437480279910407,9.18686014726299e-05,0.5510356807379266,8.234076576221625e-05
0.5115680969542672,0.0001231241807090576,0.5373227312459355,0.0001065254420120153,0.5452158044541402,9.332304809276276e-05,0.5526756434095803,8.354975676341137e-05
0.5126636119289121,0.0001255911131520447,0.5386137394523998,0.0001083797951283004,0.5466944083045036,9.479250566663206e-05,0.5543295718437108,8.476925263851806e-05
0.5137626873917027,0.0001281006143006054,0.5399122612426887,0.0001102577444010653,0.5481840451268639,9.627692466532913e-05,0.5559977271003353,8.599918687606783e-05
0.5148653939485786,0.0001306531569512476,0.5412184430642398,0.0001121593353914714,0.5496849244481666,9.777625022244877e-05,0.5576803750902125,8.723949051854687e-05
0.5159718037141979,0.0001332492095856244,0.5425324341893324,0.0001140846057286503,0.551197259817937,9.929042213991023e-05,0.5593777866568468,8.849009230387047e-05
0.5170819903409275,0.0001358892359379735,0.5438543867775288,0.0001160335849096531,0.5527212688899072,0.0001008193749034195,0.5610902376586293,8.975091881812377e-05
0.5181960290486393,0.000138573694549565,0.5451844559396866,0.0001180062941021103,0.5542571735048786,0.0001023630377080557,0.5628180090510142,9.102189465979447e-05
0.5193139966553419,0.000141303038310004,0.5465227998035687,0.0001200027459500706,0.5558051997747948,0.0001039213344944656,0.5645613869686318,9.230294261570713e-05
0.520435971608684,0.0001440777139852613,0.5478695795810786,0.000122022944383499,0.557365578167999,0.0001054941839961546,0.566320662807226,9.359398384883561e-05
0.5215620340183583,0.0001468981617322974,0.5492249596371466,0.0001240668844319399,0.5589385435956382,0.000107081499798362,0.5680961333053026,9.489493809815218e-05
0.5226922656894445,0.0001497648146001713,0.5505891075602928,0.0001261345520428757,0.5605243354991819,0.0001086831904090101,0.5698881006253675,9.620572389063657e-05
0.5238267501567244,0.0001526780980175311,0.5519621942348941,0.0001282259239053324,0.5621231979390129,0.000110299159342214,0.5716968724346276,9.752625876553652e-05
0.5249655727200062,0.0001556384292663965,0.5533443939151784,0.0001303409672793083,0.5637353796840445,0.0001119293052148325,0.5735227619850196,9.885645951093588e-05
0.5261088204804937,0.0001586462169421591,0.5547358843009712,0.0001324796398316237,0.5653611343023153,0.0001135735218565383,0.5753660881924301,0.0001001962424126486
0.5272565823782424,0.0001617018603997481,0.556136846615218,0.0001346418894788153,0.567000720252505,0.0001152316984338723,0.5772271757149587,0.0001015455235154116
0.5284089492307367,0.0001648057491859127,0.5575474656833053,0.000136827654237721,0.568654400976315,0.000116903719588743,0.5791063550300757,0.0001029042188963081
0.5295660137726327,0.0001679582624576065,0.5589679300142018,0.0001390368620844256,0.5703224449916451,0.0001185894655918084,0.5810039625105141,0.0001042722449502999
0.5307278706967059,0.0001711597683864685,0.5603984318834397,0.0001412694308222576,0.5720051259864974,0.0001202888125111721,0.5829203404987382,0.0001056495186876995
0.5318946166960461,0.0001744106235494168,0.5618391674179573,0.0001435252679595564,0.5737027229135327,0.0001220016323967967,0.5848558373798162,0.0001070359580433521
0.5330663505075461,0.0001777111723054102,0.5632903366828172,0.0001458042705979465,0.5754155200851951,0.0001237277934810227,0.5868108076525291,0.0001084314821972448
0.5342431729567239,0.0001810617461584244,0.5647521437698222,0.0001481063253318779,0.5771438072693179,0.0001254671603955473,0.5887856119985356,0.000109836011906191
0.5354251870039298,0.0001844626631067561,0.5662247968880362,0.0001504313081602162,0.5788878797851179,0.0001272195944051963,0.5907806173494156,0.000111249469846179
0.5366124977919829,0.0001879142269787639,0.5677085084562301,0.0001527790844106845,0.580648038599476,0.0001289849536587816,0.592796196951405,0.0001126717809648981
0.5378052126952853,0.0001914167267551984,0.569203495197259,0.0001551495086779771,0.5824245904233976,0.0001307630934573032,0.5948327304276386,0.0001141028728438907
0.5390034413704662,0.0001949704358783107,0.5707099782343801,0.0001575424247763847,0.5842178478085405,0.0001325538665397129,0.5968906038377104,0.0001155426760696951
0.540207295808605,0.0001985756115479458,0.5722281831895192,0.0001599576657077918,0.5860281292436892,0.0001343571233864104,0.5989702097343621,0.0001169911246132756
0.5414168903890887,0.0002022324940048825,0.5737583402834873,0.0001623950536459133,0.5878557592510484,0.0001361727125405897,0.6010719472171095,0.0001184481562169452
0.5426323419351535,0.0002059413058017,0.5753006844381489,0.0001648543999376592,0.5897010684822244,0.0001380004809475067,0.6031962219826194,0.0001199137127879114
0.5438537697711727,0.0002097022510615079,0.5768554553805411,0.0001673355051225269,0.5915643938137515,0.0001398402743116662,0.6053434463716482,0.0001213877407974888
0.5450812957817425,0.0002135155147249087,0.5784228977489346,0.0001698381589709225,0.593446078442019,0.0001416919374718741,0.6075140394123578,0.0001228701916849288
0.5463150444726271,0.0002173812617856078,0.5800032612008316,0.0001723621405423312,0.5953464719774445,0.0001435553147940241,0.6097084268598325,0.0001243610222647402
0.5475551430336245,0.0002212996365151333,0.5815968005228849,0.0001749072182642523,0.5972659305377325,0.0001454302505814114,0.6119270412316193,0.0001258601951362748
0.5488017214034129,0.0002252707616771845,0.5832037757427226,0.0001774731500328184,0.5992048168400557,0.0001473165895022936,0.6141703218391287,0.0001273676790942674
0.5500549123364435,0.0002292947377321629,0.5848244522426577,0.0001800596833360169,0.6011635002919846,0.000149214177034323,0.6164387148147382,0.0001288834495389331
0.5513148514719453,0.000233371642032515,0.5864591008752555,0.0001826665554004257,0.6031423570809893,0.0001511228599253921,0.6187326731344535,0.0001304074888841282
0.5525816774051072,0.000237501528009552,0.5881079980807318,0.0001852934933623648,0.6051417702623312,0.0001530424866703334,0.6210526566359935,0.0001319397869620057
0.5538555317605112,0.0002416844243524945,0.5897714260061414,0.000187940214464351,0.6071621298451579,0.0001549729080028143,0.623399132032182,0.0001334803414224972
0.5551365592678829,0.0002459203341805304,0.5914496726263213,0.0001906064262777264,0.6092038328766102,0.0001569139774016612,0.6257725729195465,0.0001350291581258885
0.5564249078402363,0.0002502092342087535,0.5931430318665392,0.0001932918269523054,0.6112672835237476,0.000158865551610737,0.6281734597820391,0.0001365862515266592
0.5577207286544872,0.000254551073908918,0.5948518037267947,0.000195996105493855,0.6133528931530953,0.0001608274911713776,0.6306022799898227,0.0001381516450467007
0.5590241762346104,0.0002589457746660102,0.5965762944077178,0.0001987189420701945,0.6154610804076144,0.0001627996609662753,0.6330595277930847,0.0001397253714359467
0.5603354085374245,0.0002633932289317178,0.5983168164379951,0.0002014600083466472,0.6175922712808982,0.000164781930773572,0.6355457043108673,0.0001413074731183938
0.56165458704108,0.000267893299375947,0.6000736888032567,0.0002042189678515443,0.6197468991883932,0.0001667741758297929,0.6380613175149332,0.0001428980025214361
0.56298187683634,0.0002724458180376342,0.6018472370763407,0.0002069954763724108,0.6219254050354517,0.0001687762774001287,0.6406068822087172,0.0001444970223863909
0.5643174467207348,0.0002770505854761616,0.6036377935488527,0.0002097891823834173,0.6241282372820203,0.0001707881233544323,0.6431829200014438,0.0001461046060580528
0.565661469295681,0.0002817073699247929,0.6054456973639252,0.0002125997275045939,0.6263558520037774,0.0001728096087471654,0.6457899592775322,0.0001477208377510963
0.5670141210666542,0.0002864159064476166,0.6072712946500751,0.0002154267469932398,0.6286087129495351,0.0001748406363993891,0.6484285351614441,0.00014934581279112
0.568375582546508,0.0002911758961015919,0.6091149386560522,0.0002182698702678649,0.6308872915947337,0.000176881117480763,0.651099189478172,0.000150979637828134
0.569746038362034,0.0002959870051053813,0.6109769898865588,0.0002211287214649086,0.6331920671908622,0.0001789309720893707,0.6538024707096095,0.0001526224310202958
0.5711256773638596,0.0003008488640167521,0.6128578162387188,0.0002240029200283751,0.6355235268106529,0.0001809901298270602,0.6565389339470865,0.0001542743221857257
0.5725146927397833,0.0003057610669204333,0.6147577931391577,0.000226892081332407,0.6378821653889134,0.0001830585303678587,0.6593091408404035,0.000155935452920274
0.5739132821316482,0.0003107231706284136,0.6166773036815573,0.0002297958173366989,0.6402684857588701,0.0001851361240168791,0.6621136595437439,0.0001576059766791658
0.5753216477558586,0.0003157346938947877,0.6186167387645298,0.0002327137372745098,0.6426829986839246,0.0001872228722570286,0.6649530646588957,0.0001592860588205196
0.5767399965276446,0.0003207951166473412,0.6205764972296562,0.0002356454483728944,0.6451262228847384,0.000189318748280696,0.667827937176264,0.0001609758766088232
0.5781685401891835,0.0003259038792382059,0.622556985999522,0.0002385905566046194,0.6475986850615872,0.0001914237375034961,0.6707388644142055,0.0001626756191765572
0.5796074954416893,0.0003310603817160159,0.6245586202155734,0.000241548667471045,0.6501009199119578,0.0001935378380570427,0.6736864399572765,0.000164385487442275
0.58105708408158,0.0003362639831220989,0.6265818233756161,0.000244519386815101,0.6526334701433805,0.0001956610612576278,0.6766712635940281,0.0001661056939835888
0.5825175331408414,0.0003415140008133944,0.628627027470764,0.0002475023216632749,0.6551968864815317,0.0001977934320476178,0.679693941255044,0.0001678364628636683
0.5839890750317014,0.0003468097098148586,0.6306946731216442,0.0002504970810953434,0.6577917276736717,0.0001999349894062973,0.6827550849519628,0.0001695780294100263
0.5854719476957323,0.0003521503422042771,0.6327852097136548,0.0002535032771403589,0.6604185604875186,0.0002020857867268554,0.6858553127182831,0.0001713306399445639
0.5869663947575058,0.0003575350865325066,0.634899095531069,0.0002565205256971902,0.6630779597057086,0.0002042458921561663,0.6889952485527914,0.0001730945514640428
0.5884726656829177,0.0003629630872822948,0.6370367978897739,0.0002595484474776797,0.6657705081160278,0.00020641538889401,0.6921755223665087,0.000174870031270376
0.58999101594231,0.0003684334443689461,0.6391987932684263,0.0002625866689702458,0.6684967964976505,0.0002085943754483764,0.6953967699340932,0.0001766573565503673
0.5915217071785118,0.0003739452126862146,0.6413855674378112,0.000265634823421503,0.6712574236036726,0.0002107829658435297,0.6986596328506743,0.000178456813904758
0.5930650073799295,0.0003794974017009498,0.6435976155881787,0.0002686925518332241,0.6740529961402727,0.0002129812897775566,0.7019647584951422,0.0001802686988267174
0.5946211910588088,0.0003850889751000954,0.6458354424543455,0.0002717595039717038,0.6768841287428951,0.0002151894927261977,0.7053128000009387,0.0001820933151301567
0.5961905394348005,0.0003907188504937961,0.6480995624383393,0.0002748353393863097,0.6797514439498989,0.0002174077359898545,0.7087044162354369,0.0001839309743285324
0.5977733406239559,0.0003963858991784495,0.6503904997293757,0.0002779197284337445,0.6826555721741823,0.0002196361966807971,0.7121402717890157,0.0001857819949650733
0.5993698898332832,0.000402088945963665,0.6527087884209576,0.0002810123533042556,0.6855971516733435,0.0002218750676477471,0.7156210369749558,0.0001876467018956447
0.6009804895609904,0.0004078267690671717,0.6550549726248983,0.000284112909045765,0.68857682851901,0.0002241245573351834,0.7191473878412989,0.0001895254255257434
0.602605449802546,0.0004135981000818339,0.6574296065820782,0.0002872211045816064,0.6915952565660185,0.0002263848895749332,0.7227200061958213,0.000191418501003389
0.6042450882626844,0.0004194016240190029,0.6598332547697561,0.000290336663717291,0.6946530974222013,0.0002286563033078407,0.7263395796452708,0.0001933262673699496
0.6058997305734798,0.0004252359794325097,0.6622664920052764,0.0002934593261314531,0.6977510204195913,0.0002309390522335694,0.7300068016500152,0.000195249066671199
0.6075697105186184,0.0004310997586276925,0.6647299035460277,0.0002965888483458733,0.7008897025879181,0.0002332334043868763,0.7337223715952352,0.0001971872430311572
0.6092553702639861,0.0004369915079598736,0.6672240851855296,0.0002997250046692181,0.7040698286313354,0.0002355396416390218,0.7374869948797795,0.0001991411416914977
0.6109570605946958,0.0004429097282267754,0.669749643345556,0.0003028675881089111,0.7072920909093713,0.0002378580591233069,0.7413013830237732,0.0002011111080195312
0.6126751411586682,0.0004488528751593768,0.672307195164222,0.0003060164112453279,0.7105571894231565,0.0002401889645840926,0.7451662537960377,0.0002030974864879748
0.6144099807168812,0.0004548193600157198,0.6748973685800039,0.0003091713070623061,0.7138658318080351,0.0002425326776490483,0.7490823313623448,0.0002051006196298979
0.6161619574003954,0.0004608075502821821,0.6775208024116901,0.0003123321297277888,0.717218733333717,0.0002448895290247579,0.7530503464554802,0.0002071208469723936
0.6179314589742573,0.0004668157704866913,0.680178146434306,0.0003154987553182712,0.7206166169131754,0.0002472598596162498,0.7570710365680444,0.0002091585039526582
0.6197188831083812,0.0004728423031283131,0.682870061451098,0.0003186710824805983,0.7240602131215385,0.0002496440195714282,0.7611451461688602,0.0002112139208202645
0.6215246376554958,0.0004788853897275742,0.6855972193617119,0.0003218490330245786,0.7275502602262579,0.0002520423672518326,0.7652734269437973,0.0002132874215294924
0.6233491409362426,0.000484943232001772,0.6883603032267521,0.0003250325524398305,0.7310875042298715,0.0002544552681315917,0.7694566380617587,0.000215379322625632
0.6251928220314966,0.0004910139931693924,0.6911600073289661,0.000328221610330264,0.7346726989267032,0.0002568830936268814,0.7736955464665073,0.0002174899321291808
0.6270561210819768,0.0004970957993876115,0.6939970372313615,0.0003314162007596527,0.7383066059748603,0.0002593262198586472,0.7779909271949353,0.0002196195484218538
0.6289394895952005,0.0005031867413266345,0.6968721098326255,0.000334616342501811,0.7419899949849017,0.0002617850263517767,0.7823435637223095,0.0002217684591382729
0.6308433907598224,0.0005092848758844069,0.6997859534202877,0.0003378220791890505,0.7457236436265562,0.0002642598946743444,0.7867542483349522,0.0002239369400671246
0.6327682997673919,0.0005153882280449673,0.7027393077221429,0.000341033479352763,0.7495083377548647,0.0002667512070209515,0.791223782530736,0.0002261252540654767
0.6347147041415423,0.0005214947928833662,0.7057329239565215,0.0003442506363502223,0.7533448715571146,0.0002692593447445777,0.795752977447704,0.0002283336499897951
0.6366831040746166,0.000527602537719752,0.7087675648820833,0.0003474736681720076,0.7572340477219102,0.0002717846868417274,0.800342654321049,0.0002305623616470523
0.6386740127717125,0.0005337094044247738,0.7118440048478866,0.0003507027171248025,0.7611766776317009,0.0002743276083959842,0.8049936449686187,0.000232811606769115
0.6406879568021188,0.00053981331187803,0.714963029844574,0.0003539379493847549,0.7651735815800564,0.000276888478985396,0.8097067923050432,0.0002350815860133939
0.6427254764580909,0.000545912158580744,0.7181254375576055,0.0003571795544170616,0.7692255890149328,0.0002794676610593814,0.8144829508845194,0.000237372481992495
0.6447871261208983,0.000552003825423296,0.7213320374235515,0.0003604277442579879,0.77333353880913,0.0002820655082910662,0.8193229874722323,0.0002396844583353524
0.6468734746340524,0.0005580861786075962,0.7245836506905597,0.0003636827526561446,0.7774982795590835,0.0002846823639111534,0.8242277816443361,0.0002420176587820548
0.6489851056836038,0.000564157072723602,0.7278811104841904,0.0003669448340704975,0.781720669913073,0.0002873185590295624,0.8291982264163753,0.0002443722063142835
0.6511226181853761,0.0005702143539785259,0.7312252618799059,0.0003702142625233154,0.7860015789298662,0.0002899744109511664,0.8342352288999887,0.0002467482023229767
0.6532866266789747,0.0005762558635764433,0.7346169619835948,0.0003734913303070361,0.7903418864687436,0.0002926502214919958,0.8393397109877055,0.0002491457258145298
0.6554777617283903,0.0005822794412451339,0.7380570800215908,0.0003767763465448488,0.7947424836117761,0.0002953462753022704,0.8445126100656247,0.0002515648326565272
0.6576966703289869,0.0005882829289060336,0.7415464974417287,0.0003800696356056602,0.799204273119152,0.0002980628382025646,0.8497548797537522,0.0002540055548636722
0.659944016320639,0.0005942641744821342,0.7450861080270684,0.0003833715353750222,0.8037281699182625,0.0003008001555392885,0.8550674906737677,0.0002564678999242815
0.6622204808067587,0.0006002210358375831,0.7486768180239788,0.0003866823953845301,0.8083151016271917,0.0003035584505655311,0.8604514312439996,0.0002589518501673807
0.66452676257892,0.0006061513848415602,0.7523195462863553,0.0003900025748031641,0.8129660091131553,0.0003063379228530797,0.8659077085013965,0.0002614573621701403
0.6668635785467704,0.0006120531115477885,0.7560152244377979,0.0003933324402950268,0.8176818470863723,0.0003091387467411954,0.8714373489503173,0.0002639843662050863
0.6692316641728822,0.0006179241284797223,0.7597647970536354,0.0003966723637489063,0.8224635847297671,0.0003119610698274167,0.8770413994379845,0.0002665327657262369
0.6716317739121802,0.0006237623750101132,0.7635692218647303,0.000400022719886085,0.8273122063648308,0.0003148050115053285,0.882720928056498,0.0002691024368930375
0.6740646816555508,0.0006295658218222186,0.7674294699850306,0.0004033838837537737,0.8322287121539002,0.000317670661553864,0.888477025071359,0.000271693228130716
0.6765311811772163,0.0006353324754384682,0.7713465261648721,0.000406756228112503,0.8372141188390548,0.000320558078782294,0.8943108038765105,0.0002743049597254312
0.6790320865854399,0.000641060382800867,0.7753213890720461,0.0004101401207267155,0.8422694605177706,0.000323467289734622,0.9002234019759809,0.0002769374234523744
0.6815682327761013,0.0006467476358858746,0.7793550716026583,0.0004135359215686618,0.8473957894554262,0.000326398287456654,0.9062159819922891,0.0002795903822347822
0.6841404758886751,0.0006523923763349237,0.7834486012238064,0.0004169439799465329,0.8525941769347127,0.0003293510303285138,0.9122897327018664,0.0002822635698316346
0.6867496937641264,0.0006579928000801207,0.7876030203500825,0.0004203646315684939,0.8578657141419757,0.0003323254409649083,0.9184458700978425,0.0002849566905516729
0.6893967864042339,0.0006635471619430966,0.7918193867558886,0.0004237981955549673,0.8632115130904855,0.0003353214051849123,0.9246856384806489,0.0002876694189912244
0.692082676431849,0.0006690537801833785,0.7960987740255221,0.0004272449714121049,0.8686327075806353,0.0003383387710525699,0.9310103115770044,0.0002904013997932268
0.6948083095516017,0.0006745110409710741,0.8004422720429299,0.000430705235979879,0.8741304541970588,0.0003413773479890772,0.9374211936879685,0.0002931522474247605
0.6975746550105792,0.0006799174027571811,0.8048509875229909,0.0004341792403686266,0.8797059333426729,0.0003444369059568271,0.9439196208668705,0.0002959215459703392
0.7003827060585203,0.0006852714005133446,0.8093260445861127,0.0004376672068981811,0.8853603503096805,0.0003475171747150999,0.9505069621280555,0.0002987088489381794
0.703233480407096,0.0006905716498115609,0.8138685853778594,0.0004411693260538862,0.8910949363876002,0.0003506178431467191,0.9571846206875253,0.0003015136790766635
0.7061280206878935,0.0006958168507130652,0.8184797707352459,0.0004446857534738776,0.8969109500084395,0.0003537385586545206,0.9639540352366947,0.0003043355281982292
0.7090673949087584,0.0007010057914345236,0.8231607809012519,0.0004482166069819533,0.9028096779291871,0.0003568789266260722,0.9708166812506281,0.0003071738570079555
0.7120526969082257,0.0007061373517587354,0.827912816289012,0.0004517619636801881,0.9087924364518819,0.0003600385099646571,0.977774072332282,0.0003100280949341909
0.7150850468078361,0.0007112105061562867,0.8327370982970526,0.0004553218571151592,0.9148605726815846,0.000363216828684172,0.9848277615944215,0.0003128976399586419
0.7181655914622295,0.0007162243265840708,0.8376348701768382,0.0004588962745312609,0.9210154658226904,0.0003664133595652397,0.9919793430810555,0.0003157818584434682
0.7212955049070097,0.0007211779849263436,0.842607397953804,0.0004624851542240408,0.9272585285141201,0.0003696275358695346,0.9992304532303886,0.0003186800849530438
0.724475988804503,0.0007260707550439978,0.8476559714029469,0.0004660883830059145,0.9335912082040481,0.0003728587471090451,1.006582772381464,0.0003215916220682107
0.72770827288766,0.000730902014398045,0.8527819050799602,0.0004697057937958441,0.9400149885649564,0.00037610633886676,1.014038026326839,0.0003245157401910079
0.7309936154025211,0.0007356712452140355,0.8579865394088052,0.0004733371633437941,0.9465313909499445,0.0003793696126650887,1.021597987913818,0.000327451677338057
0.7343333035498305,0.000740378035155135,0.8632712418265299,0.0004769822100998492,0.9531419758913712,0.0003826478258781498,1.029264478696947,0.0003303986389209906
0.7377286539265827,0.0007450220774730944,0.8686374079860719,0.000480640592236917,0.9598483446430697,0.0003859401916839749,1.037039370644647,0.0003333557975125246
0.7411810129684963,0.0007496031706081903,0.8740864630177191,0.0004843119058349012,0.9666521407675432,0.0003892458790525872,1.044924587903089,0.0003363222925970221
0.7446917573946433,0.0007541212172115558,0.8796198628498414,0.0004879956832331405,0.9735550517697267,0.000392564012765893,1.052922108620551,0.0003392972303046445
0.7482622946557103,0.000758576222566119,0.8852390955894718,0.0004916913915567694,0.9805588107790845,0.0003958936734653382,1.061033966835758,0.000342279683128448
0.751894063387635,0.0007629682923856087,0.890945682963278,0.0004953984314215098,0.9876651982820139,0.0003992338977233257,1.069262254433856,0.0003452686896240652
0.7555885338726512,0.0007672976299748359,0.896741181819468,0.0004991161358202234,0.994876043906722,0.0004025836781344893,1.077609123173931,0.0003482632540919002
0.7593472085100648,0.0007715645327386578,0.9026271856911496,0.0005028437691933637,1.002193228262949,0.0004059419634230378,1.086076786792145,0.0003512623462420567
0.7631716222994077,0.000775769388031722,0.9086053264217117,0.0005065805266843128,1.009618684839143,0.000409307658562559,1.094667523184842,0.0003542649008425374
0.767063343338932,0.0007799126683461824,0.9146772758528112,0.0005103255335794227,1.017154401959902,0.0004126796249048645,1.103383676676149,0.0003572698173515628
0.7710239733427422,0.0007839949258401375,0.920844747575611,0.0005140778449314605,1.024802424806726,0.0004160566803146935,1.112227660374883,0.0003602759595351817
0.7750551481802024,0.0007880167862154383,0.927109498745991,0.000517836445364087,1.032564857505394,0.0004194375993073596,1.121201958625786,0.0003632821550716792
0.779158538441593,0.0007919789419597806,0.9334733319645416,0.0005216002490539476,1.040443865283476,0.0004228211131867168,1.130309129560378,0.0003662871951446209
0.7833358500343302,0.0007958821449745036,0.9399380972222604,0.0005253680998860054,1.048441676701788,0.0004262059101811471,1.139551807752972,0.0003692898340267195
0.7875888248143953,0.000799727198616274,0.9465056939130063,0.0005291387717768265,1.056560585963844,0.0004295906355756188,1.148932706987697,0.0003722887886570449
0.791919241257939,0.0008035149491876832,0.9531780729139152,0.0005329109691597114,1.064802955307612,0.0004329738918382395,1.158454623142601,0.0003752827382144647
0.796328915178336,0.0008072462769187276,0.9599572387351414,0.0005366833276248015,1.073171217484194,0.000436354238740124,1.168120437197274,0.0003782703236905351
0.8008197004942493,0.00081092208648799,0.9668452517404905,0.0005404544147066478,1.081667878328297,0.0004397301934678061,1.177933118370687,0.0003812501474654408
0.8053934900545283,0.0008145432971391035,0.9738442304406982,0.0005442227308111323,1.09029551942569,0.0004431002307278643,1.187895727396281,0.0003842207728909143
0.8100522165259927,0.0008181108324545346,0.9809563538613454,0.000547986710273163,1.099056800883125,0.0004464627828438774,1.19801141994169,0.0003871807238844463
0.81479785335036,0.0008216256098548636,0.9881838639876356,0.0005517447225361744,1.107954464206535,0.0004498162398462805,1.20828345018082,0.0003901284845394513
0.8196324157767271,0.000825088529897402,0.9955290682885157,0.0005554950734441661,1.116991335293627,0.0004531589495561756,1.218715174526378,0.0003930624987564056
0.8245579619761361,0.0008285004654530587,1.002994342322901,0.0005592360066368179,1.126170327547341,0.0004564892176646263,1.229310055531341,0.0003959811699003591
0.8295765942448293,0.0008318622508447872,1.01058213243105,0.0005629657050381153,1.135494445116999,0.0004598053078094545,1.240071665968241,0.0003988828604905654
0.8346904603028195,0.0008351746710345522,1.018294958514452,0.0005666822924289142,1.144966786274335,0.0004631054416520581,1.251003693095598,0.0004017658919283574
0.839901754694366,0.0008384384509485144,1.026135416907892,0.0005703838350939371,1.154590546931946,0.000466387798957253,1.262109943121238,0.000404628544269752
0.8452127202968811,0.0008416542450319132,1.034106183347715,0.0005740683435338925,1.164369024312158,0.0004696505176796507,1.273394345872733,0.000407469056049643
0.8506256499446454,0.0008448226271259037,1.042210016040655,0.0005777337742336345,1.174305620774663,0.0004728916940605749,1.284860959685671,0.0004102856241648171
0.8561428881735303,0.0008479440807582882,1.050449758837963,0.0005813780314776341,1.184403847811722,0.0004761093827400044,1.296513976520986,0.0004130764038233899
0.8617668330926933,0.0008510189899386444,1.058828344519933,0.0005849989692044373,1.194667330220226,0.0004793015968885393,1.308357727323091,0.0004158395085686596
0.8674999383889217,0.000854047630545815,1.067348798196363,0.0005885943928922859,1.205099810460292,0.0004824663083648325,1.320396687631148,0.000418573010385735
0.8733447154689787,0.0008570301623919873,1.076014240828839,0.0005921620614686056,1.215705153210668,0.0004856014479044395,1.332635483456368,0.0004212749398997082
0.8793037357449355,0.0008599666220428116,1.08482789288122,0.0005956996892367119,1.226487350131639,0.0004887049053464695,1.345078897438847,0.0004239432866745252
0.885379633067071,0.0008628569164670947,1.093793078105086,0.0005992049478137254,1.237450524846744,0.0004917745299048877,1.357731875298086,0.0004265759996221151
0.8915751063084947,0.0008657008175827054,1.102913227467411,0.0006026754680744326,1.248598938155145,0.000494808130491751,1.370599532591995,0.0004291709875317548
0.897892922105196,0.0008684979577575008,1.112191883228164,0.0006061088420965858,1.259936993487089,0.0004978034761000869,1.383687161799856,0.0004317261197300779
0.9043359177547619,0.0008712478263153757,1.121632703176067,0.0006095026251039233,1.271469242615546,0.0005007582962545242,1.397000239745437,0.0004342392268825552
0.9109070042765361,0.0008739497670881556,1.131239465031196,0.0006128543374040543,1.283200391637755,0.0005036702815381981,1.410544435377178,0.0004367081019477555
0.9176091696355306,0.000876602977044021,1.141016071023697,0.0006161614663191666,1.29513530724109,0.0005065370842048025,1.424325617923084,0.0004391305012961333
0.9244454821319482,0.000879206506012681,1.15096655265838,0.0006194214681084295,1.307279023268422,0.0005093563188850646,1.438349865438776,0.0004415041460055952
0.9314190939577415,0.0008817592575167102,1.16109507567556,0.0006226317698817955,1.319636747598863,0.0005121255633972224,1.452623473767869,0.0004438267233465953
0.9385332449212337,0.0008842599907074981,1.171405945219084,0.0006257897715058305,1.332213869360625,0.00051484235967145,1.467152965934676,0.0004460958884700286
0.9457912663404575,0.0008867073233932376,1.181903611223094,0.00062889284750303,1.345015966493538,0.0005175042147984847,1.481945101989997,0.0004483092663117504
0.9531965851055464,0.0008890997361355625,1.192592674029716,0.0006319383489469677,1.358048813679664,0.0005201086022130113,1.497006889331539,0.0004504644537281052
0.9607527279102456,0.0008914355773808066,1.203477890250535,0.0006349236053564442,1.371318390661342,0.0005226529630226539,1.512345593521292,0.0004525590218774619
0.9684633256523809,0.0008937130695817349,1.214564178885386,0.0006378459265925988,1.384830890967006,0.0005251347074937196,1.52796874962292,0.0004545905188633547
0.9763321180029867,0.0008959303162559467,1.22585662771274,0.0006407026047637399,1.39859273106606,0.0005275512167050902,1.543884174082948,0.0004565564726555006
0.9843629581436876,0.0008980853099182578,1.237360499966684,0.0006434909161433437,1.412610559975194,0.0005298998443819469,1.560099977180172,0.0004584543943056244
0.9925598176719211,0.0009001759408161625,1.249081241316312,0.0006462081231073638,1.426891269339578,0.0005321779189212609,1.576624576068326,0.0004602817814757333
1.000926791673634,0.0009022000063902646,1.261024487164141,0.0006488514760975998,1.441442004013511,0.0005343827456212479,1.593466708437527,0.0004620361222972282
1.009468103963199,0.0009041552213751972,1.273196070281048,0.0006514182156184263,1.456270173166265,0.0005365116091272429,1.610635446820421,0.000463714899579987
1.018188112490523,0.0009060392284513386,1.285602028796104,0.0006539055742746587,1.471383461940064,0.0005385617761067107,1.628140213569172,0.0004653155953913616
1.027091314915533,0.000907849609353362,1.298248614560664,0.0006563107788587646,1.48678984368837,0.000540530498166382,1.645990796529532,0.0004668356960258279
1.036182354350641,0.0009095838963386286,1.311142301907013,0.0006586310524959339,1.502497592823901,0.0005424150150247737,1.664197365438023,0.0004682726973868891
1.04546602527212,0.0009112395839164283,1.324289796822977,0.0006608636168557981,1.518515298307092,0.0005442125579536426,1.682770489067911,0.000469624110803672
1.054947279601859,0.0009128141407382789,1.337698046564936,0.000663005694439749,1.534851877806997,0.00054592035350222,1.701721153148816,0.0004708874693055461
1.06463123296148,0.0009143050215497742,1.351374249732882,0.0006650545109529045,1.551516592567896,0.0005475356275183983,1.721060779083736,0.000472060334378958
1.074523171101411,0.0009157096791058645,1.365325866832362,0.0006670072977697843,1.568519063016198,0.0005490556094813638,1.740801243485635,0.0004731403032315856
1.084628556508169,0.000917025575953906,1.379560631349388,0.0006688612945026714,1.585869285143402,0.000550477537160547,1.760954898553588,0.0004741250165897612
1.094953035193822,0.0009182501959922477,1.39408656136579,0.0006706137516815109,1.603577647702156,0.0005517986616161204,1.781534593305699,0.0004750121670559983
1.105502443672374,0.0009193810557165373,1.408911971743851,0.0006722619335539616,1.621654950253506,0.0005530162525567044,1.802553695682416,0.0004757995080542596
1.116282816128622,0.0009204157150711436,1.424045486910573,0.0006738031210139392,1.640112422104502,0.0005541276040703467,1.82402611552943,0.0004764848633913819
1.127300391785883,0.0009213517878291598,1.439496054273449,0.0006752346146666306,1.65896174217618,0.0005551300407453344,1.845966328463778,0.0004770661374637885
1.138561622479911,0.0009221869514311358,1.455272958301285,0.0006765537380375735,1.678215059842675,0.0005560209241978486,1.868389400620069,0.0004775413261391968
1.150073180447222,0.0009229189562199911,1.471385835305292,0.0006777578409329352,1.697885016782686,0.0005567976600240154,1.891311014265536,0.000477908528343541
1.161841966337019,0.0009235456340173435,1.48784468895749,0.0006788443029576441,1.717984769884728,0.0005574577051944194,1.914747494262768,0.0004781659583836232
1.173875117456915,0.0009240649059945773,1.504659906585327,0.0006798105371975302,1.738528015247464,0.0005579985759097295,1.938715835347235,0.0004783119590361395
1.186180016263633,0.0009244747898003584,1.521842276283381,0.0006806539940711106,1.759529013315832,0.0005584178559366444,1.963233730172728,0.0004783450154335925
1.198764299110934,0.0009247734059147723,1.539403004885068,0.0006813721653561251,1.781002615192602,0.0005587132054439619,1.988319598061288,0.0004782637697771564
1.211635865268079,0.0009249589832086852,1.557353736839375,0.0006819625883954382,1.802964290163247,0.0005588823703591714,2.013992614374787,0.0004780670369057513
1.224802886223177,0.0009250298636952677,1.575706574039896,0.0006824228504864361,1.825430154469589,0.000558923192266559,2.04027274040249,0.0004777538207493157
1.23827381528695,0.0009249845064686483,1.594474096655657,0.0006827505934575967,1.848417001364238,0.0005588336188683732,2.067180753632391,0.0004773233316924396
1.252057397513485,0.0009248214908323193,1.613669385015633,0.0006829435184355497,1.871942332473458,0.0005586117150311659,2.094738278243184,0.0004767750048720839
1.266162679955753,0.0009245395186270697,1.63330604260121,0.0006829993908055882,1.896024390490319,0.0005582556744398725,2.122967815617979,0.0004761085194298441
1.28059902227485,0.000924137415774775,1.653398220203324,0.0006829160453683868,1.920682193212797,0.0005577638318826533,2.151892774639641,0.0004753238187350932
1.29537610772307,0.0009236141330602029,1.673960641303488,0.0006826913916955216,1.945935568932509,0.0005571346761897969,2.181537501480276,0.0004744211315901063
1.310503954522262,0.0009229687461780811,1.695008628740385,0.0006823234196863473,1.971805193168679,0.0005563668638501808,2.211927308543222,0.0004734009944217948
1.325992927660134,0.0009222004550768661,1.716558132726205,0.000681810205328889,1.99831262672852,0.0005554592333287892,2.243088502154221,0.0004722642744567468
1.341853751128586,0.0009213085826340192,1.738625760279301,0.0006811499166676076,2.025480355058882,0.0005544108201085605,2.27504840852854,0.0004710121938666409
1.358097520629562,0.0009202925726999838,1.76122880614209,0.0006803408199812719,2.05333182883451,0.0005532208724793409,2.307835397461973,0.0004696463548595167
1.374735716775433,0.0009191519875495898,1.784385285255322,0.0006793812861746921,2.081891505704938,0.0005518888680958672,2.341478903105159,0.0004681687656785867
1.391780218812553,0.0009178865047802089,1.808113966861826,0.0006782697973887466,2.111184893094325,0.00055041453132543,2.376009441082054,0.0004665818674539068
1.409243318898379,0.0009164959136957561,1.832434410314618,0.0006770049538340092,2.14123859191591,0.0005487978514040528,2.411458621104174,0.0004648885618329893
1.427137736964459,0.0009149801112146186,1.857367002665602,0.0006755854808543186,2.172080341024325,0.000547039101417591,2.447859154112168,0.000463092239293961
1.445476636199663,0.0009133390973378783,1.882932998112069,0.0006740102362278727,2.203739062184022,0.0005451388581209534,2.485244852845576,0.0004611968080187913
1.464273639190315,0.0009115729702119115,1.909154559378552,0.0006722782177148543,2.236244905279746,0.0005430980226045107,2.523650624600737,0.0004592067231740054
1.483542844756404,0.0009096819208167074,1.93605480111124,0.0006703885708622246,2.269629293434142,0.0005409178418115694,2.56311245478677,0.0004571270164118727
1.503298845525863,0.0009076662273081643,1.963657835360938,0.0006683405970781243,2.303924967627438,0.0005385999309042694,2.603667379732377,0.0004549633253658465
1.523556746291951,0.0009055262490394484,1.991988819228218,0.0006661337619903488,2.33916603033335,0.0005361462964672694,2.645353447034323,0.0004527219228697924
1.544332183202255,0.0009032624202831969,2.021074004740755,0.0006637677041055238,2.375387987592916,0.0005335593605287791,2.688209661576086,0.000450409745581006
1.565641343831612,0.0009008752436733417,2.050940791027614,0.0006612422437879859,2.412627788842659,0.0005308419853666827,2.732275915187189,0.0004480344216319709
1.587500988195492,0.0008983652833824921,2.081617778847995,0.0006585573925798412,2.450923863694099,0.0005279974990532542,2.777592897767475,0.0004456042968752836
1.609928470765093,0.000895733158048496,2.113134827522506,0.0006557133628862919,2.490316154727148,0.0005250297216750458,2.824201987574399,0.0004431284592202492
1.632941763550567,0.0008929795334620555,2.145523114302683,0.0006527105780530065,2.530846145209384,0.0005219429921444794,2.872145118276707,0.0004406167604886699
1.656559480324556,0.0008901051150261645,2.178815196198913,0.0006495496828649854,2.572556880485819,0.0005187421954961331,2.921464620327766,0.0004380798351420816
1.680800902064567,0.0008871106399978592,2.213045074267493,0.0006462315544990475,2.615492981599282,0.0005154327905332539,2.972203034222048,0.0004355291151531572