waveVsWave(?x (OS("/M0" "id") / 2e-06) ?y OS("/M0" "gmoverid")) (L=1.8e-07) X,waveVsWave(?x (OS("/M0" "id") / 2e-06) ?y OS("/M0" "gmoverid")) (L=1.8e-07) Y,waveVsWave(?x (OS("/M0" "id") / 2e-06) ?y OS("/M0" "gmoverid")) (L=3.6e-07) X,waveVsWave(?x (OS("/M0" "id") / 2e-06) ?y OS("/M0" "gmoverid")) (L=3.6e-07) Y,waveVsWave(?x (OS("/M0" "id") / 2e-06) ?y OS("/M0" "gmoverid")) (L=5.4e-07) X,waveVsWave(?x (OS("/M0" "id") / 2e-06) ?y OS("/M0" "gmoverid")) (L=5.4e-07) Y,waveVsWave(?x (OS("/M0" "id") / 2e-06) ?y OS("/M0" "gmoverid")) (L=7.2e-07) X,waveVsWave(?x (OS("/M0" "id") / 2e-06) ?y OS("/M0" "gmoverid")) (L=7.2e-07) Y
0.0005000499635639705,27.22290776592774,0.0004999210135808932,27.33201597064523,0.0004999318552729637,27.26875282899333,0.0004999439542856183,27.19080850086891
0.000511557851125078,27.22040149789356,0.0005115534152987267,27.32775124856863,0.0005115553753092617,27.26333015114923,0.0005115569100950288,27.18449371083735
0.0005234752252628547,27.2178376245683,0.000523470780185058,27.32343658806477,0.0005234727373651612,27.2578414390861,0.0005234742702342878,27.17809791385472
0.000535670199195703,27.21524615240216,0.0005356657456127349,27.31907661659911,0.0005356676998937236,27.25229681093482,0.0005356692307700158,27.1716387457053
0.0005481492399162251,27.21262679937361,0.0005481447778171881,27.31467091120535,0.000548146729184193,27.24669578972064,0.0005481482580551145,27.16511571110496
0.0005609189641918588,27.2099792810895,0.0005609144935654056,27.31021904625536,0.0005609164420033453,27.24103789671776,0.0005609179688562096,27.15852831427974
0.0005739861429143973,27.20730331058698,0.0005739816637486851,27.3057205934451,0.0005739836092422702,27.23532265144317,0.0005739851340642344,27.15187605895656
0.0005873577046899177,27.20459859831979,0.0005873532169726252,27.30117512181259,0.0005873551595063528,27.22954957171834,0.0005873566822844357,27.14515844846669
0.0006010407395124493,27.20186485214401,0.0006010362432307903,27.29658219775787,0.0006010381827889291,27.22371817373156,0.0006010397035100065,27.13837498585229
0.0006150425025231966,27.19910177730259,0.0006150379976639077,27.29194138506341,0.0006150399342305138,27.2178279721035,0.0006150414528812983,27.13152517397654
0.0006293704178572975,27.19630907641314,0.0006293659044066263,27.28725224491654,0.0006293678379655328,27.21187847995515,0.0006293693545326004,27.12460851563599
0.0006440320825801799,27.19348644945238,0.0006440275605239119,27.28251433593225,0.0006440294910587414,27.20586920897751,0.000644031005528505,27.11762451367753
0.0006590352707156801,27.1906335937431,0.0006590307400391118,27.27772721417833,0.0006590326675332555,27.19979966950493,0.000659034179891979,27.1105726711179
0.0006743879373678692,27.18775020394061,0.0006743833980558196,27.27289043320142,0.0006743853224924515,27.1936693705897,0.0006743868327262554,27.10345249126706
0.0006900982229389868,27.18483597201909,0.0006900936749758147,27.26800354405423,0.0006900955963378741,27.1874778200802,0.0006900971044327076,27.09626347785519
0.0007061744574456228,27.18189058725832,0.000706169900815172,27.26306609532518,0.0007061718190853766,27.18122452470113,0.0007061733250270551,27.08900513516246
0.0007226251649353002,27.1789137362314,0.000722620599620982,27.25807763316811,0.0007226225147818287,27.17490899013659,0.0007226240185559912,27.08167696815389
0.000739459068006186,27.17590510279058,0.0007394544939908827,27.25303770133499,0.0007394564060246374,27.16853072111645,0.0007394579076167772,27.07427848261653
0.0007566850924317749,27.17286436805639,0.0007566805096979279,27.24794584120919,0.0007566824185866195,27.16208922150432,0.0007566839179820809,27.06680918530114
0.0007743123718935732,27.16979121040429,0.0007743077804231194,27.24280159184093,0.0007743096861485557,27.15558399438979,0.0007743111833325137,27.05926858406776
0.0007923502528238489,27.16668530545223,0.000792345652598238,27.23760448998407,0.000792347555141984,27.1490145421826,0.0007923490500994672,27.05165618803494
0.000810808299361189,27.16354632605035,0.0008108036903614222,27.23235407013473,0.0008108055897048047,27.1423803667102,0.0008108070824206725,27.04397150773289
0.000829696298421628,27.16037394226804,0.0008296916806281938,27.22704986457187,0.0008296935767523186,27.1356809693183,0.0008296950672112779,27.03621405526078
0.0008490242648877495,27.15716782138307,0.0008490196382806289,27.22169140339939,0.000849021531166377,27.12891585097461,0.0008490230193529652,27.02838334444848
0.00086880244691867,27.15392762787145,0.0008687978114774079,27.21627821458969,0.0008687997011053918,27.12208451237565,0.000868801187004005,27.0204788910215
0.0008890413313838265,27.15065302339535,0.0008890366870874501,27.21080982403015,0.0008890385734380606,27.11518645405686,0.0008890400570329244,27.01250021277131
0.0009097516494232102,27.14734366679378,0.000909746996250271,27.20528575557067,0.000909748879303653,27.10822117650569,0.0009097503605788249,27.00444682972915
0.0009309443821371658,27.14399921407266,0.0009309397200656968,27.19970553107346,0.0009309415998017706,27.10118818027878,0.0009309430787411618,26.99631826434435
0.0009526307664087046,27.14061931839426,0.0009526260954162751,27.19406867046472,0.0009526279718147017,27.09408696612163,0.0009526294484020563,26.98811404166699
0.0009748223008614545,27.137203630069,0.0009748176209251465,27.18837469178847,0.000974819493965362,27.08691703509243,0.0009748209681842512,26.97983368953554
0.0009975307519564361,27.13375179654577,0.0009975260630528165,27.18262311126257,0.0009975279327139944,27.07967788868909,0.0009975294045478432,26.97147673876793
0.001020768160230694,27.13026346240356,0.00102076346233585,27.17681344333691,0.001020765328596927,27.07236902898019,0.001020766798028993,26.96304272335838
0.00104454684668143,27.12673826934362,0.001044542139770939,27.17094520075355,0.00104454400261062,27.06498995873887,0.001044545469623991,26.95453118067797
0.001068879419298741,27.12317585618097,0.001068874703347684,27.16501789460911,0.001068876562744402,27.05754018158171,0.001068878027322023,26.94594165168009
0.001093778779750517,27.11957585883811,0.001093774054733472,27.15903103442001,0.001093775910665438,27.05001920210963,0.00109377737279007,26.93727368111108
0.001119258130223085,27.11593791033746,0.001119253396114164,27.15298412818931,0.001119255248559308,27.04242652605467,0.001119256708213563,26.92852681772483
0.001145330980421228,27.11226164079516,0.00114532623719399,27.1468766824767,0.001145328086130037,27.03476166042869,0.00114532954329636,26.91970061450275
0.001172011154731157,27.10854667741482,0.001172006402358675,27.14070820246998,0.001172008247763068,27.02702411367776,0.001172009702423735,26.91079462887863
0.00119931279955038,27.10479264448281,0.001199308038005213,27.13447819206028,0.001199309879855167,27.01921339583907,0.001199311331992304,26.90180842296773
0.001227250390788356,27.10099916336253,0.001227245620042572,27.12818615391873,0.001227247458315026,27.01132901870333,0.001227248907910589,26.89274156380192
0.001255838741541779,27.09716585249041,0.001255833961566915,27.12183158957626,0.001255835796238573,27.00337049598017,0.001255837243274361,26.88359362356864
0.001285093009948669,27.09329232737202,0.001285088220715775,27.11541399950616,0.00128509005176309,26.99533734346822,0.001285091496220724,26.87436417985557
0.001315028707225462,27.08937820057864,0.001315023908705065,27.10893288320917,0.001315025736104221,26.98722907922982,0.001315027177965182,26.86505281590016
0.00134566170589124,27.08542308174443,0.001345656898053338,27.10238773930133,0.001345658721780279,26.97904522376914,0.001345660161025876,26.85565912084417
0.00137700824818352,27.08142657756443,0.0013770034309976,27.09577806560477,0.001377005251028012,26.97078530021582,0.001377006687639396,26.84618268999345
0.001409084954670142,27.07738829179307,0.00140908012810516,27.0891033592413,0.001409081944414486,26.9624488345118,0.001409083378372656,26.83662312508259
0.001441908833061719,27.07330782524317,0.001441903997086119,27.08236311672888,0.00144190580964953,26.95403535560371,0.001441907240935304,26.82698003454502
0.001475497287229287,27.06918477578555,0.001475492441811009,27.07555683408141,0.001475494250603434,26.94554439563928,0.00147549567919748,26.81725303378786
0.001509868126432167,27.0650187383498,0.001509863271538617,27.06868400691128,0.001509865076534705,26.9369754901683,0.001509866502417543,26.80744174547225
0.001545039574760582,27.06080930492477,0.001545034710358628,27.06174413053512,0.001545036511532816,26.92832817834843,0.001545037934684783,26.7975457997988
0.001581030280798404,27.056556064561,0.001581025406854378,27.05473670008257,0.001581027204180782,26.91960200315574,0.001581028624582109,26.78756483479786
0.001617859327510739,27.05225860337308,0.001617854443990454,27.04766121060885,0.001617856237443004,26.91079651159951,0.001617857655073703,26.77749849662563
0.00165554624236211,27.04791650454273,0.001655541349230848,27.04051715720966,0.001655543138783179,26.90191125494265,0.00165554455362314,26.76734643986441
0.001694111007670115,27.0435293483231,0.001694106104892619,27.03330403514028,0.001694107890518107,26.89294578892608,0.001694109302547069,26.75710832782897
0.001733574071200293,27.0390967120437,0.001733569158740762,27.02602133993805,0.001733570940412558,26.88389967399847,0.001733572349610089,26.74678383287742
0.001773956357007867,27.03461817011562,0.00177395143482997,27.01866856754739,0.001773953212520936,26.87477247555089,0.001773954618866463,26.73637263672719
0.0018152792765319,27.03009329403876,0.00181527434459876,27.01124521444942,0.001815276118281508,26.86556376415615,0.001815277521754295,26.72587443077637
0.001857564739947914,27.02552165240888,0.001857559798222121,27.00375077779483,0.001857561567869006,26.85627311581336,0.001857562968448202,26.71528891642948
0.001900835167785019,27.02090281092559,0.001900830216228602,26.99618475553995,0.001900831981811752,26.84690011219704,0.001900833379476312,26.70461580542877
0.001945113502813531,27.01623633240224,0.001945108541387988,26.98854664658705,0.001945110302879236,26.83744434091204,0.001945111697607988,26.69385482019007
0.001990423222209545,27.01152177677544,0.001990418250875788,26.98083595092828,0.001990420008246735,26.82790539575273,0.001990421400018375,26.68300569414316
0.002036788350002797,27.00675870111677,0.002036783368721243,26.9730521697932,0.002036785121943212,26.81828287696774,0.002036786510736275,26.6720681720777
0.002084233469814613,27.00194665964426,0.002084228478545068,26.96519480580051,0.002084230227589174,26.80857639152938,0.002084231613382052,26.66104201049273
0.002132783737892395,26.99708520373614,0.002132778736594164,26.95726336311328,0.00213278048143122,26.79878555340854,0.002132781864202167,26.64992697795163
0.002182464896447833,26.99217388194457,0.002182459885079621,26.94925734759874,0.002182461625680213,26.78890998385463,0.002182463005407351,26.63872285544091
0.002233303287305752,26.98721224001121,0.002233298265825741,26.94117626699149,0.002233300002160208,26.77894931168012,0.002233301378821506,26.62742943673352
0.00228532586587091,26.98219982088325,0.002285320834236693,26.93301963106143,0.002285322566275107,26.76890317355099,0.002285323939848434,26.61604652875654
0.002338560215420101,26.97713616473123,0.002338555173588735,26.92478695178507,0.002338556901300914,26.75877121428137,0.002338558271763988,26.60457395196244
0.002393034561727194,26.97202080896749,0.002393029509655132,26.91647774352195,0.002393031233010666,26.74855308713407,0.002393032600341056,26.59301154070475
0.002448777788028732,26.96685328826615,0.002448772725671893,26.90809152319458,0.002448774444640138,26.73824845412543,0.002448775808815307,26.581359143617
0.002505819450338355,26.96163313458398,0.002505814377652083,26.89962781047283,0.002505816092202089,26.72785698633588,0.002505817453199367,26.56961662399558
0.002564189793117624,26.95635987718285,0.002564184710056679,26.89108612796325,0.002564186420157321,26.71737836422468,0.002564187777953924,26.55778386018556
0.002623919765312166,26.95103304265324,0.002623914671830754,26.88246600140179,0.002623916377450612,26.70681227795028,0.002623917732023645,26.5458607459701
0.002685041036761131,26.94565215493922,0.00268503593281289,26.87376695985188,0.002685037633920347,26.69615842769534,0.00268503898524676,26.53384719096243
0.00274758601498903,26.9402167353645,0.002747580900527,26.86498853590652,0.002747582597090151,26.68541652399645,0.002747583945146827,26.52174312100074
0.002811587862388549,26.93472630266034,0.002811582737365206,26.8561302658949,0.002811584429351973,26.67458628807863,0.002811585774115642,26.50954847854517
0.002877080513803775,26.9291803729943,0.002877075378171029,26.84719169009399,0.002877077065549029,26.66366745219474,0.002877078406996355,26.49726322307747
0.002944098694522857,26.9235784600006,0.002944093548231998,26.83817235294416,0.002944095230968666,26.65265975996929,0.002944096569076181,26.48488733150201
0.003012677938689781,26.91792007481247,0.003012672781691576,26.82907180326983,0.003012674459754082,26.64156296674673,0.003012675794498231,26.47242079854879
0.003082854608145111,26.91220472609532,0.00308284944038973,26.81988959450481,0.003082851113745026,26.63037683994439,0.00308285244510215,26.45986363717729
0.003154665911705508,26.90643192008145,0.003154660733142506,26.81062528492237,0.003154662401757342,26.61910115940935,0.003154663729703691,26.44721587898161
0.003228149924892248,26.90060116060729,0.003228144735470635,26.80127843786957,0.003228146399311513,26.60773571777991,0.003228147723823258,26.4344775745958
0.003303345610119515,26.89471194915082,0.003303340409787692,26.79184862200719,0.003303342068820921,26.59628032085071,0.003303343389874116,26.4216487940996
0.003380292837352703,26.88876378487176,0.003380287626058469,26.78233541155354,0.003380289280250097,26.58473478794197,0.003380290597820767,26.40872962742361
0.003459032405247916,26.88275616465331,0.003459027182938544,26.77273838653397,0.003459028832254422,26.57309895227244,0.003459030146318482,26.39572018475423
0.003539606062784161,26.87668858314454,0.003539600829406278,26.76305713303449,0.00353960247381208,26.56137266133558,0.003539603784345364,26.38262059693686
0.003622056531399031,26.87056053280642,0.003622051286898718,26.75329124346053,0.003622052926359875,26.54955577727975,0.003622054233338175,26.36943101587816
0.003706427527640295,26.86437150395758,0.003706422271962985,26.74344031680059,0.003706423906444743,26.537648177291,0.003706425209843773,26.35615161494545
0.003792763786344823,26.85812098482378,0.003792758519435446,26.73350395889448,0.003792760148902865,26.52564975397894,0.003792761448698295,26.34278258936416
0.003881111084357879,26.85180846158758,0.003881105806160708,26.72348178270672,0.003881107430578606,26.51356041576564,0.00388110872674603,26.32932415661162
0.003971516264804282,26.84543341844148,0.003971510975263028,26.71337340860458,0.00397151259459607,26.50138008727657,0.003971513887111082,26.31577655680715
0.004064027261925493,26.83899533764146,0.004064021960983269,26.70317846464081,0.004064023575195916,26.48910870973397,0.00406402486403402,26.3021400530981
0.004158693126494841,26.83249369956397,0.004158687814094173,26.69289658684142,0.004158689423150754,26.47674624135227,0.004158690708287437,26.28841493204023
0.004255564051825007,26.82592798276386,0.004255558727907859,26.68252741949811,0.004255560331772431,26.4642926577349,0.004255561613183141,26.27460150397316
0.004354691400381049,26.819297664035,0.004354686064888758,26.67207061546552,0.004354687663525314,26.45174795227266,0.00435468894118549,26.26070010338886
0.00445612773101365,26.81260221847242,0.004456122383886963,26.66152583646283,0.004456123977259249,26.43911213654285,0.004456125251144318,26.24671108929331
0.00455992682682624,26.80584111953762,0.004559921468005356,26.65089275338067,0.004559923056077021,26.42638524070914,0.004559924326162378,26.23263484556038
0.004666143723691821,26.79901383912471,0.004666138353116344,26.64017104659195,0.00466613993585081,26.41356731392193,0.004666141202111873,26.21847178127681
0.004774834739433513,26.79211984762973,0.004774829357042425,26.62936040626763,0.004774830934403049,26.40065842471797,0.004774832196815184,26.20422233107814
0.004886057503685007,26.78515861402237,0.004886052109416784,26.61846053269687,0.004886053681366709,26.38765866142024,0.004886054939905355,26.1898869554738
0.00499987098844675,26.77812960591882,0.004999865582239195,26.60747113661171,0.004999867148741477,26.37456813253607,0.004999868403382063,26.17546614116163
0.005116335539353458,26.77103228965843,0.005116330121143835,26.59639193951562,0.005116331682161366,26.36138696715426,0.005116332932879315,26.16096040132988
0.005235512907670212,26.76386613038197,0.005235507477395244,26.58522267401682,0.00523550903289082,26.34811531534027,0.005235510279661629,26.14637027594624
0.005357466283033994,26.75663059211206,0.005357460840629768,26.57396308416539,0.005357462390566013,26.33475334852857,0.005357463633365217,26.13169633203293
0.00548226032695737,26.74932513783698,0.005482254872359406,26.56261292579453,0.005482256416698947,26.32130125991245,0.005482257655502107,26.11693916392669
0.005609961207113098,26.74194922959605,0.00560995574025639,26.55117196686541,0.005609957278961686,26.30775926483,0.005609958513744384,26.10209939352269
0.005740636632417045,26.73450232856831,0.005740631153235992,26.53963998781621,0.0057406326862694,26.29412760114604,0.005740633917007352,26.08717767050098
0.005874355888928343,26.72698389516305,0.005874350397356763,26.52801678191441,0.005874351924680604,26.28040652962921,0.005874353151349535,26.07217467253501
0.006011189876585768,26.71939338911395,0.006011184372556926,26.51630215561254,0.006011185894133395,26.26659633432388,0.00601118711670917,26.05709110548026
0.006151211146799793,26.71173026957498,0.006151205630246454,26.50449592890734,0.006151207146037699,26.25269732291558,0.006151208364496198,26.04192770354239
0.0062944939409204,26.70399399521937,0.006294488411774705,26.49259793570198,0.006294489921742832,26.23870982709006,0.006294491136060079,26.02668522942332
0.006441114229600772,26.69618402434146,0.006441108687794326,26.48060802417083,0.006441110191901397,26.22463420288456,0.006441111402053513,26.01136447444398
0.00659114975307791,26.68829981496135,0.006591144198541792,26.46852605712743,0.006591145696749832,26.21047083103086,0.006591146902713035,25.9959662586427
0.006744680062391597,26.680340824932,0.006744674495056341,26.45635191239434,0.0067446759873273,26.19622011728928,0.006744677189077966,25.98049143084754
0.006901786561563355,26.67230651204972,0.006901780981358943,26.44408548317568,0.006901782467654833,26.18188249277283,0.006901783665169453,25.96494086872128
0.007062552550757959,26.66419633416718,0.007062546957613904,26.4317266784312,0.007062548437896689,26.16745841426024,0.007062549631151853,25.94931547877781
0.007227063270450347,26.65600974930953,0.007227057664295601,26.41927542325218,0.007227059138527229,26.15294836449788,0.007227060327499764,25.9336161963681
0.007395405946621146,26.64774621579366,0.007395400327384141,26.40673165923878,0.007395401795526614,26.13835285248857,0.007395402980193476,25.91784398563465
0.007567669837005152,26.63940519235004,0.007567664204613771,26.3940953448781,0.007567665666629099,26.12367241376705,0.00756766684696737,25.90199983943263
0.007743946278416748,26.63098613824824,0.007743940632798454,26.38136645592351,0.007743942088648714,26.10890761066087,0.007743943264635734,25.88608477921604
0.007924328735178234,26.62248851342481,0.007924323076259916,26.3685449857737,0.007924324525907224,26.09405903253563,0.007924325697520463,25.87009985488785
0.008108912848675518,26.61391177861503,0.008108907176383668,26.35563094585225,0.008108908619790193,26.07912729602353,0.008108909787007339,25.85404614461147
0.008297796488068681,26.60525539548719,0.008297790802329242,26.34262436598663,0.008297792239457237,26.06411304523422,0.00829779340225621,25.83792475458306
0.008491079802183324,26.59651882678051,0.008491074102921796,26.3295252947864,0.008491075533733657,26.04901695194661,0.008491076692092555,25.82173681876217
0.008688865272610966,26.58770153644581,0.008688859559752396,26.31633380002002,0.00868886098421053,26.03383971578068,0.008688862138107788,25.80548349855909
0.008891257768046017,26.5788029897901,0.008891252041514999,26.30304996899032,0.008891253459582006,26.01858206434772,0.008891254608996212,25.78916598247752
0.009098364599888531,26.56982265362375,0.00909835885960927,26.28967390890767,0.009098360271247838,26.00324475337847,0.009098361416157847,25.77278548571048
0.009310295579142374,26.56075999641118,0.009310289825038502,26.27620574726032,0.009310291230211544,25.98782856682669,0.009310292370596494,25.75634324968756
0.009527163074638018,26.5516144884252,0.009527157306632927,26.26264563218175,0.009527158705303469,25.97233431694822,0.009527159841142774,25.73984054157221
0.009749082072612597,26.54238560190414,0.009749076290629112,26.24899373281432,0.009749077682760333,25.95676284435296,0.00974907881403371,25.72327865370645
0.009976170237676413,26.53307281121278,0.009976164441637134,26.23525023966837,0.009976165827192454,25.94111501802906,0.009976166953879897,25.70665890300198
0.01020854797520094,26.52367559300638,0.01020854216502799,26.22141536497681,0.01020854354397097,25.92539173533779,0.01020854466605277,25.68998263027515
0.01044633849515889,26.51419342639818,0.01044633267077407,26.20748934304369,0.0104463340430686,25.90959392197727,0.01044633516052539,25.6732511995242
0.01068966787745208,26.50462579313032,0.01068966203877678,26.19347243058695,0.01068966340438693,25.893722531914,0.01068966451719966,25.65646599714715
0.01093866513876037,26.49497217774813,0.01093865928571569,26.17936490707413,0.0109386606446058,25.8777785472804,0.01093866175275576,25.63962843109778
0.01119346230094822,26.48523206777791,0.01119345643345495,26.16516707505058,0.01119345778558966,25.86176297823669,0.0111934588890585,25.62273992997851
0.0114541944610644,26.47540495390794,0.01145418857904301,26.15087926045903,0.01145418992438725,25.84567686279584,0.01145419102315695,25.60580194206791
0.01172099986297221,26.46549033017303,0.0117209939663429,26.13650181295051,0.01172099530486186,25.82952126660959,0.01172099639891484,25.58881593428109
0.01199401997064819,26.45548769414255,0.01199401405933087,26.122035106185,0.01199401539099014,25.81329728271399,0.01199401648030911,25.57178339106114
0.01227339954318824,26.44539654711176,0.01227339361710258,26.10747953812139,0.01227339494186803,25.79700603123298,0.01227339602643615,25.55470581319974
0.01255928671156067,26.43521639429634,0.01255928077062613,26.09283553129587,0.01255928208846412,25.78064865903782,0.01255928316826489,25.53758471658522
0.01285183305714749,26.42494674503073,0.01285182710128337,26.07810353308773,0.01285182841216045,25.76422633936103,0.01285182948717782,25.52042163087606
0.01315119369211454,26.41458711296954,0.01315118772123984,26.06328401597177,0.01315118902512316,25.74774027136303,0.01315119009534144,25.50321809809865
0.01345752734165421,26.40413701629229,0.01345752135568782,26.04837747775606,0.01345752265254489,25.73119167964924,0.01345752371794889,25.48597567116675
0.01377099642814366,26.39359597791135,0.01377099042700432,26.03338444180457,0.01377099171680301,25.71458181373649,0.01377099277737788,25.46869591232191
0.01409176715726311,26.38296352568359,0.01409176114086948,26.01830545724292,0.01409176242357819,25.69791194746628,0.01409176347930954,25.45138039149272
0.01442000960612057,26.3722391926248,0.01442000357439108,26.00314109914714,0.01442000484997876,25.68118337836356,0.01442000590085262,25.43403068457135
0.01475589781342863,26.36142251712754,0.0147558917662819,25.987891968713,0.01475589303471779,25.66439742693877,0.01475589408072069,25.41664837160634
0.01509960987178254,26.3505130431818,0.01509960380913687,25.9725586934063,0.01509960507039093,25.64755543593154,0.01509960611150981,25.39923503490975
0.01545132802208686,26.33951032059935,0.01545132194386066,25.95714192709158,0.01545132319790332,25.63065876949407,0.01545132423412552,25.38179225707779
0.01581123875018208,26.32841390524059,0.01581123265629387,25.94164235013905,0.01581123390309605,25.61370881231231,0.01581123493440944,25.3643216189235
0.01617953288572227,26.3172233592444,0.01617952677609032,25.92606066950782,0.01617952801562362,25.59670696866311,0.01617952904201653,25.34682469732034
0.01655640570335479,26.30593825126116,0.01655639957789772,25.91039761880441,0.01655640081013424,25.57965466140546,0.01655640183159539,25.32930306295598
0.01694205702625809,26.29455815668829,0.01694205088489456,25.89465395831538,0.01694205210980708,25.56255333090423,0.01694205312632558,25.31175827799511
0.01733669133209044,26.2830826579086,0.01733668517473917,25.87883047501237,0.01733668639230101,25.5454044338839,0.01733668740386655,25.29419189365067
0.01774051786140646,26.27151134453129,0.01774051168798631,25.86292798252841,0.01774051289817159,25.52820944221135,0.01774051390477422,25.27660544766292
0.01815375072859958,26.25984381363525,0.01815374453902971,25.84694732110403,0.01815374574181299,25.5109698416054,0.01815374674344328,25.25900046168559
0.0185766090354281,26.24807967001519,0.01857660282962783,25.83088935750168,0.01857660402498452,25.49368713027129,0.01857660502163343,25.24137843857944
0.01900931698718592,26.23621852642947,0.01900931076507482,25.81475498488699,0.01900931195298095,25.47636281745893,0.01900931294463983,25.2237408596123
0.01945210401157911,26.22426000385045,0.01945209777307709,25.79854512267522,0.01945209895350949,25.45899842194264,0.0194520999401701,25.20608918156615
0.01990520488037154,26.21220373171685,0.01990519862539888,25.7822607163418,0.01990519979833505,25.44159547042123,0.01990520077998961,25.18842483375114
0.02036885983386409,26.20004934818763,0.0203688535623414,25.76590273719463,0.02036885472775954,25.42415549583665,0.02036885570440062,25.17074921492728
0.02084331470827304,26.18779650039798,0.02084330842012135,25.74947218210732,0.02084330957800041,25.40668003560977,0.02084331054962104,25.1530636901339
0.02132882106607582,26.17544484471649,0.02132881476121664,25.73297007321106,0.02132881591153628,25.38917062979206,0.02132881687812991,25.13536958742819
0.02182563632939266,26.16299404700378,0.02182563000774804,25.71639745754406,0.02182563115048888,25.37162881913147,0.02182563211204899,25.11766819453349
0.02233402391647547,26.15044378287234,0.02233401757796784,25.69975540665628,0.02233401871311118,25.35405614305164,0.02233401966963184,25.09996075539863
0.02285425338137509,26.13779373794726,0.02285424702592787,25.68304501616827,0.02285424815345556,25.33645413754332,0.02285424910493118,25.08224846666999
0.02338660055686343,26.12504360812735,0.0233865941844001,25.66626740528205,0.02338659530429519,25.31882433296636,0.02338659625072026,25.0645324740778
0.02393134770068251,26.11219309984752,0.02393134131112742,25.64942371624239,0.02393134242337369,25.30116825176235,0.02393134336474301,25.0468138687387
0.0244887836452019,26.09924193034044,0.02448877723848044,25.63251511374682,0.02448877834306222,25.28348740607613,0.0244887792793708,25.02909368337683
0.02505920395056149,26.08618982789908,0.02505919752659948,25.61554278430237,0.02505919862350209,25.26578329528612,0.02505919955474519,25.01137288846603
0.02564291106138129,26.07303653213815,0.02564290462010543,25.5985079355275,0.02564290570931493,25.24805740344272,0.02564290663548795,24.99365238829576
0.02624021446712124,26.05978179425568,0.02624020800845923,25.5814117953974,0.02624020908996248,25.23031119661445,0.02624021001106086,24.97593301696386
0.02685143086617727,26.04642537729323,0.02685142439005755,25.56425561143059,0.02685142546384222,25.21254612014144,0.02685142637986144,24.95821553429965
0.02747688433379829,26.03296705639518,0.02747687784015039,25.54704064981548,0.02747687890620502,25.19476359579649,0.02747687981714059,24.94050062172078
0.0281169064939158,26.01940661906621,0.02811689998267014,25.52976819447468,0.02811690104098397,25.17696501885368,0.02811690194683145,24.92278887802789
0.0287718366949749,26.00574386542737,0.02877183016606304,25.51243954606552,0.02877183121662601,25.15915175506458,0.02877183211738081,24.90508081514138
0.02944202218986128,25.99197860846944,0.02944201564321595,25.49505602091509,0.02944201668601889,25.14132513754312,0.02944201758167624,24.88737685378465
0.03012781832001976,25.97811067430388,0.03012781175557467,25.47761894988778,0.03012781279060904,25.12348646355926,0.03012781368116407,24.86967731911887
0.03082958870386038,25.96413990241084,0.03082958212155062,25.46012967718379,0.03082958314880875,25.10563699124259,0.03082958403425598,24.85198243633427
0.03154770542955426,25.95006614588344,0.03154769882931615,25.44258955906688,0.03154769984879079,25.08777793619715,0.03154770072912485,24.8342923262035
0.03228254925231936,25.93588927166855,0.0322825426340906,25.42499996251972,0.03228254364577524,25.06991046802855,0.03228254452099014,24.81660700060286
0.03303450979630206,25.92160916080298,0.03303450316002166,25.4073622638252,0.0330345041639105,25.05203570678511,0.03303450503399976,24.79892635800743
0.03380398576116092,25.90722570864475,0.03380397910676922,25.38967784707202,0.03380398010285704,25.03415471931487,0.03380398096781356,24.78125017896643
0.03459138513346274,25.89273882509948,0.0345913784609017,25.37194810258313,0.03459137944918375,25.01626851554069,0.03459138030899978,24.76357812156571
0.03539712540300208,25.87814843484033,0.03539711871221529,25.3541744252657,0.03539711969268737,24.99837804465537,0.03539712054735451,24.74590971688404
0.03622163378416041,25.86345447752227,0.03622162707509285,25.33635821288086,0.03622162804775109,24.98048419124019,0.03622162889725994,24.72824436445081
0.03706534744242039,25.84865690798875,0.03706534071501866,25.31850086423215,0.0370653416798596,24.96258777130878,0.03706534252419995,24.71058132771231
0.03792871372615673,25.83375569647126,0.03792870698036928,25.30060377727125,0.03792870793738993,24.94468952828048,0.03792870877655027,24.69291972951484
0.03881219040382672,25.81875082878075,0.03881218363960351,25.28266834712017,0.03881218458880088,24.92679012888609,0.03881218542276898,24.67525854761231
0.03971624590668445,25.80364230649004,0.03971623912397755,25.26469596400809,0.03971624006534905,24.90889015900977,0.03971624089411094,24.65759661020699
0.04064135957715007,25.78843014710709,0.0406413527759131,25.24668801112279,0.04064135370945609,24.89099011947158,0.04064135453299658,24.63993259153181
0.04158802192296279,25.77311438423801,0.0415880151031513,25.22864586237505,0.04158801602886326,24.87309042175455,0.04158801684716557,24.62226500748299
0.04255673487725494,25.75769506773946,0.04255672803882642,25.21057088007557,0.0425567289567045,24.85519138368141,0.04255672976975036,24.60459221131212
0.04354801206468323,25.74217226385932,0.04354800520759731,25.19246441252398,0.04354800611763879,24.83729322504539,0.04354800692540782,24.58691238938671
0.04456237907375999,25.72654605536537,0.04456237219797787,25.17432779150887,0.04456237310017964,24.81939606320104,0.04456237390264976,24.56922355702884
0.04560037373552641,25.71081654166064,0.04560036684101174,25.15616232971914,0.04560036773537003,24.80149990862018,0.04560036853251695,24.55152355444105
0.04666254640871819,25.69498383888517,0.0466625394954363,25.13796931806606,0.04666254038194723,24.78360466041899,0.04666254117374427,24.53381004272938
0.04774946027157258,25.67904808000311,0.0477494533394912,25.11975002291595,0.04774945421814993,24.76571010186262,0.04774945500456838,24.51608050003325
0.04886169162043355,25.66300941487407,0.04886168466952252,25.10150568323397,0.04886168554032335,24.74781589585357,0.04886168632133162,24.49833221777197
0.04999983017531114,25.64686801030838,0.04999982320554238,25.08323750763896,0.04999982406847876,24.72992158041081,0.04999982484404248,24.48056229701776
0.05116447939255938,25.63062405010482,0.05116447240390683,25.06494667137004,0.05116447325897112,24.71202656414668,0.05116447402905316,24.46276764500536
0.05235625678483599,25.61427773507051,0.05235624977727611,25.04663431316542,0.05235625062445925,24.69413012174893,0.05235625138901931,24.44494497178785
0.053575794248517,25.59782928302114,0.05357578722202783,25.02830153205464,0.05357578806131968,24.67623138947558,0.05357578882031411,24.4270907870489
0.05482373839873531,25.58127892876145,0.05482373135329759,25.009949384065,0.05482373218468586,24.6583293606704,0.05482373293806754,24.40920139708127
0.05610075091222544,25.56462692404442,0.05610074384782183,24.9915788788437,0.05610074467129275,24.64042288130736,0.0561007454190108,24.391272901941
0.05740750887815287,25.54787353750827,0.05740750179476843,24.97319097619718,0.05740750261030605,24.62251064557231,0.05740750335230582,24.37330119278752
0.058744705157116,25.53101905459034,0.05874469805473759,24.95478658254943,0.05874469886232369,24.60459119149062,0.05874469959854638,24.35528194941872
0.06011304874850963,25.51406377741654,0.06011304162712688,24.93636654732132,0.06011304242674047,24.5866628966095,0.06011304315712292,24.33721063801058
0.06151326516644651,25.49700802466549,0.06151325802605025,24.9179316592332,0.06151325881766808,24.56872397374427,0.06151325954214255,24.31908250907057
0.06294609682443325,25.4798521314061,0.0629460896650169,24.89948264253331,0.06294609044861257,24.55077246679759,0.06294609116710671,24.30089259561352
0.06441230342900911,25.46259644890749,0.06441229625056812,24.88102015315495,0.06441229702611201,24.53280624666104,0.06441229773854823,24.28263571156883
0.06591266238255183,25.44524134441998,0.06591265518508356,24.86254477480507,0.06591265595254232,24.51482300720897,0.06591265665883807,24.26430645042736
0.06744796919546736,25.42778720092618,0.06744796197897066,24.84405701498826,0.06744796273830722,24.49682026139357,0.06744796343837427,24.24589918413583
0.06901903790797824,25.4102344168608,0.06901903067245389,24.82555730096914,0.06901903142362745,24.47879533745164,0.06901903211737201,24.22740806224671
0.07062670152174051,25.39258340579789,0.07062669426719162,24.80704597567745,0.07062669501015628,24.46074537523233,0.07062669569747855,24.20882701133082
0.07227181244151142,25.37483459610436,0.0722718051679415,24.78852329356009,0.07227180590264723,24.44266732265606,0.07227180658344141,24.19014973465917
0.0739552429271049,25.35698843055871,0.0739552356345199,24.76998941638414,0.07395523636091175,24.42455793231417,0.07395523703506518,24.17136971216104
0.07567788555587726,25.33904536593321,0.07567787824428424,24.75144440899631,0.07567787896230101,24.40641375821977,0.07567787962969466,24.15248020066379
0.07744065369598133,25.32100587253871,0.0774406463653883,24.73288823504335,0.07744064707496362,24.38823115271878,0.07744064773547156,24.13347423442015
0.07924448199064757,25.3028704337305,0.0792444746410636,24.71432075265913,0.07924447534212521,24.37000626357178,0.07924447599561368,24.11434462592767
0.08109032685374437,25.28463954537397,0.08109031948517934,24.69574171012392,0.08109032017764799,24.35173503121575,0.08109032082397664,24.09508396704497
0.08297916697688039,25.26631371526886,0.08297915958934506,24.67715074150189,0.08297916027313484,24.33341318621578,0.08297916091215531,24.07568463040845
0.08491200384832093,25.24789346253045,0.0849119964418264,24.65854736226303,0.08491199711684402,24.31503624691558,0.08491199774839965,24.05613877115265
0.08688986228398986,25.22937931692682,0.0868898548585471,24.63993096489616,0.0868898555246916,24.2965995172966,0.08688985614861776,24.03643832893714
0.0889137909708399,25.21077181817044,0.08891378352646026,24.62130081451966,0.08891378418362235,24.27809808505439,0.08891378479974561,24.0165750302815
0.09098486302288125,25.19207151516298,0.09098485555957531,24.60265604449721,0.09098485620763748,24.2595268199012,0.09098485681577616,23.99654039121016
0.09310417655016043,25.17327896519183,0.09310416906793841,24.5839956520657,0.09310416970677426,24.24088037210306,0.09310417030673673,23.9763257202076
0.09527285524099308,25.15439473307731,0.09527284773986405,24.56531849398317,0.09527284836933705,24.22215317125981,0.09527284896092367,23.95592212148394
0.09749204895775741,25.13541939026881,0.09749204143772973,24.54662328220435,0.09749204205769375,24.2033394253358,0.09749204264069407,23.93532049855041
0.09976293434656852,25.11635351388902,0.09976292680764748,24.52790857959221,0.09976292741794647,24.18443311994857,0.09976292799214101,23.91451155810327
0.1020867154611488,25.09719768572467,0.102086707903339,24.50917279567356,0.1020867085038051,24.16542801792294,0.1020867090689641,23.89348581421431
0.1044646244012355,25.07795249116255,0.1044646168245387,24.49041418244742,0.1044646174149931,24.14631765911689,0.1044646179708764,23.87223359282524
0.1068979219658558,25.05861851806972,0.1068979143702706,24.47163083025485,0.1068979149505226,24.12709536052536,0.1068979154968796,23.85074503654259
0.1093878983218184,25.03919635561651,0.1093878907073401,24.45282066371894,0.1093878912771867,24.1077542166681,0.1093878918137557,23.82901010972924
0.1119358736877781,25.01968659304131,0.1119358660543979,24.4339814377645,0.1119358666136228,24.08828710026625,0.1119358671401316,23.80701860388783
0.1145431990342318,25.00008981835579,0.1145431913819371,24.41511073372597,0.1145431919303105,24.06868666321266,0.1145431924464751,23.78476014333078
0.1172112567998226,24.98040661698971,0.1172112491285952,24.39620595555347,0.1172112496658735,24.04894533783994,0.1172112501713984,23.76222419113089
0.1199414616243259,24.96063757037404,0.1199414539341419,24.37726432612612,0.1199414544600672,24.02905533848986,0.1199414549546454,23.73940005534606
0.1227352610987104,24.94078325446159,0.1227352533895398,24.35828288368215,0.122735253903839,24.00900866338693,0.1227352543871509,23.71627689551094
0.1255941365326697,24.92084423818396,0.1255941288044759,24.33925847837526,0.1255941293068597,23.98879709681866,0.1255941297785747,23.69284372938754
0.1285196037400333,24.90082108184414,0.1285195959927722,24.3201877689671,0.1285195964829357,23.96841221162392,0.1285195969427094,23.66908943996665
0.1315132138424701,24.88071433544387,0.1315132060760892,24.30106721966494,0.1315132065537103,23.94784537199086,0.1315132070011868,23.64500278271114
0.1345765540919149,24.860524536945,0.1345765463063518,24.28189309711476,0.1345765467710917,23.92708773656452,0.1345765472059016,23.62057239303162
0.1377112487121481,24.84025221046417,0.1377112409073314,24.26266146755837,0.1377112413588326,23.90613026186386,0.1377112417805939,23.59578679398461
0.1409189597599829,24.8198978644003,0.1409189519358302,24.24336819416487,0.1409189523737176,23.88496370600754,0.1409189527820343,23.570634404183
0.1442013880065087,24.79946198949434,0.1442013801629256,24.22400893454501,0.1442013805868047,23.86357863274661,0.1442013809812688,23.5451035459075
0.1475602738388632,24.77894505682087,0.1475602659757431,24.20457913845813,0.1475602663851999,23.84196541580207,0.1475602667653889,23.51918245340859
0.1509973981830069,24.75834751571134,0.1509973903002303,24.18507404572028,0.1509973906948305,23.82011424350402,0.150997391060308,23.49285928138666
0.1545145834479967,24.73766979160869,0.1545145755454287,24.16548868432262,0.1545145759247174,23.79801512372941,0.1545145762750339,23.46612211363885
0.1581136944922486,24.71691228385336,0.1581136865697386,24.14581786876841,0.1581136869332401,23.77565788913329,0.1581136872679313,23.43895897186031
0.1617966396123104,24.69607536340068,0.1617966316696913,24.12605619863707,0.161796632016908,23.75303220266956,0.1617966323354965,23.41135782458726
0.1655653715546676,24.67515937046986,0.1655653635917555,24.10619805738324,0.1655653639221671,23.73012756339481,0.1655653642241599,23.38330659626912
0.1694218885511144,24.65416461212487,0.1694218805677052,24.08623761137853,0.1694218808807693,23.70693331254963,0.16942188116566,23.35479317645694
0.1733682353782423,24.63309135978774,0.1733682273741124,24.06616880920323,0.1733682276692623,23.6834386399104,0.1733682279365291,23.32580542909511
0.1774065044416076,24.61193984668493,0.1774064964165114,24.04598538119533,0.1774064966931573,23.65963259040399,0.1774064969422654,23.29633120190271
0.1815388368851532,24.59071026522725,0.1815388288388235,24.02568083926266,0.1815388290963512,23.63550407097762,0.181538829326749,23.26635833583189
0.1857674237264723,24.56940276432474,0.1857674156586165,24.00524847696526,0.1857674158963869,23.61104185771523,0.1857674161075088,23.23587467458945
0.1900945070185116,24.5480174466372,0.1900944989288128,23.98468136987277,0.1900944991461609,23.58623460319119,0.1900944993374272,23.20486807420856
0.1945223810383415,24.52655436576178,0.1945223729264549,23.96397237620264,0.1945223731226906,23.56107084405195,0.1945223732935056,23.17332641265719
0.1990533935036095,24.50501352335922,0.1990533853691616,23.94311413774353,0.1990533855435687,23.53553900881538,0.1990533856933219,23.14123759947025
0.2036899468173309,24.48339486622013,0.2036899386599206,23.92209908106817,0.2036899388117549,23.50962742587734,0.203689938939821,23.10858958539202
0.2084344993416776,24.46169828327332,0.20843449116087,23.90091941903935,0.2084344912893617,23.48332433171462,0.2084344913951,23.0753703720161
0.2132895667014308,24.43992360253819,0.2132895584967591,23.87956715261203,0.2132895586011096,23.45661787927278,0.2132895586838641,23.04156802141
0.2182577231178007,24.41807058802328,0.2182577148887625,23.85803407293401,0.2182577149681467,23.42949614652733,0.2182577150272459,23.00717066571179
0.2233416027733116,24.39613893657364,0.2233415945193693,23.83631176374699,0.2233415945729326,23.4019471452062,0.2233415946076897,22.97216651668625
0.2285439012084805,24.37412827466952,0.2285438929290583,23.81439160408957,0.2285438929559172,23.37395882966108,0.2285438929656306,22.93654387522865
0.2338673767510286,24.35203815517909,0.2338673684455099,23.79226477130227,0.2338673684447528,23.3455191058754,0.2338673684287055,22.90029114080414
0.2393148519783839,24.32986805406868,0.2393148436461113,23.76992224433518,0.2393148436167959,23.31661584059589,0.2393148435742553,22.8633968208112
0.2448892152142467,24.3076173670735,0.244889206854519,23.74735480735704,0.2448892067956748,23.28723687057493,0.2448892067258918,22.82584953985807
0.2505934220600188,24.2852854063325,0.2505934136720901,23.72455305366492,0.2505934135827146,23.25737001191072,0.2505934134849271,22.78763804894122
0.2564304969619034,24.262871396991,0.2564304885449787,23.70150738989214,0.2564304884240419,23.22700306947181,0.2564304882974702,22.74875123451552
0.2624035348145037,24.24037447377528,0.2624035263677409,23.67820804051224,0.2624035262141791,23.19612384639307,0.2624035260580294,22.70917812744577
0.2685157026017782,24.2177936775432,0.2685156941242836,23.65464505263543,0.2685156939370045,23.16472015362981,0.268515693750467,22.6689079118304
0.2747702410762195,24.19512795181511,0.2747702325670455,23.63080830109378,0.2747702323449248,23.13277981955643,0.2747702321271744,22.62792993368771
0.2811704664771414,24.17237613929023,0.2811704579352848,23.60668749381073,0.2811704576771679,23.10029069959695,0.2811704574273637,22.58623370949602
0.2877197722889924,24.14953697835269,0.2877197637133953,23.58227217744951,0.2877197634180941,23.06724068587395,0.2877197631353803,22.54380893457956
0.2944216310406298,24.12660909957292,0.2944216224301722,23.55755174333509,0.2944216220964693,23.03361771686287,0.2944216217799746,22.50064549133203
0.301279596146496,24.10359102220931,0.3012795874999978,23.53251543364283,0.3012795871266428,22.99940978703907,0.3012795867754805,22.45673345727069
0.3082973037906882,24.08048115071595,0.3082972951069056,23.50715234784737,0.3082972946926164,22.96460495650475,0.3082972943058848,22.41206311291378
0.3154784748549119,24.05727777126212,0.3154784661325352,23.48145144942394,0.3154784656759979,22.92919136058331,0.3154784652527788,22.3666249494753
0.322826916891339,24.03397904826917,0.3228269081289913,23.4554015727941,0.3228269076288589,22.89315721936906,0.3228269071682196,22.32040967637085
0.3303465261414246,24.01058302097161,0.3303465173376583,23.42899143050741,0.3303465167925529,22.85649084721998,0.3303465162935464,22.27340822852929
0.3380412896017442,23.98708760000804,0.3380412807550403,23.40220962064981,0.3380412801635518,22.81918066218237,0.3380412796252135,22.22561177350534
0.3459152871379544,23.9634905640488,0.3459152782467199,23.37504463446933,0.3459152776074036,22.78121519533549,0.3459152770287555,22.17701171838858
0.3539726936479867,23.93978955646707,0.353972684710551,23.34748486420897,0.3539726840219327,22.7425831000457,0.3539726834019808,22.12759971650482
0.3622177812756411,23.91598208206007,0.362217772290255,23.31951861113648,0.3622177715508265,22.70327316111896,0.362217770888562,22.07736767390663
0.3706549216757246,23.89206550382736,0.3706549126405591,23.29113409376,0.3706549118487795,22.66327430384193,0.3706549111431784,22.02630775564986
0.3792885883319683,23.86803703981369,0.3792885792451095,23.26231945621865,0.3792885783994074,22.62257560290157,0.3792885776494296,21.97441239185346
0.3881233589289211,23.84389376002321,0.3881233497883704,23.23306277683656,0.3881233488871413,22.58116629117367,0.388123348091731,21.92167428354096
0.397163917779101,23.81963258341268,0.3971639085827746,23.2033520768282,0.3971639076243801,22.53903576837176,0.3971639067824683,21.8680864082614
0.4064150583066821,23.79525027497102,0.4064150490524045,23.17317532914362,0.4064150480351757,22.49617360954742,0.4064150471456771,21.81364202548925
0.4158816855890295,23.77074344289285,0.415881676274534,23.14252046744064,0.415881675196768,22.45256957343413,0.4158816742585821,21.7583346818017
0.4255688189574326,23.7461085358535,0.425568809580358,23.1113753951721,0.4255688084403225,22.40821361062707,0.4255688074523331,21.70215821583378
0.4354815946584266,23.72134184039307,0.435481585216317,23.07972799477535,0.4354815840122453,22.3630958715917,0.4354815829733228,21.64510676301085
0.4456252685770953,23.69643947841733,0.4456252590673964,23.04756613695113,0.44562525779749,22.3172067144943,0.4456252567064893,21.58717476005897
0.4560052190238125,23.67139740482311,0.4560052094438682,23.0148776900195,0.4560052081062984,22.27053671284865,0.4560052069620555,21.52835694929421
0.4666269495858877,23.64621140525563,0.4666269399329416,22.98165052933943,0.4666269385258469,22.22307666297284,0.466626937327189,21.46864838269168
0.4774960920456505,23.62087709400553,0.477496082316843,22.94787254677962,0.4774960808383286,22.17481759125123,0.4774960795840637,21.40804442573612
0.488618409366487,23.59538991205325,0.4886183995588507,22.91353166022775,0.4886183980069935,22.12575076119678,0.4886183966959134,21.34654076105561
0.4999997987484457,23.56974512526784,0.4999997888589045,22.87861582312506,0.4999997872317481,22.07586768030954,0.4999997858626328,21.28413339184073
0.5116462947550053,23.54393782276794,0.5116462847803768,22.84311303401392,0.5116462830759315,22.02516010672757,0.5116462816475444,21.22081864505132
0.523564072512684,23.5179629154519,0.5235640624496692,22.80701134608599,0.5235640606659195,21.97362005566708,0.5235640591770077,21.1565931744139
0.535759450985172,23.49181513470435,0.5357594408303621,22.77029887671798,0.535759438965256,21.9212398056489,0.5357594374145548,21.09145396321216
0.5482388963237286,23.46548903128577,0.5482388860735987,22.73296381698369,0.5482388841250563,21.86801190450909,0.5482388825112821,21.0253983268743
0.5610090252956221,23.43897897441226,0.5610090149465309,22.69499444112968,0.5610090129124412,21.81392917519164,0.5610090112342964,20.95842391536005
0.5740766087924287,23.41227915103137,0.5740765983406148,22.65637911600321,0.5740765962188347,21.75898472132211,0.574076594475008,20.89052871535123
0.5874485754200454,23.38538356530095,0.5874485648616267,22.61710631042091,0.587448562649986,21.70317193256085,0.5874485608391499,20.82171105224965
0.6011320151723292,23.35828603827645,0.6011320045033042,22.57716460446706,0.6011320021995988,21.64648448973553,0.6011320003204117,20.75196959198606
0.6151341831903073,23.33098020781252,0.6151341724065508,22.53654269871069,0.6151341700085485,21.58891636975262,0.6151341680596535,20.68130334264445
0.629462503608948,23.30345952868439,0.6294624927062088,22.49522942333097,0.6294624902116485,21.53046185028816,0.6294624881916714,20.60971165590568
0.6441245734935348,23.27571727293415,0.6441245624674399,22.45321374714072,0.6441245598740269,21.47111551425829,0.6441245577815822,20.53719422831498
0.6591281668677315,23.2477465304463,0.6591281557137771,22.41048478649871,0.6591281530191884,21.41087225407059,0.6591281508528736,20.46375110237752
0.6744812388354695,23.21954020975731,0.6744812275490238,22.3670318141007,0.6744812247509113,21.34972727565753,0.6744812225093095,20.38938266748658
0.690191929798854,23.19109103910287,0.690191918375158,22.32284426764105,0.6901919154711387,21.28767610229363,0.6901919131528185,20.31408966068895
0.7062685697743091,23.16239156770644,0.70626855820847,22.27791175833591,0.7062685551961358,21.22471457819818,0.7062685527996496,20.23787316729211
0.7227196828092634,23.13343416731235,0.7227196710962619,22.23222407930021,0.7227196679731704,21.1608388719261,0.7227196654970593,20.16073462131766
0.7395539915017119,23.1042110339659,0.7395539796363912,22.18577121377075,0.7395539764000787,21.09604547954895,0.7395539738428654,20.08267580580583
0.7567804216250549,23.07471419004286,0.7567804096021284,22.13854334316821,0.7567804062500973,21.03033122762937,0.7567804036102909,20.00369885297557
0.7744081068606571,23.04493548653005,0.7744080946747062,22.09053085499151,0.7744080912044304,20.96369327599167,0.7744080884805298,19.92380624424488
0.7924463936406548,23.0148666055583,0.7924463812861191,22.04172435053834,0.7924463776950496,20.89612912029181,0.7924463748855343,19.84300081011595
0.8109048461035459,22.98449906318863,0.8109048335747361,21.9921146524458,0.8109048298602911,20.82763659439056,0.810904826963628,19.7612857299296
0.8297932511652296,22.9538242124518,0.8297932384563205,21.94169281204642,0.8297932346158914,20.75821387253307,0.8297932316305354,19.67866453149365
0.8491216237081571,22.92283324664119,0.8491216108131869,21.89045011653431,0.8491216068441372,20.68785947133889,0.8491216037685312,19.59514109058932
0.8689002118913572,22.8915172028582,0.868900198804227,21.83837809593732,0.868900194703896,20.61657225160642,0.8689001915364634,19.51071963036039
0.8891395025841413,22.85986696580894,0.8891394892986167,21.7854685298914,0.8891394850643134,20.54435141993584,0.8891394818034699,19.42540472058909
0.9098502269263866,22.8278732718505,0.9098502134360934,21.73171345421362,0.9098502090651011,20.47119653017485,0.9098502057092467,19.33920127686277
0.9310433660183128,22.79552671328455,0.9310433523167455,21.677105167271,0.9310433478063227,20.39710748469134,0.9310433443538457,19.25211455963565
0.9527301567428289,22.76281774289541,0.9527301428233447,21.62163623614282,0.9527301381707203,20.32208453547771,0.9527301346199973,19.16415017318932
0.9749220977234655,22.72973667872941,0.974922083579279,21.56529950257404,0.9749220787816579,20.24612828509107,0.9749220751310541,19.07531406449572
0.9976309554210893,22.6962737091118,0.9976309410452832,21.50808808871858,0.9976309360998481,20.16923968743397,0.997630932347715,18.98561252198631
1.02086877037265,22.66241889789685,1.020868755758171,21.44999540267098,1.020868750662075,20.09142004838031,1.020868746806757,18.89505217423079
1.044647863575226,22.62816218994622,1.044647848714886,21.39101514378593,1.044647843465257,20.01267102625088,1.044647839505086,18.80363998852854
1.068980843018783,22.59349341683092,1.068980827905252,21.33114130778518,1.0689808224992,19.93299463214314,1.068980818432494,18.71138326941614
1.093880610371085,22.55840230275057,1.09388059499691,21.27036819165174,1.093880589431515,19.85239323012011,1.093880585256586,18.61828965709354
1.11936036781835,22.52287847066401,1.119360352175933,21.20869039831199,1.119360346448253,19.7708695372625,1.119360342163409,18.52436712577178
1.145433625065208,22.486911448625,1.14543360914682,21.1461028411063,1.145433603253892,19.6884266235889,1.145433598857423,18.42962398194476
1.172114206497721,22.45049067631566,1.172114190295508,21.08260074804926,1.172114184234345,19.60506791184856,1.172114179724542,18.33406886258721
1.199416258513281,22.41360551177038,1.199416242019244,21.01817966588099,1.199416235786842,19.52079717719093,1.199416231161984,18.23771073328113
1.227354257021182,22.37624523828261,1.227354240227205,20.95283546391121,1.227354233820534,19.43561854671643,1.227354229078892,18.14055888627241
1.255943015117966,22.33839907148633,1.255942998015796,20.88656433765819,1.255942991431804,19.34953649891286,1.255942986571653,18.0426229384592
1.285197690941514,22.3000561666037,1.285197673522768,20.81936281228469,1.285197666758391,19.26255586298107,1.285197661777994,17.94391282931362
1.315133795708082,22.26120562585043,1.315133777964253,20.75122774583366,1.315133771016406,19.17468181805474,1.315133765914023,17.84443881873771
1.345767201936567,22.22183650598969,1.345767183859024,20.68215633226636,1.345767176724601,19.08591989231724,1.345767171498492,17.74421148485462
1.377114151864318,22.18193782602538,1.377114133444302,20.61214610430617,1.377114126120181,18.99627596202009,1.377114120768606,17.64324172173566
1.409191266058986,22.1414985750252,1.409191247287621,20.54119493609086,1.409191239770669,18.90575625040616,1.409191234291882,17.54154073706352
1.442015552230975,22.10050772006421,1.442015533099256,20.46930104563725,1.442015525386322,18.81436732654137,1.442015519778584,17.43912004973176
1.475604414251148,22.05895421427863,1.475604394749959,20.39646299712168,1.475604386837874,18.72211610405787,1.475604381099448,17.33599148738045
1.509975661378589,22.01682700502015,1.509975641498687,20.32267970297992,1.50997563338428,18.62900983981217,1.50997562751343,17.23216718386744
1.545147517703308,21.97411504210077,1.545147497435349,20.24795042583057,1.545147489115434,18.53505613246076,1.545147483110425,17.12765957667444
1.581138631808912,21.93080728611782,1.581138611143423,20.17227478022602,1.581138602614801,18.44026292095627,1.581138596473916,17.02248140424711
1.617968086660296,21.88689271684911,1.617968065587707,20.09565273423491,1.617968056847172,18.34463848296644,1.617968050568694,16.91664570326754
1.655655409721718,21.84236034170797,1.655655388232337,20.01808461086045,1.655655379276681,18.24819143321837,1.655655372858907,16.81016580585775
1.694220583310494,21.79719920424798,1.69422056139453,19.93957108929877,1.694220552220549,18.15093072177004,1.694220545661774,16.70305533671206
1.733684055191902,21.7513983927072,1.733684032839465,19.86011320604187,1.733684023443928,18.05286563221108,1.733684016742481,16.59532821015635
1.774066749420849,21.70494704858173,1.774066726621938,19.77971235582918,1.774066717001642,17.95400577979412,1.774066710155854,16.4869986271314
1.815390077436098,21.6578343752188,1.81539005418062,19.69837029245243,1.815390044332341,17.85436110949842,1.81539003734056,16.37808107209774
1.857675949412859,21.61004964641934,1.857675925690629,19.61608912941809,1.857675915611157,17.75394189402671,1.857675908471763,16.26859030985861
1.900946785879903,21.5615822150401,1.900946761680643,19.53287134047185,1.900946751366769,17.65275873173622,1.900946744078147,16.15854138229776
1.945225529607178,21.51242152158624,1.945225504920519,19.44871975998942,1.945225494369056,17.55082254450422,1.945225486929619,16.04794960502811
1.990535657770407,21.46255710278444,1.990535632585895,19.36363758323795,1.990535621793652,17.44814457552888,1.990535614201845,15.93683056394731
2.036901194398965,21.41197860012772,2.036901168706069,19.27762836651262,2.036901157669875,17.34473638706487,2.036901149924164,15.82520011169573
2.084346723113761,21.36067576838293,2.08434669690187,19.19069602715218,2.084346685618571,17.24060985809414,2.08434667771746,15.71307436401206
2.132897400161782,21.30863848405215,2.132897373420208,19.10284484343795,2.132897361886672,17.13577718193073,2.132897353828695,15.60046969598162
2.182578967754284,21.25585675377969,2.182578940472272,19.01407945438007,2.182578928685392,17.03025086375915,2.182578920469116,15.48740273817177
2.233417767715629,21.20232072269658,2.233417739882377,18.924404859395,2.233417727839061,16.92404371810521,2.233417719463096,15.37389037264892
2.285440755450109,21.14802068269466,2.285440727054732,18.83382641787822,2.28544071475193,16.81716886623756,2.285440706214929,15.25994972887103
2.338675514234009,21.09294708062291,2.338675485265584,18.74234984867546,2.338675472700275,16.70963973349861,2.338675464000922,15.14559817944927
2.393150269840666,21.03709052639878,2.393150240288207,18.64998122945639,2.393150227457411,16.6014700465624,2.393150218594458,15.0308533357722
2.448893905506123,20.98044180102783,2.448893875358609,18.55672699599378,2.448893862259386,16.49267383061729,2.448893853231616,14.91573304348562
2.505935977243411,20.9229918645252,2.505935946489775,18.46259394135173,2.505935933119235,16.38326540647065,2.505935923925497,14.80025537782077
2.564306729513537,20.86473186373284,2.564306698142695,18.36758921498546,2.564306684497997,16.27325938757244,2.564306675137192,14.68443863876333
2.624037111261497,20.80565314002689,2.624037079262328,18.2717203217562,2.624037065340683,16.16267067695466,2.624037055811781,14.56830134605555
2.685158792325839,20.74574723690991,2.6851587596872,18.17499512086301,2.685158745485883,16.05151446408236,2.685158735787902,14.45186223402333
2.747704180230379,20.68500590748304,2.747704146941121,18.07742182469485,2.747704132457472,15.93980622161286,2.747704122589501,14.33514024621993
2.811706437367124,20.62342112179363,2.811706403416106,17.97900899760418,2.811706388647535,15.82756170205827,2.811706378608746,14.21815452987786
2.87719949857946,20.56098507405402,2.877199463955517,17.87976555460487,2.877199448899516,15.71479693434677,2.877199438689137,14.10092443015997
2.944218089154774,20.49769018972818,2.94421805384678,17.77970075999563,2.944218038500897,15.60152822027777,2.944218028118248,13.98346948420084
3.012797743236303,20.43352913248248,3.012797707233129,17.67882422591086,3.012797691595035,15.48777213086508,3.012797681039507,13.86580941492929
3.082974822663809,20.36849481099786,3.08297478595436,17.57714591079959,3.082974770021808,15.37354550256293,3.082974759292882,13.7479641246626
3.154786536253095,20.30258038564075,3.154786498826322,17.47467611783418,3.154786482597161,15.25886543336815,3.154786471694397,13.62995368846283
3.228270959524615,20.23577927499074,3.228270921369527,17.37142549324893,3.228270904841704,15.14374927879243,3.228270893764762,13.5117983472458
3.303467054891641,20.168085162223,3.303467015997273,17.26740502460924,3.303466999168863,15.02821464769792,3.303466987917498,13.39351850063283
3.380414692318594,20.09949200134426,3.380414652674083,17.16262603901134,3.380414635543271,14.91227939798862,3.380414624117347,13.27513469953553
3.459154670460706,20.02999402328099,3.45915463005524,17.05710020121257,3.459154612620346,14.79596163215067,3.4591546010198,13.15666763846386
3.53972873829592,19.9595857418195,3.539728697118796,16.95083951169148,3.539728679378265,14.67927969263334,3.539728667603169,13.03813814754747
3.622179617260819,19.88826195939712,3.622179575301438,16.84385630463708,3.622179557253867,14.56225215706271,3.622179545304391,12.91956718426089
3.706551023902074,19.81601777274476,3.706550981149949,16.73616324586612,3.706550962794076,14.44489783327984,3.706550950670499,12.80097582484275
3.792887693055521,19.74284857838098,3.792887649500297,16.62777333066685,3.792887630835022,14.3272357541944,3.79288761853774,12.68238525539946
3.88123540156518,19.66875007795821,3.881235357196656,16.51869988156743,3.881235338221031,14.20928517244494,3.881235325750573,12.56381676268426
3.971640992554763,19.59371828346186,3.971640947362875,16.40895654602701,3.97164092807613,14.09106555485643,3.97164091543314,12.44529172454249
4.064152400264446,19.5177495222637,4.064152354239331,16.29855729404672,4.064152334640894,13.9725965766856,4.064152321826131,12.32683160001445
4.158818675466335,19.44084044203065,4.158818628598307,16.18751641569788,4.158818608687765,13.85389811564425,4.158818595702137,12.2084579190875
4.255690011471753,19.36298801549077,4.25568996375133,16.07584851856406,4.255689943528492,13.73499024569037,4.25568993037303,12.09019227208947
4.354817770744445,19.28418954505833,4.354817722162392,15.96356852509344,4.354817701627248,13.61589323057708,4.354817688303112,11.97205629871626
4.456254512133643,19.20444266731996,4.456254462680932,15.85069166985757,4.456254441833698,13.49662751714878,4.456254428342203,11.85407167668651
4.560054018741375,19.12374535738433,4.560053968409283,15.73723349671185,4.560053947250399,13.37721372837408,4.560053933592976,11.73626011001787
4.666271326439141,19.04209593309736,4.666271275219184,15.62320985585326,4.666271253749323,13.25767265610468,4.666271239927566,11.61864331691897
4.774962753048484,18.95949305912637,4.77496270093251,15.50863690076996,4.774962679152575,13.13802525354969,4.774962665168204,11.50124301729324
4.886185928201564,18.875935750915,4.886185875181732,15.39353108507733,4.886185853092874,13.01829262745412,4.886185838947776,11.38408091985066
4.999999823897127,18.79142337851254,4.999999769965925,15.27790915923431,4.99999974756956,12.89849602997126,4.999999733265757,11.26717870882547
5.116464785768181,18.70595567028014,5.116464730918501,15.16178816713379,5.116464708216285,12.77865685021765,5.116464693755961,11.15055803029827
5.235642565078141,18.61953271647719,5.235642509303227,15.0451854425602,5.235642486297107,12.6587966055002,5.23564247168258,11.03424047812278
5.357596351462075,18.53215497273105,5.357596294755627,14.92811860550694,5.357596271447831,12.53893693220479,5.357596256681576,10.91824757945841
5.482390806430783,18.44382326339307,5.48239074878691,14.81060555834629,5.482390725179934,12.41909957633596,5.482390710264597,10.80260077991181
5.610092097655091,18.35453878478437,5.610092039068364,14.69266448184353,5.61009201516503,12.29930638369755,5.610092000103371,10.68732142829164
5.740767934048879,18.26430310833441,5.740767874514393,14.57431383100687,5.740767850317796,12.17957928970432,5.740767835112776,10.57243076098273
5.874487601669254,18.1731181836156,5.874487541182599,14.45557233076436,5.874487516696135,12.05994030881542,5.87448750135085,10.45794988594784
6.01132200045291,18.0809863412773,6.011321939010204,14.33645897145846,6.011321914237627,11.94041152358036,6.011321898755306,10.34389976636663
6.15134368180818,17.98791029588202,6.151343619406156,14.21699300414854,6.151343594351507,11.8210150732893,6.15134357873556,10.23030120392405
6.294626887082843,17.89389314864713,6.294626823718827,14.09719393571137,6.294626798386479,11.70177314221976,6.294626782640454,10.11717482176213
6.441247586927772,17.7989383900951,6.441247522599729,13.977081523729,6.441247496994402,11.5827079474726,6.441247481122014,10.00454104711158
6.591283521577685,17.70304990261486,6.591283456284215,13.85667577115318,6.591283430410967,11.46384172639106,6.591283414416052,9.892420093621912
6.74481424206992,17.60623196293745,6.744814175810365,13.73599692073521,6.744814149674585,11.34519672355755,6.744814133561171,9.780831943411286
6.901921152423562,17.50848924452821,6.901921085197983,13.61506544920968,6.901921058805409,11.22679517736364,6.901921042577624,9.669796328859842
7.062687552800893,17.40982681989822,7.062687484610085,13.49390206122,7.062687457966811,11.10865930615028,7.062687441628966,9.559332714172767
7.227198683674212,17.31025016283716,7.227198614519787,13.37252768297374,7.227198587632262,10.99081129391602,7.227198571188789,9.449460276742265
7.395541771021485,17.20976515056967,7.395541700905878,13.25096345561523,7.395541673780913,10.87327327559285,7.395541657236378,9.340197888340217
7.567806072574707,17.10837806583724,7.567806001501243,13.12923072830266,7.567805974145984,10.75606732189033,7.567805957505137,9.231564096175992
7.744082925145604,17.00609559890698,7.744082853118442,13.00735105097664,7.744082825540437,10.63921542371058,7.744082808808106,9.12357710385707
7.924465793053486,16.90292484950904,7.924465720077782,12.88534616680714,7.92446569228489,10.52273947613834,7.924465675466047,9.016254752292474
8.109050317681389,16.79887332870337,8.109050243763212,12.76323800430552,8.109050215763682,10.40666126201196,8.109050198863455,8.909614500582286
8.297934368186304,16.6939489606771,8.297934293332762,12.64104866908802,8.297934265135186,10.29100243508376,8.297934248158814,8.803673406939076
8.491218093390803,16.58816008447265,8.491218017610025,12.51880043527731,8.491217989223379,10.17578450277948,8.491217972176214,8.698448109689817
8.689003974883219,16.48151545564699,8.689003898184389,12.39651573652876,8.689003869617967,10.06102880856966,8.689003852505484,8.593954808409684
8.891396881354721,16.37402424786192,8.891396803748139,12.27421715666745,8.891396775011593,9.946756513967401,8.891396757839376,8.490209245241489
9.098504124202121,16.26569605440468,9.098504045699203,12.15192741992316,9.098504016802567,9.832988580169976,9.098503999576286,8.387226686457229
9.310435514425768,16.15654088963811,9.310435435039135,12.02966938074955,9.310435405992726,9.71974574936432,9.310435388718204,8.285021904320168
9.527303420852853,16.04656919037896,9.527303340596257,11.90746601321512,9.527303311410797,9.607048525718763,9.527303294093924,8.18360915930829
9.74922282971675,15.93579181720268,9.749222748605263,11.78534039995277,9.749222719291733,9.494917156086789,9.749222701938491,8.083002182761616
9.976311405624367,15.82422005567246,9.976311323674286,11.66331572065627,9.976311294244008,9.383371610451027,9.976311276860455,7.983214160017621
10.20868955394339,15.71186561748976,10.20868947117225,11.54141524011161,10.20868944163692,9.272431562139076,10.20868942422921,7.884257714100259
10.44648048464277,15.59874064156346,10.44648040106953,11.41966229575219,10.44648037144107,9.162116367845663,10.44648035401544,7.786144890029353
10.68981027762049,15.48485769499349,10.68981019326536,11.29808028472774,10.68981016355601,9.052445047498672,10.68981014611874,7.688887139817401
10.9388079495525,15.37022977396534,10.93880786443711,11.17669265047697,10.93880783465939,8.943436264010144,10.93880781721683,7.592495308221633
11.1936055222993,15.2548703045501,11.19360543644665,11.05552286879599,11.19360540661337,8.835108302956131,11.19360538917194,7.496979619318798
11.45433809290558,15.13879314340513,11.45433800634009,10.93459443339444,11.45433797646433,8.727479052232711,11.45433795903043,7.402349663969757
11.7211439052305,15.02201257836925,11.72114381797802,10.81393084093346,11.72114378807309,8.620565981738679,11.72114377065319,7.308614388239957
11.99416442324636,14.90454332894583,11.99416433533423,10.69355557554054,11.99416430541364,8.514386123138335,11.99416428801426,7.215782082840638
12.27354440604476,14.7864005466668,12.27354431750172,10.57349209279776,12.27354428757929,8.408956049761031,12.27354427020687,7.123860373653387
12.55943198458977,14.66759981532939,12.55943189544605,10.45376380320177,12.55943186553572,8.304291856697045,12.55943184819678,7.032856213398675
12.85197874025882,14.5481571510974,12.85197865054616,10.33439405509589,12.8519786206621,8.200409141151946,12.85197860336308,6.942775874505719
13.15133978521333,14.42808900245728,13.1513396949649,10.21540611707602,13.15133966512144,8.097322983124517,13.1513396478688,6.853624943237879
13.45767384464111,14.30741225001947,13.45767375389158,10.09682315987512,13.45767372410323,7.995047926475411,13.45767370690334,6.765408315123697
13.7711433409146,14.18614420615377,13.77114324970012,9.978668237732592,13.77114321998154,7.893597960456111,13.77114320284069,6.678130191739371
14.09191447970933,14.06430261444748,14.09191438806758,9.860964269258002,14.0919143584335,7.792986501769459,14.09191434135791,6.591794078883432
14.4201573381285,13.94190564897362,14.42015724609854,9.74373401780076,14.42015721656383,7.693226377234665,14.4201571995596,6.506402786179041
14.75604595487994,13.8189719133563,14.75604586250229,9.627000071340788,14.75604583308195,7.594329807130862,14.75604581615501,6.421958428133554
15.09975842255382,13.69552043961897,15.09975832987049,9.510784821917669,15.0997583005795,7.496308389294152,15.09975828373565,6.338462426678567
15.45147698204983,13.57157068680045,15.45147688910413,9.395110444619633,15.45147685995752,7.399173084043343,15.45147684320237,6.255915515207193
15.81138811920338,13.44714253932328,15.81138802604005,9.279998876156538,15.81138799705298,7.302934200009592,15.81138798039188,6.174317744118214
16.17968266366331,13.32225630509702,16.17968257032838,9.165471793044844,16.17968254151591,7.207601380944657,16.17968252495399,6.093668487869625
16.55655589007192,13.19693271333935,16.55655579661273,9.051550589436415,16.55655576798994,7.113183593581117,16.55655575153199,6.013966453536408
16.94220762160237,13.07119291209576,16.94220752806752,8.938256354626287,16.94220749964943,7.019689116616757,16.94220748329993,5.935209690859947
17.33684233590753,12.94505846543858,17.33684224234679,8.825609850279179,17.33684221414832,6.927125530892513,17.33684219791141,5.857395603768491
17.74066927353672,12.8185513503244,17.74066918000104,8.713631487417892,17.74066915203705,6.835499710831222,17.74066913591643,5.780520963340436
18.15390254887789,12.69169395308839,18.15390245541924,8.602341303221444,18.15390242770446,6.744817817200643,18.15390241170335,5.70458192217432
18.5767612636839,12.5645090655529,18.57676117035523,8.491758937684498,18.57676114290419,6.65508529126045,18.57676112702531,5.629574030121752
19.009469623243,12.4370198807266,19.00946953009826,8.381903610194277,19.00946950292532,6.5663068503483,19.00946948717088,5.555492251331989
19.45225705525568,12.30924998806963,19.45225696234963,8.272794096084946,19.45225693546892,6.478486484955063,19.45225691984049,5.482330982549677
19.90535833148022,12.18122336829901,19.90535823886837,8.16444870323402,19.9053582122937,6.391627457333435,19.9053581967922,5.410084072600156
20.36901369221163,12.05296438770788,20.36901359995014,8.056885248769147,20.36901357369506,6.305732301678137,20.36901355832074,5.338744842990289
20.84346897366041,11.92449779197093,20.84346888180607,7.95012103595774,20.84346885588377,6.220802825908983,20.84346884063611,5.268306109546652
21.32897573829817,11.7958486994074,21.32897564690816,7.844172831355794,21.32897562133142,6.136840115081056,21.32897560620907,5.198760205007257
21.82579140823921,11.66704259367252,21.82579131737113,7.739056842295765,21.82579129215227,6.053844536438426,21.82579127715303,5.130099002477863
22.33417940172935,11.53810531584701,22.33417931144103,7.634788694796842,22.33417928659185,5.971815746119931,22.33417927171261,5.062313939659721
22.8544092728136,11.40906305589354,22.854409183163,7.531383411983979,22.85440915869474,5.890752697517191,22.85440914393146,4.995396043751556
23.38675685425748,11.2799423434486,23.38675676530242,7.428855393104845,23.38675674122576,5.810653651276424,23.38675672657336,4.929335956925734
23.93150440379696,11.15077003791712,23.93150431559524,7.327218393236051,23.93150429192012,5.731516186926855,23.93150427737244,4.864123962276011
24.48894075379536,11.02157331783703,24.4889406664045,7.226485503772213,24.4889406431401,5.653337216109673,24.48894062868993,4.799750010132787
25.05936146438615,10.89237966948014,25.05936137786333,7.126669133792249,25.05936135501795,5.576112997372561,25.05936134065697,4.736203744640885
25.6430689801829,10.76321687465568,25.6430688945846,7.027780992398733,25.64306887216572,5.49983915248601,25.64306885788436,4.67347453049467
26.24037279063921,10.63411299768243,26.2403727060212,6.92983207212585,26.2403726840353,5.424510684228961,26.24037266982284,4.611551479726073
26.85158959414415,10.50509637149537,26.85158951056148,6.832832633511252,26.85158948901395,5.35012199558274,26.85158947485844,4.550423478442444
27.47704346594013,10.37619558285286,27.4770433834468,6.736792190926086,27.47704336234187,5.276666910264296,27.47704334823009,4.490079213413105
28.11706602995175,10.2474394566108,28.11706594860045,6.641719499755346,28.1170659279412,5.204138694521776,28.11706591385868,4.430507198406377
28.77199663461715,10.11885703903063,28.77199655445935,6.547622545018147,28.77199653424736,5.132530080108353,28.77199652017844,4.371695800182239
29.44218253281511,9.990477580088724,29.44218245390077,6.454508531514284,29.44218243413637,5.061833288343424,29.44218242006398,4.313633264049598
30.12797906598304,9.86233051475614,30.12797898836046,6.362383875578852,30.12797896904235,4.992040055164215,30.12797895494832,4.256307738901974
30.82974985252386,9.734445443218391,30.82974977623953,6.271254198521888,30.8297497573649,4.923141657065277,30.82974974322962,4.199707301650169
31.54786698060108,9.606852110007212,31.54786690569949,6.181124321824067,31.54786688726377,4.85512893781898,31.54786687306661,4.14381998097616
32.28271120542512,9.47958038201774,32.28271113194853,6.091998264152698,32.28271111394533,4.787992335865732,32.28271109966439,4.088633780338186
33.03467215113439,9.352660225387307,33.03467207912285,6.003879240254861,33.03467206154399,4.721721912260045,33.03467204715621,4.034136700163225
33.80414851737962,9.226121681214387,33.80414844687058,5.916769661776303,33.80414842970587,4.65630737905606,33.80414841518709,3.980316759169444
34.5915482907192,9.099994840099843,34.59154822174753,5.830671140045635,34.59154820498468,4.591738128014817,34.59154819030975,3.927162014767787
35.39728896093946,8.974309815495957,35.39728889353708,5.745584490853838,35.39728887716187,4.528003259515114,35.39728886230451,3.874660582498625
36.22179774241298,8.849096715853019,36.22179767660897,5.661509741248814,36.2217976606047,4.465091611550248,36.22179764553784,3.822800654466114
37.06551180061344,8.724385615557786,37.06551173643356,5.578446138354013,37.0655117207816,4.402991788693982,37.06551170547725,3.77157051673972
37.92887848390647,8.600206524663539,37.92887842137328,5.496392160208789,37.92887840605245,4.341692190921403,37.92887839048188,3.720958565699075
38.81235556073975,8.476589357416801,38.81235549987229,5.415345528616919,38.81235548485916,4.281181042173045,38.81235546899288,3.670953323304918
39.71641146235764,8.35356389959259,39.71641140317131,5.335303223977589,39.71641138844019,4.221446418554384,39.71641137224815,3.621543451285341
40.64152553117005,8.231159774656573,40.64152547367645,5.256261502061413,40.64152545919904,4.162476276067205,40.64152544265073,3.572717764232785
41.5881882749056,8.109406408780369,41.58818821911252,5.178215912682192,41.58818820485824,4.104258477774236,41.5881881879226,3.524465241613218
42.55690162668573,7.988332994744093,42.55690157259674,5.101161320203056,42.55690155853268,4.046780820304282,42.55690154117838,3.476775038694618
43.54817921115603,7.867968454769215,43.54817915877052,5.025091925804281,43.54817914486134,3.990031059610985,43.54817912705682,3.429636496407328
44.56254661681681,7.748341402334034,44.56254656612997,4.950001291428658,44.56254655233797,3.933996935905181,44.56254653405149,3.383039150153806
45.60054167469736,7.629480103034084,45.60054162569966,4.875882365309664,45.60054161198502,3.878666197687612,45.60054159318476,3.336972737590068
46.66271474352055,7.511412434560266,46.66271469619814,4.802727508977303,46.66271468251856,3.824026624816274,46.66271466317274,3.291427205405372
47.74962900151069,7.394165845878473,47.749628955845,4.730528525627355,47.74962894215613,3.770066050549924,47.74962892223321,3.246392715130603
48.86186074499799,7.27776731570616,48.86186070096553,4.659276689730675,48.86186068722116,3.716772382517269,48.86186066668962,3.201859648009382
49.99999969397861,7.162243310392926,49.99999965155097,4.588962777751898,49.99999963770281,3.664133622568917,49.99999961653151,3.157818608968942
51.16464930479135,7.047619741324843,51.16464926393541,4.51957709983981,51.16464924993341,3.612137885477023,51.16464922809155,3.114260429730627
52.35642709007932,6.933921921984202,52.35642705075673,4.451109532346221,52.35642703654914,3.560773416455314,52.35642701400625,3.071176171102081
53.57596494620211,6.821174524809646,53.5759649083695,4.383549551025476,53.57596489390311,3.51002860747974,53.57596487062933,3.028557124495157
54.82390948827651,6.709401538013672,54.82390945188521,4.316886264763506,54.82390943710548,3.459892012397475,54.82390941307139,2.986394812715128
56.10092239301982,6.598626222527496,56.10092235801613,4.25110844968314,56.10092234286724,3.410352360819107,56.10092231804408,2.94468099006787
57.40768074957985,6.488871069255273,57.40768071590484,4.186204583471505,57.40768070032999,3.361398570795863,57.40768067468958,2.903407641832599
58.74487741853657,6.380157756831572,58.74487738612597,4.122162879775666,58.74487737006765,3.313019760290199,58.74487734358237,2.862566983148103
60.11322139926576,6.272507110087199,60.11322136805018,4.058971322514227,60.11322135145026,3.265205257454351,60.11322132409314,2.822151457360655
61.5134382058601,6.165939059438823,61.513438175765,3.996617699955289,61.51343815856472,3.217944609737247,61.51343813030972,2.78215373388158
62.94627025180611,6.06047260142726,62.94627022275159,3.935089638415158,62.9462702048921,3.171227591845545,62.94627017571373,2.742566705602076
64.41247724362186,5.956125760637277,64.41247721552305,3.874374635436959,64.41247719694543,3.125044212589538,64.41247716681883,2.703383485912081
65.91283658366314,5.85291555323856,65.91283655643009,3.81446009231455,65.91283653707548,3.079384720649159,65.91283650597666,2.664597405369225
67.44814378231273,5.750857952392344,67.4481437558505,3.755333345833739,67.44814373566039,3.034239609299263,67.44814370356603,2.626202008062597
69.01921287977036,5.649967855771329,69.01921285397927,3.696981699110829,69.01921283289562,2.989599620137011,69.01921279978299,2.588191047714819
70.62687687766774,5.550259055441398,70.62687685244326,3.639392451416818,70.62687683040875,2.945455745857169,70.62687679625591,2.550558483564336
72.27198818073698,5.451744210352233,72.27198815596995,3.582552926884835,72.27198813292804,2.90179923212377,72.27198809771372,2.513298476068243
73.95541904876688,5.354434821680118,73.95541902434374,3.526450502007961,73.95541900023888,2.858621578588699,73.95541896394242,2.476405382464072
75.6780620590865,5.258341211259434,75.67806203488963,3.471072631844796,75.67806200966731,2.815914539109508,75.67806197226868,2.439873752227165
77.44083057982181,5.163472503330096,77.44083055572938,3.416406874860427,77.44083052933642,2.773670121219945,77.4408304908162,2.403698322458151
79.24465925417509,5.069836609815743,79.2446592300618,3.36244091634111,79.24465920244609,2.731880584907566,79.24465916278548,2.367874013233071
81.09050449598566,4.977440219332119,81.09050447172248,3.309162590331664,81.09050444283349,2.690538440753238,81.09050440201426,2.332395922946454
82.97934499683282,4.886288790106769,82.97934497228742,3.256559900055302,82.97934494207632,2.649636447487358,82.97934490008069,2.297259323675636
84.91218224495124,4.79638654696982,84.91218221998855,3.204621036786092,84.91218218840757,2.609167609017409,84.91218214521855,2.262459656592247
86.89004105623312,4.707736482551266,86.89004103071518,3.153334397154824,86.8900409977186,2.569125170980706,86.89004095331941,2.22799252744474
88.91397011759915,4.620340362793219,88.91397009138609,3.102688598878872,88.9139700569295,2.529502616875441,88.91397001130436,2.193853702133588
90.98504254302658,4.534198736855906,90.9850425159765,3.052672494916683,90.98504248001734,2.490293663821742,90.98504243315077,2.160039102398616
93.10435644252821,4.449310951464294,93.10435641449754,3.003275186056549,93.104356376995,2.451492258003163,93.10435632887196,2.126544801635826
95.2730355043845,4.36567516970823,95.27303547522862,2.954486031958295,95.27303543614336,2.413092569837189,95.27303538674974,2.093367020858949
97.49222959093861,4.283288394273272,97.49222956051253,2.906294660674689,97.49222951980697,2.375088988921535,97.49222946912893,2.060502124818995
99.76311534826839,4.202146495042713,99.76311531642673,2.858690976687082,99.76311527406465,2.337476118800965,99.76311522208955,2.027946618293043
102.0868968300595,4.122244240973491,102.086896796657,2.811665167496835,102.0868967526041,2.300248771596993,102.0868966993198,1.99569714255167
104.4648061360111,4.043575336110791,104.4648061009031,2.765207708820379,104.4648060551269,2.263401962540668,104.4648060005217,1.963750472012582
106.898104065111,3.966132459568563,106.8981040281541,2.719309368441689,106.8981039806232,2.226930904446048,106.8981039246868,1.932103511086299
109.3880807841279,3.889907309266118,109.3880807451805,2.673961208780745,109.3880806958654,2.190831002159469,109.3880806385882,1.900753291218155
111.9360565116756,3.814890649175593,111.9360564705981,2.629154588241108,111.9360564194708,2.155097847017149,111.9360563608444,1.869696968129253
114.5433822182096,3.741072359801294,114.5433821748651,2.584881161403298,114.543382121899,2.11972721134099,114.5433820619161,1.838931819257697
117.2114403423301,3.66844149158077,117.2114402965847,2.541132878133742,117.2114402417548,2.0847150429998,117.2114401804093,1.80845524140001
119.941645523769,3.596986320869138,119.9416454754925,2.497901981681331,119.9416454187751,2.050057460060524,119.9416453560625,1.778264748551477
122.7354453534504,3.52669440814326,122.7354453025166,2.455181005835431,122.7354452438899,2.015750745551401,122.735445179807,1.748357969943011
125.5943211410232,3.457552658041307,125.5943210873103,2.412962771220214,125.594321026754,1.981791342356407,125.5943209612997,1.718732648271159
128.5197887002703,3.389547380836298,128.5197886436615,2.371240380800672,128.5197885811569,1.948175848257758,128.5197885143313,1.689386638116926
131.5133991528137,3.322664354929663,131.5133990931979,2.330007214675711,131.513399028728,1.914901011140791,131.5133989605335,1.660317904548314
134.5767397505397,3.256888889943086,134.576739687811,2.289256924233047,134.5767396213605,1.881963724373148,134.5767395518016,1.63152452190082
137.7114347171806,3.192205889983786,137.7114346512397,2.248983425739597,137.7114345827951,1.849361022367834,137.7114345118783,1.603004672729421
140.9191461094995,3.128599916660138,140.9191460402536,2.209180893439535,140.9191459698036,1.817090076337578,140.9191458975377,1.574756646925213
144.2015746985358,3.066055251431097,144.2015746258985,2.169843752230212,144.2015745534336,1.785148190245758,144.20157447983,1.546778840989331
147.5604608713754,3.004555956884015,147.5604607952677,2.130966669983821,147.5604607207806,1.753532796957244,147.560460645853,1.519069757456536
150.9975855539274,2.944085936551183,150.9975854742776,2.092544549580045,150.9975853977639,1.722241454590623,150.997585321528,1.491628004460538
154.5147711551947,2.884628992895101,154.5147710719388,2.054572520711897,154.514770993396,1.691271843071575,154.5147709158709,1.464452295433013
158.1138825335397,2.826168883116317,158.113882446621,2.017045931523771,158.1138823660498,1.660621760885566,158.1138822872563,1.437541448928072
161.7968279854561,2.76868937246461,161.7968278948264,1.979960340137258,161.7968278122297,1.630289122026648,161.796827732191,1.410894388564002
165.5655602573737,2.712174284764581,165.5655601629923,1.943311506116632,165.5655600783762,1.600271953137788,165.5655599971184,1.384510143073984
169.4220775810299,2.656607549899155,169.4220774828642,1.907095381922093,169.4220773962382,1.57056839083707,169.4220773137888,1.358387846457648
173.3684247329591,2.601973248029308,173.3684246309847,1.871308104395006,173.3684245423609,1.541176679223062,173.3684244587495,1.332526738225299
177.4066941186597,2.548255650364381,177.4066940128603,1.835945986315387,177.4066939222547,1.512095167551796,177.4066938375115,1.306926163726881
181.5390268820157,2.495439256334503,181.539026772383,1.801005508067826,181.5390266798142,1.483322308077098,181.5390265939711,1.281585574557748
185.767614040559,2.443508827054172,185.7676139270927,1.766483309448138,185.7676138325831,1.454856654045375,185.7676137456719,1.256504529033575
190.0946976471762,2.392449415003618,190.0946975298841,1.732376181638934,190.0946974334593,1.426696857835573,190.0946973455109,1.231682692726789
194.5225719788749,2.34224638989148,194.5225718577723,1.698681059378508,194.5225717594604,1.398841669234624,194.522571670505,1.207119839057092
199.0535847532389,2.292885460698428,199.0535846283492,1.665395013343502,199.0535845281808,1.371289933838506,199.0535844382468,1.18281584992874
203.6901383732201,2.244352693935881,203.690138244573,1.632515242762247,203.690138142582,1.344040591568961,203.6901380516934,1.15877071640735
208.4346912009227,2.196634528186872,208.4346910685566,1.600039068271984,208.4346909647776,1.317092675295873,208.4346908729545,1.134984539429007
213.2897588610615,2.1497177850268,213.2897587250204,1.567963925029957,213.2897586194897,1.290445309555408,213.2897585267456,1.111457530534507
218.2579155747777,2.103589676450201,218.2579154351121,1.536287356085023,218.2579153278658,1.264097709354212,218.2579152342067,1.088190012621438
223.3417955245243,2.058237808955391,223.3417953812911,1.50500700601363,223.3417952723651,1.238049179050169,223.3417951777878,1.065182420706699
228.544094250747,2.013650184461661,228.5440941040084,1.474120614821135,228.5440939934358,1.212299111300564,228.544093897925,1.042435302691785
233.8675700810928,1.969815198253829,233.8675699309148,1.443626012107051,233.8675698187258,1.186846986068852,233.8675697222537,1.019949320122842
239.3150455929129,1.926721634165639,239.315045439366,1.41352111149051,239.3150453255848,1.161692369681578,239.3150452281071,0.9977252489370189
244.88940910983,1.884358657227427,244.8894089529874,1.383803905290338,244.8894088376311,1.136834913927529,244.8894087390862,0.9757639801860097
250.5936162331662,1.842715804014043,250.5936160731029,1.354472459452353,250.5936159561787,1.112274355191524,250.5936158564848,0.9540665207269488
256.4306914090416,1.801782970936554,256.4306912458319,1.325524908715145,256.4306911273343,1.088010513615797,256.4306910263874,0.9326339938698025
262.4037295319749,1.76155040072577,262.4037293656923,1.296959452004404,262.4037292456002,1.064043292282303,262.4037291432721,0.9114676399692693
268.5158975858382,1.722008667357143,268.5158974165527,1.268774348045006,268.5158972948256,1.040372676409749,268.5158971909614,0.8905688169477981
274.7704363230335,1.683148659665281,274.7704361508088,1.240967911179407,274.7704360273835,1.016998732559502,274.7704359218013,0.8699390007346114
281.170661982782,1.644961563892401,281.1706618076734,1.213538507380551,281.1706616824595,0.9939216078449162,281.1706615749489,0.8495797856037364
287.7199680494381,1.607438845408507,287.719967871489,1.186484550447354,287.7199677443647,0.9711415291388481,287.7199676346858,0.8294928843916486
294.4218270517605,1.570572229832399,294.4218268709985,1.159804498370939,294.421826741805,0.9486588022744156,294.4218266296906,0.8096801285725413
301.2797924040908,1.534353683771756,301.2797922205246,1.133496849860072,301.2797920890615,0.9264738112340953,301.2797919742185,0.7901434681661087
308.2975002904235,1.498775395387902,308.2975001040363,1.107560141014782,308.2974999700557,0.9045870173223489,308.2974998521688,0.7708849714492072
315.4786715923564,1.463829754976722,315.4786714031018,1.081992942137814,315.478671266303,0.8829989583167992,315.4786711450403,0.7519068244387141
322.8271138619519,1.429509335741635,322.8271136697477,1.056793854674382,322.8271135297714,0.8617102475927713,322.827113404792,0.7332113301083399
330.3467233405532,1.395806874918101,330.3467231452731,1.031961508271684,330.3467230016954,0.8407215732155845,330.3467228726615,0.7148009072969347
338.0414870246198,1.362715255391932,338.0414868260867,1.007494557950687,338.041486678415,0.8200336969943899,338.0414865450035,0.6966780892600616
345.9154847796877,1.330227487935987,345.9154845776654,0.9833916813838887,345.9154844253318,0.7996474534905561,345.9154842872549,0.6788455218100352
353.9728915035687,1.298336694172111,353.9728912977511,0.959651576273978,353.9728911401101,0.7795637489725356,353.9728909971359,0.6613059609824582
362.2179793399345,1.267036090347493,362.2179791299352,0.9362729578296275,362.2179789662608,0.7597835603078897,362.2179788182401,0.6440622701592581
370.6551199434657,1.236318971997349,370.655119728806,0.9132545563359277,370.6551195582901,0.7403079337814875,370.65511940519,0.6271174165694674
379.2887867977583,1.20617869954927,379.288786577856,0.8905951148183342,379.2887863996092,0.7211379838269931,379.2887862415504,0.6104744670794789
388.1235575872276,1.176608684908773,388.1235573613811,0.8682933868002581,388.1235571744373,0.702274891656435,388.123557011737,0.59413658317419
397.1641166242528,1.147602379051031,397.1641163916273,0.8463481341557199,397.164116194952,0.6837199037699101,397.1641160281738,0.5781070150194682
406.4152573328649,1.119153260630229,406.4152570924755,0.8247581250596756,406.4152568849767,0.6654743303243095,406.4152567149832,0.5623890944848033
415.8818847902817,1.09125482560606,415.8818845409763,0.8035221320397627,415.8818843215227,0.6475395433362366,415.8818841495363,0.546986226992912
425.5690183276436,1.063900577876333,425.5690180680855,0.7826389301342449,425.5690178355298,0.6299169746900768,425.5690176631913,0.5319018820507861
435.4817941913328,1.037084020895614,435.4817939199797,0.7621072951618191,435.4817936731914,0.612608113917291,435.4817935026222,0.5171395823043351
445.6254682662745,1.010798650252581,445.6254679813593,0.7419260021097641,445.6254677192644,0.5956145057075815,445.625467553124,0.5027028909468541
456.0054188626789,0.9850379471728116,456.0054185621897,0.7220938236474579,456.0054182838239,0.5789377471063413,456.0054181253605,0.4885953973003764
466.6271495676928,0.9597953729095564,466.6271492493505,0.7026095287727526,466.6271489539204,0.5625794843459896,466.6271488070089,0.4748207003792119
477.4962921634724,0.9350643639822148,477.4962918247099,0.6834718815988764,477.4962915116704,0.5465414092511209,477.4962913808315,0.4613823902371065
488.6186096132301,0.910838328220698,488.61860925117,0.6646796402894851,488.6186089203167,0.5308252551490903,488.6186088107047,0.4482840268945637
499.9999991168407,0.8871106415736504,499.9999987282764,0.6462315561491657,499.999998379851,0.5154327922085641,499.9999982972108,0.4355291166407411