waveVsWave(?x OS("/M0" "gmoverid") ?y (OS("/M0" "gm") / OS("/M0" "gds"))) (L=1.8e-07) X,waveVsWave(?x OS("/M0" "gmoverid") ?y (OS("/M0" "gm") / OS("/M0" "gds"))) (L=1.8e-07) Y,waveVsWave(?x OS("/M0" "gmoverid") ?y (OS("/M0" "gm") / OS("/M0" "gds"))) (L=3.6e-07) X,waveVsWave(?x OS("/M0" "gmoverid") ?y (OS("/M0" "gm") / OS("/M0" "gds"))) (L=3.6e-07) Y,waveVsWave(?x OS("/M0" "gmoverid") ?y (OS("/M0" "gm") / OS("/M0" "gds"))) (L=5.4e-07) X,waveVsWave(?x OS("/M0" "gmoverid") ?y (OS("/M0" "gm") / OS("/M0" "gds"))) (L=5.4e-07) Y,waveVsWave(?x OS("/M0" "gmoverid") ?y (OS("/M0" "gm") / OS("/M0" "gds"))) (L=7.2e-07) X,waveVsWave(?x OS("/M0" "gmoverid") ?y (OS("/M0" "gm") / OS("/M0" "gds"))) (L=7.2e-07) Y
27.22290776592774,22.37443967601313,27.33201597064523,52.09244299460116,27.26875282899333,68.79035297396491,27.19080850086891,78.90839322660031
27.22040149789356,22.43225792017856,27.32775124856863,52.28013091988287,27.26333015114923,69.06582868753033,27.18449371083735,79.23216153677329
27.2178376245683,22.49035380303089,27.32343658806477,52.46688045149789,27.2578414390861,69.34002459321424,27.17809791385472,79.55439039071767
27.21524615240216,22.54802644168305,27.31907661659911,52.65247390855134,27.25229681093482,69.61240841467814,27.1716387457053,79.87415827064459
27.21262679937361,22.60527991730598,27.31467091120535,52.83691759073719,27.24669578972064,69.88299054986545,27.16511571110496,80.19148144174061
27.2099792810895,22.66211825323066,27.31021904625536,53.02021776924929,27.24103789671776,70.15178138515994,27.15852831427974,80.5063761778505
27.20730331058698,22.71854541967992,27.3057205934451,53.20238068747658,27.23532265144317,70.41879129577629,27.15187605895656,80.81885876057471
27.20459859831979,22.77456533433834,27.30117512181259,53.38341256040353,27.22954957171834,70.68403064306881,27.14515844846669,81.12894547312732
27.20186485214401,22.83018186292133,27.29658219775787,53.56331957405298,27.22371817373156,70.94750977198446,27.13837498585229,81.43665259451549
27.19910177730259,22.88539881974252,27.29194138506341,53.74210788497207,27.2178279721035,71.20923900865881,27.13152517397654,81.74199639402815
27.19630907641314,22.94021996828228,27.28725224491654,53.91978361975619,27.21187847995515,71.46922865814375,27.12460851563599,82.04499312599101
27.19348644945238,22.99464902175175,27.28251433593225,54.09635287461366,27.20586920897751,71.72748900226533,27.11762451367753,82.34565902483577
27.1906335937431,23.04868964365739,27.27772721417833,54.27182171496597,27.19979966950493,71.98403029761042,27.1105726711179,82.64401030041621
27.18775020394061,23.10234544836229,27.27289043320142,54.44619617508497,27.1936693705897,72.23886277362919,27.10345249126706,82.94006313358487
27.18483597201909,23.15562000164536,27.26800354405423,54.61948225776284,27.1874778200802,72.49199663085192,27.09626347785519,83.23383367204568
27.18189058725832,23.20851682125799,27.26306609532518,54.7916859340162,27.18122452470113,72.74344203922473,27.08900513516246,83.52533802641338
27.1789137362314,23.26103937747818,27.25807763316811,54.9628131428217,27.17490899013659,72.9932091365438,27.08167696815389,83.81459226653746
27.17590510279058,23.31319109366055,27.25303770133499,55.13286979088176,27.16853072111645,73.24130802699685,27.07427848261653,84.10161241803426
27.17286436805639,23.36497534678489,27.24794584120919,55.30186175242056,27.16208922150432,73.48774877980712,27.06680918530114,84.38641445903617
27.16979121040429,23.41639546800002,27.24280159184093,55.46979486900763,27.15558399438979,73.73254142796388,27.05926858406776,84.66901431715918
27.16668530545223,23.46745474316393,27.23760448998407,55.63667494941006,27.1490145421826,73.97569596705827,27.05165618803494,84.94942786666607
27.16354632605035,23.51815641338213,27.23235407013473,55.80250776946956,27.1423803667102,74.21722235419386,27.04397150773289,85.22767092581549
27.16037394226804,23.56850367554005,27.22704986457187,55.96729907200753,27.1356809693183,74.45713050699466,27.03621405526078,85.50375925441702
27.15716782138307,23.61849968283274,27.22169140339939,56.13105456675208,27.12891585097461,74.69543030268976,27.02838334444848,85.7777085515465
27.15392762787145,23.66814754529093,27.21627821458969,56.29377993029133,27.12208451237565,74.93213157727715,27.0204788910215,86.04953445345161
27.15065302339535,23.71745033030162,27.21080982403015,56.45548080604911,27.11518645405686,75.16724412477049,27.01250021277131,86.31925253161261
27.14734366679378,23.7664110631262,27.20528575557067,56.61616280428305,27.10822117650569,75.40077769651215,27.00444682972915,86.58687829096411
27.14399921407266,23.81503272741372,27.19970553107346,56.77583150210489,27.10118818027878,75.63274200056387,26.99631826434435,86.85242716829283
27.14061931839426,23.86331826570924,27.19406867046472,56.93449244352155,27.09408696612163,75.86314670116185,26.98811404166699,87.11591453074875
27.137203630069,23.91127057995948,27.18837469178847,57.09215113949745,27.08691703509243,76.09200141824556,26.97983368953554,87.37735567454234
27.13375179654577,23.95889253201278,27.18262311126257,57.24881306803618,27.07967788868909,76.31931572704298,26.97147673876793,87.63676582374366
27.13026346240356,24.00618694411533,27.17681344333691,57.40448367428276,27.07236902898019,76.54509915772633,26.96304272335838,87.89416012924289
27.12673826934362,24.05315659940331,27.17094520075355,57.55916837064393,27.06498995873887,76.76936119511942,26.95453118067797,88.1495536678259
27.12317585618097,24.09980424238993,27.16501789460911,57.71287253692691,27.05754018158171,76.99211127847285,26.94594165168009,88.40296144137645
27.11957585883811,24.14613257944926,27.15903103442001,57.8656015204981,27.05001920210963,77.21335880128707,26.93727368111108,88.65439837621386
27.11593791033746,24.19214427929474,27.15298412818931,58.01736063645722,27.04242652605467,77.43311311119983,26.92852681772483,88.90387932251868
27.11226164079516,24.2378419734538,27.1468766824767,58.16815516783031,27.03476166042869,77.65138350991562,26.91970061450275,89.15141905389798
27.10854667741482,24.28322825673789,27.14070820246998,58.31799036577873,27.02702411367776,77.86817925319687,26.91079462887863,89.39703226704584
27.10479264448281,24.32830568770911,27.13447819206028,58.46687144982644,27.01921339583907,78.08350955089844,26.90180842296773,89.64073358150908
27.10099916336253,24.3730767891412,27.12818615391873,58.61480360810179,27.01132901870333,78.29738356705461,26.89274156380192,89.88253753955456
27.09716585249041,24.41754404847757,27.12183158957626,58.76179199759633,27.00337049598017,78.50981042000987,26.88359362356864,90.122458606141
27.09329232737202,24.46170991828441,27.11541399950616,58.90784174443971,26.99533734346822,78.72079918259784,26.87436417985557,90.36051116897268
27.08937820057864,24.50557681670005,27.10893288320917,59.0529579441902,26.98722907922982,78.93035888236446,26.86505281590016,90.59670953865951
27.08542308174443,24.54914712787974,27.10238773930133,59.19714566213936,26.97904522376914,79.13849850183287,26.85565912084417,90.83106794894405
27.08142657756443,24.59242320243708,27.09577806560477,59.3404099336334,26.97078530021582,79.34522697881336,26.84618268999345,91.06360055704093
27.07738829179307,24.63540735788087,27.0891033592413,59.48275576440903,26.9624488345118,79.55055320675211,26.83662312508259,91.29432144403491
27.07330782524317,24.67810187904841,27.08236311672888,59.62418813094407,26.95403535560371,79.75448603511838,26.82698003454502,91.52324461537269
27.06918477578555,24.72050901853442,27.07555683408141,59.76471198082236,26.94554439563928,79.95703426983781,26.81725303378786,91.75038400141955
27.0650187383498,24.76263099711694,27.06868400691128,59.90433223311472,26.9369754901683,80.15820667375199,26.80744174547225,91.975753458112
27.06080930492477,24.80447000417836,27.06174413053512,60.04305377877238,26.92832817834843,80.35801196713123,26.7975457997988,92.19936676765394
27.056556064561,24.84602819812403,27.05473670008257,60.18088148103632,26.91960200315574,80.55645882820394,26.78756483479786,92.42123763930668
27.05225860337308,24.88730770679633,27.04766121060885,60.31782017586046,26.91079651159951,80.75355589374225,26.77749849662563,92.64137971023645
27.04791650454273,24.92831062788544,27.04051715720966,60.45387467234869,26.90191125494265,80.94931175966728,26.76734643986441,92.85980654642677
27.0435293483231,24.96903902933685,27.03330403514028,60.58904975320632,26.89294578892608,81.14373498169331,26.75710832782897,93.07653164365354
27.0390967120437,25.0094949497553,27.02602133993805,60.72335017520692,26.88389967399847,81.33683407600876,26.74678383287742,93.29156842853588
27.03461817011562,25.04968039880504,27.01866856754739,60.85678066967046,26.87477247555089,81.52861751998553,26.73637263672719,93.50493025962224
27.03009329403876,25.0895973576079,27.01124521444942,60.98934594295815,26.86556376415615,81.71909375292215,26.72587443077637,93.716630428556
27.02552165240888,25.12924777913711,27.00375077779483,61.12105067698086,26.85627311581336,81.90827117681707,26.71528891642948,93.92668216128385
27.02090281092559,25.16863358860831,26.99618475553995,61.25189952972018,26.84690011219704,82.09615815717656,26.70461580542877,94.13509861933109
27.01623633240224,25.20775668386826,26.98854664658705,61.38189713576565,26.83744434091204,82.28276302384903,26.69385482019007,94.34189290111279
27.01152177677544,25.24661893577967,26.98083595092828,61.51104810686471,26.82790539575273,82.46809407189161,26.68300569414316,94.54707804331687
27.00675870111677,25.28522218860401,26.9730521697932,61.63935703248713,26.81828287696774,82.65215956246693,26.6720681720777,94.75066702231362
27.00194665964426,25.32356826038101,26.96519480580051,61.76682848040481,26.80857639152938,82.83496772376421,26.66104201049273,94.95267275563552
26.99708520373614,25.36165894330599,26.95726336311328,61.89346699728397,26.79878555340854,83.01652675195629,26.64992697795163,95.15310810349517
26.99217388194457,25.39949600410437,26.94925734759874,62.01927710929296,26.78890998385463,83.19684481217958,26.63872285544091,95.35198587033808
26.98721224001121,25.43708118440391,26.94117626699149,62.14426332272478,26.77894931168012,83.37593003954301,26.62742943673352,95.54931880646166
26.98219982088325,25.47441620110434,26.93301963106143,62.26843012463301,26.76890317355099,83.55379054016431,26.61604652875654,95.7451196096538
26.97713616473123,25.51150274674513,26.92478695178507,62.39178198348332,26.75877121428137,83.73043439223628,26.60457395196244,95.9394009268904
26.97202080896749,25.54834248987084,26.91647774352195,62.51432334981899,26.74855308713407,83.90586964711443,26.59301154070475,96.13217535606589
26.96685328826615,25.5849370753944,26.90809152319458,62.63605865694193,26.73824845412543,84.0801043304356,26.581359143617,96.32345544775927
26.96163313458398,25.62128812495858,26.89962781047283,62.75699232160784,26.72785698633588,84.25314644326005,26.56961662399558,96.51325370705005
26.95635987718285,25.6573972372955,26.89108612796325,62.87712874473764,26.71737836422468,84.42500396324264,26.55778386018556,96.70158259535339
26.95103304265324,25.69326598858444,26.88246600140179,62.99647231214215,26.70681227795028,84.59568484582175,26.5458607459701,96.88845453230552
26.94565215493922,25.728895932808,26.87376695985188,63.11502739526401,26.69615842769534,84.76519702544593,26.53384719096243,97.07388189767507
26.9402167353645,25.76428860210654,26.86498853590652,63.23279835193364,26.68541652399645,84.93354841681086,26.52174312100074,97.25787703330887
26.93472630266034,25.7994455071316,26.8561302658949,63.34978952714114,26.67458628807863,85.10074691613397,26.50954847854517,97.44045224511912
26.9291803729943,25.83436813739751,26.84719169009399,63.4660052538247,26.66366745219474,85.26680040244307,26.49726322307747,97.62161980507653
26.9235784600006,25.86905796163182,26.83817235294416,63.581449853673,26.65265975996929,85.43171673889655,26.48488733150201,97.80139195326244
26.91792007481247,25.90351642812508,26.82907180326983,63.69612763794506,26.64156296674673,85.59550377412232,26.47242079854879,97.97978089992618
26.91220472609532,25.93774496507913,26.81988959450481,63.81004290830577,26.63037683994439,85.7581693435812,26.45986363717729,98.15679882758687
26.90643192008145,25.97174498095432,26.81062528492237,63.92319995767738,26.61910115940935,85.91972127095464,26.44721587898161,98.33245789314429
26.90060116060729,26.00551786481677,26.80127843786957,64.0356030711076,26.60773571777991,86.08016736955473,26.4344775745958,98.50677023002419
26.89471194915082,26.03906498668391,26.79184862200719,64.1472565266543,26.59628032085071,86.23951544375592,26.4216487940996,98.67974795034773
26.88876378487176,26.07238769787,26.78233541155354,64.25816459628581,26.58473478794197,86.39777329044634,26.40872962742361,98.85140314711666
26.88275616465331,26.10548733133147,26.77273838653397,64.36833154680038,26.57309895227244,86.55494870050919,26.39572018475423,99.02174789642444
26.87668858314454,26.13836520201077,26.76305713303449,64.47776164076025,26.56137266133558,86.71104946031433,26.38262059693686,99.19079425968293
26.87056053280642,26.17102260718157,26.75329124346053,64.5864591374431,26.54955577727975,86.86608335323827,26.36943101587816,99.35855428586798
26.86437150395758,26.20346082679223,26.74344031680059,64.69442829381218,26.537648177291,87.02005816120227,26.35615161494545,99.52504001378
26.85812098482378,26.23568112381057,26.73350395889448,64.80167336550244,26.52564975397894,87.17298166623166,26.34278258936416,99.69026347432539
26.85180846158758,26.26768474456768,26.72348178270672,64.9081986078249,26.51356041576564,87.32486165203183,26.32932415661162,99.85423669280021
26.84543341844148,26.2994729191029,26.71337340860458,65.01400827678737,26.50138008727657,87.47570590558905,26.31577655680715,100.0169716911983
26.83899533764146,26.3310468615081,26.70317846464081,65.11910663013487,26.48910870973397,87.62552221878072,26.3021400530981,100.1784804905207
26.83249369956397,26.36240777027341,26.69289658684142,65.22349792840591,26.47674624135227,87.77431839001562,26.28841493204023,100.338775113093
26.82592798276386,26.3935568286328,26.68252741949811,65.32718643600823,26.4642926577349,87.92210222588103,26.27460150397316,100.4978675848966
26.819297664035,26.4244952049107,26.67207061546552,65.43017642231192,26.45174795227266,88.06888154281324,26.26070010338886,100.6557699379039
26.81260221847242,26.45522405286905,26.66152583646283,65.5324721627599,26.43911213654285,88.21466416878296,26.24671108929331,100.8124942123995
26.80584111953762,26.48574451205602,26.65089275338067,65.6340779399988,26.42638524070914,88.35945794499283,26.23263484556038,100.968052459334
26.79901383912471,26.51605770815464,26.64017104659195,65.73499804502561,26.41356731392193,88.50327072759742,26.21847178127681,101.1224567426455
26.79211984762973,26.54616475333352,26.62936040626763,65.83523677835446,26.40065842471797,88.64611038942955,26.20422233107814,101.2757191415988
26.78515861402237,26.57606674659873,26.61846053269687,65.93479845120088,26.38765866142024,88.78798482174555,26.1898869554738,101.4278517531071
26.77812960591882,26.60576477414628,26.60747113661171,66.0336873866853,26.37456813253607,88.92890193597991,26.17546614116163,101.5788666940581
26.77103228965843,26.63525990971725,26.59639193951562,66.13190792105463,26.36138696715426,89.06886966551298,26.16096040132988,101.7287761036132
26.76386613038197,26.66455321495398,26.58522267401682,66.22946440492142,26.34811531534027,89.20789596745171,26.14637027594624,101.8775921455164
26.75663059211206,26.69364573975759,26.57396308416539,66.32636120452334,26.33475334852857,89.3459888244126,26.13169633203293,102.0253270103658
26.74932513783698,26.72253852264846,26.56261292579453,66.42260270299946,26.32130125991245,89.48315624632491,26.11693916392669,102.1719929178823
26.74194922959605,26.75123259112771,26.55117196686541,66.51819330168655,26.30775926483,89.61940627223053,26.10209939352269,102.3176021191572
26.73450232856831,26.77972896204148,26.53963998781621,66.61313742143213,26.29412760114604,89.75474697209683,26.08717767050098,102.4621668988671
26.72698389516305,26.8080286419469,26.52801678191441,66.70743950392676,26.28040652962921,89.88918644863315,26.07217467253501,102.6056995774746
26.71939338911395,26.83613262748122,26.51630215561254,66.80110401305448,26.26659633432388,90.02273283910952,26.05709110548026,102.7482125133901
26.71173026957498,26.86404190573262,26.50449592890734,66.89413543626087,26.25269732291558,90.15539431718119,26.04192770354239,102.8897181051068
26.70399399521937,26.8917574546141,26.49259793570198,66.98653828594017,26.23870982709006,90.28717909471044,26.02668522942332,103.0302287933018
26.69618402434146,26.91928024324008,26.48060802417083,67.07831710083802,26.22463420288456,90.41809542359317,26.01136447444398,103.1697570628932
26.68829981496135,26.94661123230605,26.46852605712743,67.16947644747408,26.21047083103086,90.54815159757639,25.9959662586427,103.3083154450534
26.680340824932,26.97375137447065,26.45635191239434,67.260020921581,26.19622011728928,90.67735595407692,25.98049143084754,103.4459165191864
26.67230651204972,27.00070161474161,26.44408548317568,67.34995514955982,26.18188249277283,90.80571687599752,25.96494086872128,103.5825729148407
26.66419633416718,27.02746289086452,26.4317266784312,67.43928378995336,26.16745841426024,90.93324279352655,25.94931547877781,103.7182973135849
26.65600974930953,27.05403613371496,26.41927542325218,67.52801153493529,26.15294836449788,91.05994218593692,25.9336161963681,103.8531024508095
26.64774621579366,27.08042226769453,26.40673165923878,67.6161431118154,26.13835285248857,91.18582358336792,25.91784398563465,103.9870011174759
26.63940519235004,27.10662221113004,26.3940953448781,67.70368328456114,26.12367241376705,91.31089556859975,25.90199983943263,104.1200061617978
26.63098613824824,27.13263687667687,26.38136645592351,67.79063685533357,26.10890761066087,91.43516677880582,25.88608477921604,104.2521304908529
26.62248851342481,27.15846717172588,26.3685449857737,67.87700866603883,26.09405903253563,91.5586459072925,25.87009985488785,104.3833870721125
26.61391177861503,27.18411399881466,26.35563094585225,67.96280359989349,26.07912729602353,91.68134170521478,25.85404614461147,104.5137889348989
26.60525539548719,27.20957825604261,26.34262436598663,68.04802658300419,26.06411304523422,91.80326298327034,25.83792475458306,104.6433491717581
26.59651882678051,27.23486083749063,26.3295252947864,68.13268258595963,26.04901695194661,91.92441861337109,25.82173681876217,104.7720809397364
26.58770153644581,27.25996263364469,26.31633380002002,68.21677662543543,26.03383971578068,92.04481753027974,25.80548349855909,104.8999974615694
26.5788029897901,27.28488453182463,26.30304996899032,68.30031376581096,26.01858206434772,92.16446873321978,25.78916598247752,105.0271120267624
26.56982265362375,27.30962741661688,26.28967390890767,68.38329912079742,26.00324475337847,92.28338128745558,25.77278548571048,105.1534379925755
26.56075999641118,27.33419217031231,26.27620574726032,68.46573785507532,25.98782856682669,92.40156432582441,25.75634324968756,105.2789887848936
26.5516144884252,27.35857967334892,26.26264563218175,68.54763518594133,25.97233431694822,92.51902705023795,25.73984054157221,105.4037778989789
26.54238560190414,27.38279080475945,26.24899373281432,68.62899638496492,25.95676284435296,92.63577873313393,25.72327865370645,105.5278189001006
26.53307281121278,27.40682644262411,26.23525023966837,68.70982677965119,25.94111501802906,92.75182871888626,25.70665890300198,105.6511254240447
26.52367559300638,27.43068746452858,26.22141536497681,68.79013175510994,25.92539173533779,92.86718642515902,25.68998263027515,105.7737111774802
26.51419342639818,27.45437474802728,26.20748934304369,68.86991675573141,25.90959392197727,92.98186134420897,25.6732511995242,105.8955899381915
26.50462579313032,27.47788917111203,26.19347243058695,68.9491872868645,25.893722531914,93.09586304412917,25.65646599714715,106.016775555167
26.49497217774813,27.50123161268647,26.17936490707413,69.02794891649866,25.8777785472804,93.20920117003232,25.63962843109778,106.1372819485298
26.48523206777791,27.52440295304607,26.16516707505058,69.10620727694818,25.86176297823669,93.32188544516519,25.62273992997851,106.2571231093189
26.47540495390794,27.54740407436365,26.15087926045903,69.18396806653439,25.84567686279584,93.43392567195384,25.60580194206791,106.3763130990934
26.46549033017303,27.57023586118117,26.13650181295051,69.26123705126862,25.82952126660959,93.54533173297617,25.58881593428109,106.4948660493847
26.45548769414255,27.59289920090726,26.122035106185,69.33802006653154,25.81329728271399,93.65611359185236,25.57178339106114,106.6127961609555
26.44539654711176,27.6153949843209,26.10747953812139,69.41432301874744,25.79700603123298,93.766281294053,25.55470581319974,106.7301177028807
26.43521639429634,27.63772410608109,26.09283553129587,69.49015188705319,25.78064865903782,93.87584496762119,25.53758471658522,106.8468450114435
26.42494674503073,27.65988746524311,26.07810353308773,69.56551272495838,25.76422633936103,93.98481482379836,25.52042163087606,106.9629924888286
26.41458711296954,27.68188596578092,26.06328401597177,69.64041166199615,25.74774027136303,94.09320115755381,25.50321809809865,107.0785746016165
26.40413701629229,27.7037205171159,26.04837747775606,69.71485490536134,25.73119167964924,94.20101434801362,25.48597567116675,107.193605879064
26.39359597791135,27.72539203465216,26.03338444180457,69.78884874153525,25.71458181373649,94.30826485877587,25.46869591232191,107.308100911178
26.38296352568359,27.74690144031876,26.01830545724292,69.86239953789416,25.69791194746628,94.41496323811886,25.45138039149272,107.4220743465563
26.3722391926248,27.76824966311798,26.00314109914714,69.93551374429902,25.68118337836356,94.52112011908955,25.43403068457135,107.5355408900122
26.36142251712754,27.7894376396809,25.987891968713,70.00819789466409,25.66439742693877,94.62674621946269,25.41664837160634,107.648515299948
26.3505130431818,27.81046631482921,25.9725586934063,70.08045860850326,25.64755543593154,94.73185234157997,25.39923503490975,107.7610123855101
26.33951032059935,27.83133664214441,25.95714192709158,70.15230259244913,25.63065876949407,94.83644937204728,25.38179225707779,107.8730470034757
26.32841390524059,27.85204958454354,25.94164235013905,70.22373664174462,25.61370881231231,94.94054828129089,25.3643216189235,107.9846340548979
26.3172233592444,27.8726061148618,25.92606066950782,70.29476764170221,25.59670696866311,95.04416012297565,25.34682469732034,108.0957884814962
26.30593825126116,27.89300721644245,25.91039761880441,70.36540256912994,25.57965466140546,95.14729603326046,25.32930306295598,108.2065252617717
26.29455815668829,27.91325388373344,25.89465395831538,70.43564849371857,25.56255333090423,95.2499672299039,25.31175827799511,108.3168594068611
26.2830826579086,27.93334712289115,25.87883047501237,70.50551257938997,25.5454044338839,95.35218501120143,25.29419189365067,108.4268059561192
26.27151134453129,27.95328795239109,25.86292798252841,70.57500208560013,25.52820944221135,95.45396075475782,25.27660544766292,108.5363799724105
26.25984381363525,27.97307740364579,25.84694732110403,70.64412436859654,25.5109698416054,95.55530591607524,25.25900046168559,108.6455965371301
26.24807967001519,27.99271652162971,25.83088935750168,70.71288688262415,25.49368713027129,95.65623202697228,25.24137843857944,108.7544707449281
26.23621852642947,28.01220636551096,25.81475498488699,70.78129718107708,25.47636281745893,95.75675069380469,25.2237408596123,108.8630176981481
26.22426000385045,28.03154800929022,25.79854512267522,70.84936291759287,25.45899842194264,95.85687359549878,25.20608918156615,108.9712525009629
26.21220373171685,28.05074254244676,25.7822607163418,70.91709184708523,25.44159547042123,95.95661248138326,25.18842483375114,109.0791902532218
26.20004934818763,28.06979107059103,25.76590273719463,70.98449182671044,25.42415549583665,96.05597916881631,25.17074921492728,109.1868460439867
26.18779650039798,28.08869471612456,25.74947218210732,71.05157081676423,25.40668003560977,96.15498554060436,25.1530636901339,109.294234944772
26.17544484471649,28.10745461890637,25.73297007321106,71.11833688150564,25.38917062979206,96.25364354220042,25.13536958742819,109.4013720024765
26.16299404700378,28.12607193692628,25.71639745754406,71.18479818990147,25.37162881913147,96.35196517868481,25.11766819453349,109.5082722320034
26.15044378287234,28.14454784698487,25.69975540665628,71.25096301628852,25.35405614305164,96.44996251151288,25.09996075539863,109.6149506085855
26.13779373794726,28.1628835453801,25.68304501616827,71.31683974094987,25.33645413754332,96.54764765503552,25.08224846666999,109.7214220597867
26.12504360812735,28.18108024860008,25.66626740528205,71.38243685059722,25.31882433296636,96.64503277277974,25.0645324740778,109.8277014572135
26.11219309984752,28.19913919402253,25.64942371624239,71.44776293875938,25.30116825176235,96.74213007348428,25.0468138687387,109.9338036079044
26.09924193034044,28.21706164062027,25.63251511374682,71.51282670606723,25.28348740607613,96.83895180689092,25.02909368337683,110.0397432454211
26.08618982789908,28.23484886967278,25.61554278430237,71.57763696043374,25.26578329528612,96.93551025927869,25.01137288846603,110.1455350206423
26.07303653213815,28.2525021854834,25.5985079355275,71.64220261712251,25.24805740344272,97.03181774875027,24.99365238829576,110.2511934922516
26.05978179425568,28.27002291610268,25.5814117953974,71.70653269870017,25.23031119661445,97.12788662024506,24.97593301696386,110.3567331169263
26.04642537729323,28.28741241405666,25.56425561143059,71.77063633486593,25.21254612014144,97.22372924030095,24.95821553429965,110.4621682392467
26.03296705639518,28.30467205708081,25.54704064981548,71.83452276215674,25.19476359579649,97.31935799153766,24.94050062172078,110.567513081307
26.01940661906621,28.32180324885856,25.52976819447468,71.89820132351814,25.17696501885368,97.41478526687614,24.92278887802789,110.672781732056
26.00574386542737,28.33880741976499,25.51243954606552,71.96168146773768,25.15915175506458,97.51002346348027,24.90508081514138,110.7779881363553
25.99197860846944,28.35568602761468,25.49505602091509,72.02497274873656,25.14132513754312,97.60508497642539,24.88737685378465,110.8831460837813
25.97811067430388,28.37244055841379,25.47761894988778,72.08808482471184,25.12348646355926,97.69998219208568,24.86967731911887,110.9882691971589
25.96413990241084,28.38907252711586,25.46012967718379,72.15102745712363,25.10563699124259,97.79472748124496,24.85198243633427,111.0933709208577
25.95006614588344,28.40558347838124,25.44258955906688,72.21381050952418,25.08777793619715,97.88933319192635,24.8342923262035,111.1984645088484
25.93588927166855,28.42197498733956,25.42499996251972,72.27644394621959,25.06991046802855,97.98381164193999,24.81660700060286,111.3035630125213
25.92160916080298,28.43824866035483,25.4073622638252,72.33893783076242,25.05203570678511,98.07817511115111,24.79892635800743,111.4086792683091
25.90722570864475,28.45440613579276,25.38967784707202,72.40130232426559,25.03415471931487,98.17243583346597,24.78125017896643,111.5138258850883
25.89273882509948,28.47044908479027,25.37194810258313,72.46354768353521,25.01626851554069,98.26660598854235,24.76357812156571,111.6190152314052
25.87814843484033,28.48637921202572,25.3541744252657,72.52568425901524,24.99837804465537,98.3606976932186,24.74590971688404,111.724259422525
25.86345447752227,28.50219825649078,25.33635821288086,72.58772249253718,24.98048419124019,98.45472299266949,24.72824436445081,111.8295703073159
25.84865690798875,28.51790799226186,25.31850086423215,72.64967291487299,24.96258777130878,98.54869385128988,24.71058132771231,111.9349594549992
25.83375569647126,28.53351022927188,25.30060377727125,72.71154614308126,24.94468952828048,98.64262214331103,24.69291972951484,112.0404381417688
25.81875082878075,28.54900681408093,25.28266834712017,72.77335287764478,24.92679012888609,98.73651964315052,24.67525854761231,112.1460173373063
25.80364230649004,28.56439963064558,25.26469596400809,72.8351038993919,24.90889015900977,98.83039801550632,24.65759661020699,112.2517076912041
25.78843014710709,28.57969060108606,25.24668801112279,72.89681006619837,24.89099011947158,98.9242688051946,24.63993259153181,112.3575195193188
25.77311438423801,28.59488168645075,25.22864586237505,72.95848230946322,24.87309042175455,99.01814342674562,24.62226500748299,112.463462790081
25.75769506773946,28.60997488747708,25.21057088007557,73.02013163035441,24.85519138368141,99.11203315375388,24.60459221131212,112.5695471107675
25.74217226385932,28.62497224534817,25.19246441252398,73.08176909581923,24.83729322504539,99.20594910800446,24.58691238938671,112.6757817137753
25.72654605536537,28.63987584244472,25.17432779150887,73.14340583435595,24.81939606320104,99.2999022483711,24.56922355702884,112.7821754429021
25.71081654166064,28.65468780309062,25.15616232971914,73.20505303154071,24.80149990862018,99.3939033595059,24.55152355444105,112.8887367396727
25.69498383888517,28.66941029429222,25.13796931806606,73.26672192530735,24.78360466041899,99.48796304032456,24.53381004272938,112.9954736297198
25.67904808000311,28.68404552646984,25.11975002291595,73.32842380097482,24.76571010186262,99.58209169230253,24.51608050003325,113.1023937092548
25.66300941487407,28.69859575418075,25.10150568323397,73.39016998602007,24.74781589585357,99.67629950758899,24.49833221777197,113.2095041316402
25.64686801030838,28.71306327683268,25.08323750763896,73.45197184459184,24.72992158041081,99.77059645696029,24.48056229701776,113.3168115941051
25.63062405010482,28.72745043938684,25.06494667137004,73.51384077176345,24.71202656414668,99.864992277616,24.46276764500536,113.4243223246095
25.61427773507051,28.74175963304936,25.04663431316542,73.57578818752215,24.69413012174893,99.95949646083982,24.44494497178785,113.5320420688941
25.59782928302114,28.75599329594996,25.02830153205464,73.63782553049091,24.67623138947558,100.0541182395373,24.4270907870489,113.6399760777438
25.58127892876145,28.77015391380709,25.009949384065,73.69996425138442,24.6583293606704,100.1488665756661,24.40920139708127,113.7481290944736
25.56462692404442,28.78424402057777,24.9915788788437,73.76221580619369,24.64042288130736,100.2437501475791,24.391272901941,113.8565053426841
25.54787353750827,28.79826619909155,24.97319097619718,73.82459164910189,24.62251064557231,100.3387773372882,24.37330119278752,113.9651085142926
25.53101905459034,28.81222308166683,24.95478658254943,73.88710322512891,24.60459119149062,100.4339562176829,24.35528194941872,114.0739417578768
25.51406377741654,28.82611735070851,24.93636654732132,73.94976196250531,24.5866628966095,100.529294539705,24.33721063801058,114.1830076673477
25.49700802466549,28.83995173928561,24.9179316592332,74.01257926477591,24.56872397374427,100.6247997195112,24.31908250907057,114.2923082709877
25.4798521314061,28.85372903168714,24.89948264253331,74.07556650263466,24.55077246679759,100.7204788256391,24.30089259561352,114.40184502086
25.46259644890749,28.86745206395551,24.88102015315495,74.1387350054918,24.53280624666104,100.8163385661958,24.28263571156883,114.5116187826336
25.44524134441998,28.88112372439497,24.86254477480507,74.20209605277529,24.51482300720897,100.9123852760935,24.26430645042736,114.6216298258275
25.42778720092618,28.89474695405463,24.84405701498826,74.26566086497019,24.49682026139357,101.0086249043499,24.24589918413583,114.7318778145121
25.4102344168608,28.90832474718374,24.82555730096914,74.32944059439859,24.47879533745164,101.1050630014785,24.22740806224671,114.8423617984801
25.39258340579789,28.92186015165792,24.80704597567745,74.3934463157442,24.46074537523233,101.2017047069917,24.20882701133082,114.9530802049083
25.37483459610436,28.93535626937453,24.78852329356009,74.45768901632704,24.44266732265606,101.2985547370329,24.19014973465917,115.0640308305357
25.35698843055871,28.94881625661591,24.76998941638414,74.52217958613146,24.42455793231417,101.3956173721695,24.17136971216104,115.175210834372
25.33904536593321,28.96224332437794,24.75144440899631,74.58692880759695,24.40641375821977,101.4928964453631,24.15248020066379,115.2866167309538
25.32100587253871,28.9756407386632,24.73288823504335,74.6519473451747,24.38823115271878,101.5903953301434,24.13347423442015,115.3982443841705
25.3028704337305,28.98901182073574,24.71432075265913,74.71724573466001,24.37000626357178,101.6881169290058,24.11434462592767,115.5100890016673
25.28463954537397,29.00235994733675,24.69574171012392,74.78283437230733,24.35173503121575,101.7860636620616,24.09508396704497,115.622145129852
25.26631371526886,29.01568855085833,24.67715074150189,74.84872350373718,24.33341318621578,101.8842374559563,24.07568463040845,115.7344066494999
25.24789346253045,29.02900111947372,24.65854736226303,74.91492321264444,24.31503624691558,101.9826397330854,24.05613877115265,115.8468667719912
25.22937931692682,29.04230119722243,24.63993096489616,74.98144340931786,24.2965995172966,102.0812714011281,24.03643832893714,115.9595180361735
25.21077181817044,29.05559238404748,24.62130081451966,75.0482938189828,24.27809808505439,102.1801328429173,24.0165750302815,116.0723523058587
25.19207151516298,29.06887833578339,24.60265604449721,75.11548396997831,24.2595268199012,102.2792239066777,23.99654039121016,116.1853607679815
25.17327896519183,29.08216276409238,24.5839956520657,75.18302318178004,24.24088037210306,102.3785438966402,23.9763257202076,116.2985339313951
25.15439473307731,29.0954494363471,24.56531849398317,75.2509205528836,24.22215317125981,102.4780915640672,23.95592212148394,116.4118616263322
25.13541939026881,29.10874217545719,24.54662328220435,75.31918494856259,24.2033394253358,102.5778650986981,23.93532049855041,116.5253330045265
25.11635351388902,29.12204485963818,24.52790857959221,75.38782498851278,24.18443311994857,102.6778621206407,23.91451155810327,116.6389365399862
25.09719768572467,29.13536142212017,24.50917279567356,75.45684903440169,24.16542801792294,102.7780796727259,23.89348581421431,116.752660030435
25.07795249116255,29.14869585079386,24.49041418244742,75.52626517733633,24.14631765911689,102.878514213344,23.87223359282524,116.8664905994088
25.05861851806972,29.16205218779241,24.47163083025485,75.59608122526716,24.12709536052536,102.9791616097768,23.85074503654259,116.9804146990001
25.03919635561651,29.17543452900622,24.45282066371894,75.66630469034436,24.1077542166681,103.0800171320479,23.82901010972924,117.094418113257
25.01968659304131,29.18884702352888,24.4339814377645,75.73694277624527,24.08828710026625,103.1810754472988,23.80701860388783,117.2084859622195
25.00008981835579,29.20229387303166,24.41511073372597,75.80800236548961,24.06868666321266,103.2823306147114,23.78476014333078,117.3226027065835
24.98040661698971,29.21577933106472,24.39620595555347,75.87949000676268,24.04894533783994,103.3837760809825,23.76222419113089,117.4367521529947
24.96063757037404,29.22930770228231,24.37726432612612,75.9514119022643,24.02905533848986,103.4854046763724,23.73940005534606,117.5509174599424
24.94078325446159,29.2428833415904,24.35828288368215,76.02377389510445,24.00900866338693,103.5872086113252,23.71627689551094,117.6650811442545
24.92084423818396,29.25651065321374,24.33925847837526,76.09658145676414,23.98879709681866,103.6891794736797,23.69284372938754,117.779225088176
24.90082108184414,29.27019408968084,24.3201877689671,76.16983967464355,23.96841221162392,103.791308226473,23.66908943996665,117.893330547004
24.88071433544387,29.28393815072413,24.30106721966494,76.24355323971513,23.94784537199086,103.8935852063473,23.64500278271114,118.007378157278
24.860524536945,29.29774738209381,24.28189309711476,76.31772643430635,23.92708773656452,103.9960001225598,23.62057239303162,118.1213479454987
24.84025221046417,29.31162637428255,24.26266146755837,76.39236312002973,23.90613026186386,104.0985420566018,23.59578679398461,118.2352193373451
24.8198978644003,29.32557976115948,24.24336819416487,76.46746672588327,23.88496370600754,104.2011994624312,23.570634404183,118.3489711673962
24.79946198949434,29.33961221851139,24.22400893454501,76.54304023654026,23.86357863274661,104.3039601673127,23.5451035459075,118.4625816893044
24.77894505682087,29.35372846248881,24.20457913845813,76.61908618085363,23.84196541580207,104.4068113732689,23.51918245340859,118.5760285864165
24.75834751571134,29.36793324795552,24.18507404572028,76.69560662059102,23.82011424350402,104.5097396591413,23.49285928138666,118.6892889828137
24.73766979160869,29.3822313667393,24.16548868432262,76.77260313942497,23.79801512372941,104.6127309832508,23.46612211363885,118.8023394547448
24.71691228385336,29.39662764578257,24.14581786876841,76.85007683219838,23.77565788913329,104.7157706866587,23.43895897186031,118.9151560424246
24.69607536340068,29.4111269451904,24.12605619863707,76.92802829448479,23.75303220266956,104.8188434970155,23.41135782458726,119.0277142621797
24.67515937046986,29.42573415617548,24.10619805738324,77.00645761246422,23.73012756339481,104.9219335329957,23.38330659626912,119.1399891189062
24.65416461212487,29.44045419889729,24.08623761137853,77.08536435313553,23.70693331254963,105.0250243092998,23.35479317645694,119.2519551188148
24.63309135978774,29.45529202019503,24.06616880920323,77.16474755488282,23.6834386399104,105.1280987422209,23.32580542909511,119.3635862824361
24.61193984668493,29.47025259121242,24.04598538119533,77.24460571841583,23.65963259040399,105.2311391557583,23.29633120190271,119.4748561578653
24.59071026522725,29.48534090491353,24.02568083926266,77.32493679810283,23.63550407097762,105.3341272882629,23.26635833583189,119.5857378342028
24.56940276432474,29.50056197348838,24.00524847696526,77.40573819371316,23.61104185771523,105.4370442996052,23.23587467458945,119.6962039551772
24.5480174466372,29.51592082564746,23.98468136987277,77.48700674258642,23.58623460319119,105.5398707788426,23.20486807420856,119.8062267329165
24.52655436576178,29.53142250380433,23.96397237620264,77.56873871224454,23.56107084405195,105.6425867523717,23.17332641265719,119.9157779618373
24.50501352335922,29.54707206114588,23.94311413774353,77.65092979346278,23.53553900881538,105.74517169255,23.14123759947025,120.0248290326332
24.48339486622013,29.56287455858935,23.92209908106817,77.73357509381304,23.50962742587734,105.8476045267589,23.10858958539202,120.133350946321
24.46169828327332,29.57883506162639,23.90091941903935,77.81666913169362,23.48332433171462,105.9498636468961,23.0753703720161,120.241314328333
24.43992360253819,29.59495863705341,23.87956715261203,77.90020583085793,23.45661787927278,106.051926919271,23.04156802141,120.3486894426154
24.41807058802328,29.61125034958863,23.85803407293401,77.98417851545412,23.42949614652733,106.1537716948818,23.00717066571179,120.4554462057149
24.39613893657364,29.62771525837606,23.83631176374699,78.06857990558521,23.4019471452062,106.2553748200526,22.97216651668625,120.5615542008264
24.37412827466952,29.64435841337671,23.81439160408957,78.15340211339939,23.37395882966108,106.3567126474038,22.93654387522865,120.6669826917722
24.35203815517909,29.6611848516476,23.79226477130227,78.23863663971956,23.3455191058754,106.457761047135,22.90029114080414,120.7717006368915
24.32986805406868,29.67819959350959,23.76992224433518,78.32427437121753,23.31661584059589,106.5584954185951,22.8633968208112,120.8756767028222
24.3076173670735,29.695407638605,23.74735480735704,78.41030557813994,23.28723687057493,106.6588907021108,22.82584953985807,120.9788792781405
24.2852854063325,29.71281396184625,23.72455305366492,78.49671991258988,23.25737001191072,106.7589213910538,22.78763804894122,121.0812764868454
24.262871396991,29.73042350925706,23.70150738989214,78.58350640736769,23.22700306947181,106.8585615441166,22.74875123451552,121.1828362016631
24.24037447377528,29.74824119370788,23.67820804051224,78.67065347537266,23.19612384639307,106.9577847977729,22.70917812744577,121.2835260571536
24.2177936775432,29.76627189054761,23.65464505263543,78.75814890956713,23.16472015362981,107.0565643788986,22.6689079118304,121.3833134625995
24.19512795181511,29.78452043313381,23.63080830109378,78.84597988350087,23.13277981955643,107.1548731175238,22.62792993368771,121.4821656146563
24.17237613929023,29.80299160826368,23.60668749381073,78.93413295239601,23.10029069959695,107.2526834596915,22.58623370949602,121.58004950975
24.14953697835269,29.82169015150872,23.58227217744951,79.02259405478785,23.06724068587395,107.3499674804015,22.54380893457956,121.6769319562085
24.12660909957292,29.84062074245597,23.55755174333509,79.11134851471721,23.03361771686287,107.4466968966069,22.50064549133203,121.7727795861056
24.10359102220931,29.85978799985876,23.53251543364283,79.20038104447016,22.99940978703907,107.5428430802459,22.45673345727069,121.8675588668094
24.08048115071595,29.87919647670092,23.50715234784737,79.28967574785602,22.96460495650475,107.638377071279,22.41206311291378,121.9612361122184
24.05727777126212,29.89885065517769,23.48145144942394,79.37921612401747,22.92919136058331,107.7332695907084,22.3666249494753,122.0537774936779
24.03397904826917,29.91875494159742,23.4554015727941,79.46898507176276,22.89315721936906,107.8274910535613,22.32040967637085,122.1451490505643
24.01058302097161,29.93891366120849,23.42899143050741,79.55896489440899,22.85649084721998,107.9210115818061,22.27340822852929,122.2353167005296
23.98708760000804,29.95933105295537,23.40220962064981,79.64913730512644,22.81918066218237,108.0138010171844,22.22561177350534,122.3242462493895
23.9634905640488,29.98001126416914,23.37504463446933,79.73948343277004,22.78121519533549,108.1058289339403,22.17701171838858,122.4119034006676
23.93978955646707,30.00095834519686,23.34748486420897,79.82998382818475,22.7425831000457,108.1970646514161,22.12759971650482,122.4982537647695
23.91598208206007,30.02217624397531,23.31951861113648,79.92061847097081,22.70327316111896,108.2874772465048,22.07736767390663,122.5832628677926
23.89206550382736,30.04366880055424,23.29113409376,80.01136677669278,22.66327430384193,108.3770355659371,22.02630775564986,122.6668961599687
23.86803703981369,30.0654397415749,23.26231945621865,80.10220760451602,22.62257560290157,108.4657082383811,21.97441239185346,122.7491190237339
23.84389376002321,30.08749267470951,23.23306277683656,80.1931192652545,22.58116629117367,108.5534636863428,21.92167428354096,122.8298967814234
23.81963258341268,30.10983108306803,23.2033520768282,80.28407952980977,22.53903576837176,108.6402701378479,21.8680864082614,122.9091947025986
23.79525027497102,30.13245831957778,23.17317532914362,80.375065637986,22.49617360954742,108.7260956378915,21.81364202548925,122.9869780109959
23.77074344289285,30.15537760134326,23.14252046744064,80.46605430765844,22.45256957343413,108.8109080596393,21.7583346818017,123.0632118911106
23.7461085358535,30.17859200399157,23.1113753951721,80.55702174427746,22.40821361062707,108.8946751153697,21.70215821583378,123.1378614944107
23.72134184039307,30.20210445601142,23.07972799477535,80.64794365068833,22.3630958715917,108.9773643671434,21.64510676301085,123.2108919451912
23.69643947841733,30.22591773309135,23.04756613695113,80.7387952372448,22.3172067144943,109.0589432371882,21.58717476005897,123.2822683460652
23.67139740482311,30.25003445246524,23.0148776900195,80.82955123219662,22.27053671284865,109.139379017992,21.52835694929421,123.3519557831065
23.64621140525563,30.27445706727138,22.98165052933943,80.92018589232947,22.22307666297284,109.2186388820929,21.46864838269168,123.419919330649
23.62087709400553,30.29918786093267,22.94787254677962,81.01067301383532,22.17481759125123,109.2966898915571,21.40804442573612,123.4861240557434
23.59538991205325,30.32422894156542,22.91353166022775,81.10098594339355,22.12575076119678,109.3734990071435,21.34654076105561,123.5505350222875
23.56974512526784,30.34958223642355,22.87861582312506,81.19109758943883,22.07586768030954,109.4490330971433,21.28413339184073,123.6131172948394
23.54393782276794,30.37524948638602,22.84311303401392,81.28098043359599,22.02516010672757,109.5232589458921,21.22081864505132,123.6738359421179
23.5179629154519,30.40123224049464,22.80701134608599,81.37060654225999,21.97362005566708,109.5961432619532,21.1565931744139,123.7326560402066
23.49181513470435,30.42753185054985,22.77029887671798,81.4599475782985,21.9212398056489,109.6676526859666,21.09145396321216,123.7895426754719
23.46548903128577,30.45414946577154,22.73296381698369,81.54897481285849,21.86801190450909,109.7377537981632,21.0253983268743,123.8444609472074
23.43897897441226,30.48108602753275,22.69499444112968,81.63765913725312,21.81392917519164,109.8064131255452,20.95842391536005,123.8973759700181
23.41227915103137,30.50834226417284,22.65637911600321,81.72597107491001,21.75898472132211,109.8735971487319,20.89052871535123,123.9482528759584
23.38538356530095,30.53591868589806,22.61710631042091,81.81388079336067,21.70317193256085,109.9392723084728,20.82171105224965,123.9970568164378
23.35828603827645,30.56381557977598,22.57716460446706,81.9013581162509,21.64648448973553,110.0034050118306,20.75196959198606,124.0437529639123
23.33098020781252,30.59203300483133,22.53654269871069,81.98837253535318,21.58891636975262,110.0659616380393,20.68130334264445,124.0883065133757
23.30345952868439,30.62057078724945,22.49522942333097,82.07489322256191,21.53046185028816,110.1269085440393,20.60971165590568,124.1306826836651
23.27571727293415,30.64942851569453,22.45321374714072,82.1608890418546,21.47111551425829,110.1862120696959,20.53719422831498,124.1708467186054
23.2477465304463,30.678605536749,22.41048478649871,82.24632856119956,21.41087225407059,110.2438385427099,20.46375110237752,124.2087638880007
23.21954020975731,30.7081009504799,22.3670318141007,82.33118006439553,21.34972727565753,110.2997542832245,20.38938266748658,124.2443994885001
23.19109103910287,30.73791360613907,22.32284426764105,82.41541156282521,21.28767610229363,110.3539256081373,20.31408966068895,124.2777188443504
23.16239156770644,30.76804209800207,22.27791175833591,82.4989908071086,21.22471457819818,110.4063188351273,20.23787316729211,124.3086873080616
23.13343416731235,30.79848476135193,22.23222407930021,82.58188529864098,21.1608388719261,110.4569002864078,20.16073462131766,124.3372702609984
23.1042110339659,30.82923966861307,22.18577121377075,82.66406230100162,21.09604547954895,110.5056362922116,20.08267580580583,124.3634331139263
23.07471419004286,30.86030462563944,22.13854334316821,82.74548885122127,21.03033122762937,110.5524931940239,20.00369885297557,124.387141307523
23.04493548653005,30.89167716816272,22.09053085499151,82.82613177089443,20.96369327599167,110.5974373475738,19.92380624424488,124.408360312893
23.0148666055583,30.923354558404,22.04172435053834,82.90595767712766,20.89612912029181,110.6404351255963,19.84300081011595,124.4270556320895
22.98449906318863,30.95533378185307,21.9921146524458,82.98493299331089,20.82763659439056,110.6814529203799,19.7612857299296,124.4431927986815
22.9538242124518,30.98761154421916,21.94169281204642,83.06302395970475,20.75821387253307,110.7204571461118,19.67866453149365,124.4567373783811
22.92283324664119,31.02018426855596,21.89045011653431,83.14019664383386,20.68785947133889,110.7574142410394,19.59514109058932,124.4676549697584
22.8915172028582,31.05304809256416,21.83837809593732,83.21641695067886,20.61657225160642,110.7922906694591,19.51071963036039,124.4759112050676
22.85986696580894,31.08619886607354,21.7854685298914,83.29165063266066,20.54435141993584,110.8250529235514,19.42540472058909,124.4814717512118
22.8278732718505,31.11963214870698,21.73171345421362,83.3658632994114,20.47119653017485,110.8556675250803,19.33920127686277,124.4843023108674
22.79552671328455,31.15334320772789,21.677105167271,83.43902042732645,20.39710748469134,110.8841010269705,19.25211455963565,124.4843686238003
22.76281774289541,31.18732701607215,21.62163623614282,83.51108736889472,20.32208453547771,110.9103200147847,19.16415017318932,124.4816364683962
22.72973667872941,31.22157825056582,21.56529950257404,83.58202936180363,20.24612828509107,110.934291108117,19.07531406449572,124.476071663435
22.6962737091118,31.25609129032877,21.50808808871858,83.65181153781715,20.16923968743397,110.9559809619226,18.98561252198631,124.467640070136
22.66241889789685,31.29086021536391,21.44999540267098,83.72039893142536,20.09142004838031,110.9753562678037,18.89505217423079,124.4563075945041
22.62816218994622,31.32587880533238,21.39101514378593,83.78775648826621,20.01267102625088,110.9923837552728,18.80363998852854,124.4420401900031
22.59349341683092,31.36114053851335,21.33114130778518,83.85384907331934,19.93299463214314,111.0070301930125,18.71138326941614,124.4248038605906
22.55840230275057,31.39663859094743,21.27036819165174,83.91864147887432,19.85239323012011,111.0192623901549,18.61828965709354,124.4045646641411
22.52287847066401,31.43236583576203,21.20869039831199,83.98209843227613,19.7708695372625,111.029047197603,18.52436712577178,124.3812887162897
22.486911448625,31.46831484267689,21.1461028411063,84.0441846034503,19.6884266235889,111.0363515094153,18.42962398194476,124.3549421947253
22.45049067631566,31.50447787768734,21.08260074804926,84.10486461221296,19.60506791184856,111.0411422642783,18.33406886258721,124.3254913439735
22.41360551177038,31.54084690292268,21.01817966588099,84.16410303537108,19.52079717719093,111.0433864470902,18.23771073328113,124.2929024806931
22.37624523828261,31.57741357667646,20.95283546391121,84.22186441361815,19.43561854671643,111.0430510906798,18.14055888627241,124.2571419995207
22.33839907148633,31.61416925360583,20.88656433765819,84.27811325823362,19.34953649891286,111.0401032776865,18.0426229384592,124.2181763795068
22.3000561666037,31.65110498509554,20.81936281228469,84.33281405759178,19.26255586298107,111.0345101426267,17.94391282931362,124.175972191165
22.26120562585043,31.68821151978359,20.75122774583366,84.38593128349083,19.17468181805474,111.0262388741705,17.84443881873771,124.1304961041784
22.22183650598969,31.72547930424332,20.68215633226636,84.43742939730986,19.08591989231724,111.0152567176598,17.74421148485462,124.0817148957966
22.18193782602538,31.76289848381846,20.61214610430617,84.48727285600529,18.99627596202009,111.0015309778904,17.64324172173566,124.0295954599583
22.1414985750252,31.80045890360545,20.54119493609086,84.53542611795538,18.90575625040616,110.9850290221901,17.54154073706352,123.9741048171805
22.10050772006421,31.83815010957915,20.46930104563725,84.58185364866756,18.81436732654137,110.9657182838163,17.43912004973176,123.9152101252446
22.05895421427863,31.87596134985584,20.39646299712168,84.62651992635874,18.72211610405787,110.9435662657073,17.33599148738045,123.8528786907267
22.01682700502015,31.91388157608902,20.32267970297992,84.66938944742192,18.62900983981217,110.9185405446142,17.23216718386744,123.7870779814028
21.97411504210077,31.9518994449923,20.24795042583057,84.71042673179431,18.53505613246076,110.8906087756422,17.12765957667444,123.7177756395717
21.93080728611782,31.99000331998378,20.17227478022602,84.74959632824007,18.44026292095627,110.8597386972346,17.02248140424711,123.6449394963343
21.88689271684911,32.02818127294641,20.09565273423491,84.78686281956388,18.34463848296644,110.8258981366318,16.91664570326754,123.5685375868691
21.84236034170797,32.06642108609875,20.01808461086045,84.8221908277708,18.24819143321837,110.7890550158321,16.81016580585775,123.4885381667428
21.79719920424798,32.10471025397032,19.93957108929877,84.85554501918955,18.15093072177004,110.7491773580919,16.70305533671206,123.4049097292976
21.7513983927072,32.14303598547573,19.86011320604187,84.88689010957593,18.05286563221108,110.7062332949973,16.59532821015635,123.3176210241536
21.70494704858173,32.18138520608198,19.77971235582918,84.91619086921472,17.95400577979412,110.6601910741384,16.4869986271314,123.2266410768707
21.6578343752188,32.21974456006327,19.69837029245243,84.94341212803936,17.85436110949842,110.6110190674247,16.37808107209774,123.1319392098041
21.61004964641934,32.25810041283781,19.61608912941809,84.96851878078721,17.75394189402671,110.558685780071,16.26859030985861,123.0334850642001
21.5615822150401,32.29643885338055,19.53287134047185,84.99147579221177,17.65275873173622,110.5031598602957,16.15854138229776,122.9312486235664
21.51242152158624,32.33474569670722,19.44871975998942,85.01224820237205,17.55082254450422,110.4444101097613,16.04794960502811,122.8252002383623
21.46255710278444,32.37300648642373,19.36363758323795,85.03080113201952,17.44814457552888,110.3824054947974,15.93683056394731,122.7153106520418
21.41197860012772,32.41120649733613,19.27762836651262,85.04709978810575,17.34473638706487,110.3171151584422,15.82520011169573,122.6015510284919
21.36067576838293,32.44933073811618,19.19069602715218,85.06110946943294,17.24060985809414,110.2485084333389,15.71307436401206,122.4838929809038
21.30863848405215,32.48736395401761,19.10284484343795,85.07279557246923,17.13577718193073,110.1765548555249,15.60046969598162,122.3623086021093
21.25585675377969,32.5252906296387,19.01407945438007,85.08212359735444,17.03025086375915,110.1012241791543,15.48740273817177,122.2367704964228
21.20232072269658,32.56309499172691,18.924404859395,85.08905915411925,16.92404371810521,110.0224863921877,15.37389037264892,122.1072518130197
21.14802068269466,32.60076101202153,18.83382641787822,85.09356796914329,16.81716886623756,109.9403117330921,15.25994972887103,121.9737262808819
21.09294708062291,32.63827241013053,18.74234984867546,85.09561589187757,16.70963973349861,109.8546707085878,15.14559817944927,121.836168245345
21.03709052639878,32.67561265643853,18.64998122945639,85.09516890185728,16.6014700465624,109.765534112481,15.0308533357722,121.6945527062705
20.98044180102783,32.71276497504234,18.55672699599378,85.0921931160326,16.49267383061729,109.6728730456221,14.91573304348562,121.5488553578698
20.9229918645252,32.74971234671174,18.46259394135173,85.08665479644381,16.38326540647065,109.5766589370279,14.80025537782077,121.3990526302032
20.86473186373284,32.78643751187282,18.36758921498546,85.07852035826868,16.27325938757244,109.4768635662061,14.68443863876333,121.2451217323731
20.80565314002689,32.82292297361202,18.2717203217562,85.06775637827224,16.16267067695466,109.3734590867232,14.56830134605555,121.0870406974247
20.74574723690991,32.85915100069931,18.17499512086301,85.05432960368576,16.05151446408236,109.2664180510489,14.45186223402333,120.9247884289697
20.68500590748304,32.89510363062877,18.07742182469485,85.03820696154659,15.93980622161286,109.1557134367199,14.33514024621993,120.7583447495387
20.62342112179363,32.93076267267652,17.97900899760418,85.01935556852794,15.82756170205827,109.0413186738556,14.21815452987786,120.5876904506613
20.56098507405402,32.96610971097491,17.87976555460487,84.99774274128951,15.71479693434677,108.9232076740644,14.10092443015997,120.4128073446809
20.49769018972818,33.00112610760325,17.77970075999563,84.97333600738123,15.60152822027777,108.8013548607756,13.98346948420084,120.233678318284
20.43352913248248,33.03579300569555,17.67882422591086,84.94610311673013,15.48777213086508,108.6757352010261,13.86580941492929,120.0502873877409
20.36849481099786,33.07009133256614,17.57714591079959,84.91601205374425,15.37354550256293,108.5463242387422,13.7479641246626,119.8626197558287
20.30258038564075,33.10400180285437,17.47467611783418,84.8830310500656,15.25886543336815,108.4130981295381,13.62995368846283,119.6706618704117
20.23577927499074,33.1375049216904,17.37142549324893,84.84712859800545,15.14374927879243,108.2760336770667,13.5117983472458,119.4744014846451
20.168085162223,33.17058098788428,17.26740502460924,84.80827346469476,15.02821464769792,108.1351083709454,13.39351850063283,119.2738277187541
20.09949200134426,33.20321009714088,17.16262603901134,84.76643470698549,14.91227939798862,107.9903004262807,13.27513469953553,119.0689311233368
20.02999402328099,33.23537214530426,17.05710020121257,84.72158168713479,14.79596163215067,107.8415888248158,13.15666763846386,118.8597037441315
19.9595857418195,33.26704683163483,16.95083951169148,84.6736840893078,14.67927969263334,107.6889533577151,13.03813814754747,118.6461391881688
19.88826195939712,33.29821366212354,16.84385630463708,84.62271193693421,14.56225215706271,107.5323746700033,12.91956718426089,118.4282326912331
19.81601777274476,33.3288519528479,16.73616324586612,84.56863561095165,14.44489783327984,107.3718343066674,12.80097582484275,118.2059811865324
19.74284857838098,33.35894083337499,16.62777333066685,84.51142586897276,14.3272357541944,107.2073147604304,12.68238525539946,117.9793833744761
19.66875007795821,33.3884592502168,16.51869988156743,84.45105386540929,14.20928517244494,107.0387995211964,12.56381676268426,117.7484397934335
19.59371828346186,33.41738597034438,16.40895654602701,84.38749117258932,14.09106555485643,106.8662731271653,12.44529172454249,117.5131528913505
19.5177495222637,33.44569958476725,16.29855729404672,84.32070980290123,13.9725965766856,106.689721217607,12.32683160001445,117.2735270980718
19.44084044203065,33.47337851218521,16.18751641569788,84.25068223200024,13.85389811564425,106.5091305872817,12.2084579190875,117.0295688982105
19.36298801549077,33.50040100272007,16.07584851856406,84.17738142310873,13.73499024569037,106.324489242484,12.09019227208947,116.7812869043919
19.28418954505833,33.52674514173566,15.96356852509344,84.10078085244828,13.61589323057708,106.135786458683,11.97205629871626,116.5286919306793
19.20444266731996,33.55238885375445,15.85069166985757,84.02085453583123,13.49662751714878,105.9430128397217,11.85407167668651,116.2717970659761
19.12374535738433,33.57730990647998,15.73723349671185,83.93757705644872,13.37721372837408,105.7461603785336,11.73626011001787,116.0106177471857
19.04209593309736,33.60148591493471,15.62320985585326,83.85092359388246,13.25767265610468,105.5452225193221,11.61864331691897,115.745171831885
18.95949305912637,33.62489434572333,15.50863690076996,83.76086995437227,13.13802525354969,105.3401942211407,11.50124301729324,115.4754796702634
18.875935750915,33.64751252143219,15.39353108507733,83.66739260236878,13.01829262745412,105.1310720228043,11.38408091985066,115.2015641760503
18.79142337851254,33.66931762517576,15.27790915923431,83.57046869339592,12.89849602997126,104.9178541090478,11.26717870882547,114.923450896145
18.70595567028014,33.69028670530182,15.16178816713379,83.47007610825199,12.77865685021765,104.7005403778386,11.15055803029827,114.641168078644
18.61953271647719,33.71039668026756,15.0451854425602,83.36619348857032,12.6587966055002,104.4791325087398,11.03424047812278,114.3547467389421
18.53215497273105,33.72962434369884,14.92811860550694,83.25880027376266,12.53893693220479,104.2536340322056,10.91824757945841,114.0642207235704
18.44382326339307,33.7479463696458,14.81060555834629,83.14787673936321,12.41909957633596,104.0240503996801,10.80260077991181,113.7696267714157
18.35453878478437,33.76533931804871,14.69266448184353,83.03340403679,12.29930638369755,103.7903890543549,10.68732142829164,113.4710045719546
18.26430310833441,33.78177964042737,14.57431383100687,82.91536423453698,12.17957928970432,103.5526595024306,10.57243076098273,113.1683968201122
18.1731181836156,33.79724368580928,14.45557233076436,82.7937403608059,12.05994030881542,103.3108733847075,10.45794988594784,112.8618492673562
18.0809863412773,33.81170770691149,14.33645897145846,82.66851644758576,11.94041152358036,103.0650445483217,10.34389976636663,112.5514107686087
17.98791029588202,33.82514786659102,14.21699300414854,82.53967757617889,11.8210150732893,102.8151891184231,10.23030120392405,112.2371333245604
17.89389314864713,33.8375402445809,14.09719393571137,82.40720992417469,11.70177314221976,102.561325569578,10.11717482176213,111.9190721189514
17.7989383900951,33.84886084452747,13.977081523729,82.27110081386212,11.5827079474726,102.3034747966619,10.00454104711158,111.5972855503862
17.70304990261486,33.85908560134633,13.85667577115318,82.1313387620673,11.46384172639106,102.0416601849922,9.892420093621912,111.2718352582347
17.60623196293745,33.86819038891439,13.73599692073521,81.98791353140099,11.34519672355755,101.7759076794356,9.780831943411286,110.9427861421743
17.50848924452821,33.87615102811584,13.61506544920968,81.84081618288798,11.22679517736364,101.506245852203,9.669796328859842,110.6102063749239
17.40982681989822,33.8829432952606,13.49390206122,81.6900391299515,11.10865930615028,101.2327059690357,9.559332714172767,110.2741674077258
17.31025016283716,33.8885429308943,13.37252768297374,81.53557619371016,10.99081129391602,100.9553220534645,9.449460276742265,109.9347439681303
17.20976515056967,33.89292564901855,13.25096345561523,81.37742265954508,10.87327327559285,100.6741309488075,9.340197888340217,109.5920140496567
17.10837806583724,33.89606714674252,13.12923072830266,81.21557533488192,10.75606732189033,100.3891723775604,9.231564096175992,109.2460588928998
17.00609559890698,33.8979431143846,13.00735105097664,81.05003260812443,10.63921542371058,100.1004889978136,9.12357710385707,108.8969629576862
16.90292484950904,33.89852924604646,12.88534616680714,80.88079450866945,10.52273947613834,99.80812645631917,9.016254752292474,108.5448138858842
16.79887332870337,33.89780125067926,12.76323800430552,80.70786276792003,10.40666126201196,99.51213343781291,8.909614500582286,108.1897024545067
16.6939489606771,33.89573486366496,12.64104866908802,80.53124088120569,10.29100243508376,99.21256171019066,8.803673406939076,107.831722518772
16.58816008447265,33.89230585893345,12.51880043527731,80.35093417050639,10.17578450277948,98.9094661651196,8.698448109689817,107.470970944813
16.48151545564699,33.88749006163889,12.39651573652876,80.16694984786575,10.06102880856966,98.60290485366218,8.593954808409684,107.1075475317671
16.37402424786192,33.88126336141752,12.27421715666745,79.97929707936754,9.946756513967401,98.29293901647658,8.490209245241489,106.7415549230164
16.26569605440468,33.87360172625019,12.15192741992316,79.78798704953556,9.832988580169976,97.97963310815626,8.387226686457229,106.3730985063947
16.15654088963811,33.86448121695297,12.02966938074955,79.59303302600652,9.71974574936432,97.6630548152652,8.285021904320168,106.0022863032228
16.04656919037896,33.85387800231972,11.90746601321512,79.39445042430773,9.607048525718763,97.34327506762433,8.18360915930829,105.6292288460912
15.93579181720268,33.84176837494012,11.78534039995277,79.19225687256252,9.494917156086789,97.02036804240625,8.083002182761616,105.2540390453625
15.82422005567246,33.82812876771811,11.66331572065627,78.98647227592747,9.383371610451027,96.69441116059917,7.983214160017621,104.8768320444323
15.71186561748976,33.81293577111423,11.54141524011161,78.77711888055323,9.272431562139076,96.36548507541062,7.884257714100259,104.4977250638429
15.59874064156346,33.79616615113682,11.41966229575219,78.56422133684487,9.162116367845663,96.03367365218979,7.786144890029353,104.1168372344241
15.48485769499349,33.77779686810646,11.29808028472774,78.3478067617816,9.052445047498672,95.69906393946175,7.688887139817401,103.7342894196931
15.37022977396534,33.75780509621802,11.17669265047697,78.12790480004197,8.943436264010144,95.36174613068923,7.592495308221633,103.3502040278314
15.2548703045501,33.73616824392523,11.05552286879599,77.90454768366179,8.835108302956131,95.02181351639362,7.496979619318798,102.964704813618
15.13879314340513,33.71286397517102,10.93459443339444,77.67777028994048,8.727479052232711,94.679362426301,7.402349663969757,102.5779166707867
15.02201257836925,33.68787023148892,10.81393084093346,77.44761019729238,8.620565981738679,94.33449216119992,7.308614388239957,102.189965415342
14.90454332894583,33.66116525499823,10.69355557554054,77.2141077387261,8.514386123138335,93.98730491424521,7.215782082840638,101.800977560451
14.7864005466668,33.63272761231695,10.57349209279776,76.97730605261927,8.408956049761031,93.63790568146879,7.123860373653387,101.4110800835985
14.66759981532939,33.60253621941445,10.45376380320177,76.73725113044277,8.304291856697045,93.28640216131343,7.032856213398675,101.0204001867709
14.5481571510974,33.57057036742655,10.33439405509589,76.4939918610726,8.200409141151946,92.93290464304481,6.942775874505719,100.6290650505033
14.42808900245728,33.5368097494539,10.21540611707602,76.2475800713171,8.097322983124517,92.57752588395969,6.853624943237879,100.2372015826892
14.30741225001947,33.50123448836401,10.09682315987512,75.99807056227381,7.995047926475411,92.22038097535211,6.765408315123697,99.84493616312156
14.18614420615377,33.463825165616,9.978668237732592,75.74552114111872,7.893597960456111,91.86158719727658,6.678130191739371,99.45239438478535
14.06430261444748,33.42456285112586,9.860964269258002,75.48999264792521,7.792986501769459,91.50126386219374,6.591794078883432,99.05970079297813
13.94190564897362,33.38342913418848,9.74373401780076,75.23154897709679,7.693226377234665,91.13953214766934,6.506402786179041,98.66697862338125
13.8189719133563,33.3404061554715,9.627000071340788,74.9702570929978,7.594329807130862,90.776514918353,6.421958428133554,98.27434954023606
13.69552043961897,33.29547664009279,9.510784821917669,74.70618703935727,7.496308389294152,90.4123365375502,6.338462426678567,97.88193337581927
13.57157068680045,33.24862393179264,9.395110444619633,74.43941194202576,7.399173084043343,90.04712266876258,6.255915515207193,97.48984787241994
13.44714253932328,33.19983202820875,9.279998876156538,74.1700080046584,7.302934200009592,89.68100006766007,6.174317744118214,97.09820842804342
13.32225630509702,33.14908561725884,9.165471793044844,73.8980544969118,7.207601380944657,89.31409636502038,6.093668487869625,96.70712784706379
13.19693271333935,33.09637011463367,9.051550589436415,73.62363373473937,7.113183593581117,88.94653984124427,6.013966453536408,96.31671609703599
13.07119291209576,33.04167170239877,8.938256354626287,73.34683105238736,7.019689116616757,88.57845919314305,5.935209690859947,95.92708007286329
12.94505846543858,32.98497736870099,8.825609850279179,73.06773476570498,6.927125530892513,88.20998329375428,5.857395603768491,95.53832336948585
12.8185513503244,32.92627494857,8.713631487417892,72.78643612640032,6.835499710831222,87.8412409460301,5.780520963340436,95.15054606421603
12.69169395308839,32.86555316580232,8.602341303221444,72.50302926689591,6.744817817200643,87.47236063129694,5.70458192217432,94.76384450979178
12.5645090655529,32.80280167590907,8.491758937684498,72.21761113546253,6.65508529126045,87.10347025345921,5.629574030121752,94.37831113916901
12.4370198807266,32.73801111010448,8.381903610194277,71.93028142134162,6.5663068503483,86.73469687997707,5.555492251331989,93.99403428299317
12.30924998806963,32.67117312030549,8.272794096084946,71.64114246960042,6.478486484955063,86.36616648069815,5.482330982549677,93.61109800061962
12.18122336829901,32.6022804251074,8.16444870323402,71.35029918550208,6.391627457333435,85.99800366567611,5.410084072600156,93.22958192546294
12.05296438770788,32.53132685669306,8.056885248769147,71.05785892821785,6.305732301678137,85.63033142314249,5.338744842990289,92.84956112536155
11.92449779197093,32.45830740862607,7.95012103595774,70.76393139375561,6.220802825908983,85.26327085883112,5.268306109546652,92.471105978542
11.7958486994074,32.3832182844711,7.844172831355794,70.46862848703181,6.136840115081056,84.89694093787676,5.198760205007257,92.09428206566595
11.66704259367252,32.30605694717503,7.739056842295765,70.17206418306766,6.053844536438426,84.53145823052172,5.130099002477863,91.71915007832578
11.53810531584701,32.22682216913495,7.634788694796842,69.87435437735782,5.971815746119931,84.16693666286213,5.062313939659721,91.34576574424867
11.40906305589354,32.1455140828681,7.531383411983979,69.57561672551566,5.890752697517191,83.80348727386455,4.995396043751556,90.97417976934739
11.2799423434486,32.06213423218983,7.428855393104845,69.27597047237262,5.810653651276424,83.44121797985574,4.929335956925734,90.60443779664492
11.15077003791712,31.97668562379415,7.327218393236051,68.97553627078111,5.731516186926855,83.08023334766685,4.864123962276011,90.23658038197863
11.02157331783703,31.88917277912054,7.226485503772213,68.6744359904382,5.653337216109673,82.7206343775638,4.799750010132787,89.8706429862825
10.89237966948014,31.79960178637756,7.126669133792249,68.3727925171297,5.576112997372561,82.36251829705178,4.736203744640885,89.50665598412972
10.76321687465568,31.70798035258315,7.027780992398733,68.07072954286761,5.49983915248601,82.00597836657612,4.67347453049467,89.14464468811059
10.63411299768243,31.61431785546585,6.92983207212585,67.76837134747352,5.424510684228961,81.65110369806838,4.611551479726073,88.78462938852243
10.50509637149537,31.51862539505912,6.832832633511252,67.46584257223768,5.35012199558274,81.29797908721072,4.550423478442444,88.42662540774882
10.37619558285286,31.42091584480555,6.736792190926086,67.16326798636166,5.276666910264296,80.94668486019722,4.490079213413105,88.07064316861666
10.2474394566108,31.32120390197344,6.641719499755346,66.86077224696926,5.204138694521776,80.59729673567675,4.430507198406377,87.71668827593616
10.11885703903063,31.21950613717209,6.547622545018147,66.55847965354106,5.132530080108353,80.24988570245488,4.371695800182239,87.36476161036268
9.990477580088724,31.11584104273723,6.454508531514284,66.25651389770115,5.061833288343424,79.90451791342701,4.313633264049598,87.01485943364372
9.86233051475614,31.01022907974063,6.362383875578852,65.95499780934776,4.992040055164215,79.56125459609684,4.256307738901974,86.66697350426864
9.734445443218391,30.9026927233627,6.271254198521888,65.65405310018123,4.923141657065277,79.22015197991843,4.199707301650169,86.32109120248593
9.606852110007212,30.79325650635019,6.181124321824067,65.35380010573698,4.85512893781898,78.88126124058131,4.14381998097616,85.97719566362662
9.47958038201774,30.68194706026264,6.091998264152698,65.0543575270771,4.787992335865732,78.54462846123729,4.088633780338186,85.6352659186304
9.352660225387307,30.568793154198,6.003879240254861,64.75584217333471,4.721721912260045,78.21029461054623,4.034136700163225,85.29527704067176
9.226121681214387,30.45382573066809,5.916769661776303,64.4583687063337,4.65630737905606,77.87829553730427,3.980316759169444,84.95720029676446
9.099994840099843,30.33707793828136,5.830671140045635,64.16204938852941,4.591738128014817,77.54866198129892,3.927162014767787,84.62100330322879
8.974309815495957,30.21858516087351,5.745584490853838,63.86699383552384,4.528003259515114,77.22141959992736,3.874660582498625,84.28665018391868
8.849096715853019,30.09838504271324,5.661509741248814,63.57330877441009,4.465091611550248,76.89658901000723,3.822800654466114,83.95410173011989
8.724385615557786,29.97651750939556,5.578446138354013,63.28109780919056,4.402991788693982,76.57418584411485,3.77157051673972,83.62331556106412
8.600206524663539,29.85302478402541,5.496392160208789,62.9904611944861,4.341692190921403,76.25422082068641,3.720958565699075,83.29424628403225
8.476589357416801,29.72795139828115,5.415345528616919,62.70149561872512,4.281181042173045,75.93669982704301,3.670953323304918,82.96684565306447
8.35356389959259,29.6013441979408,5.335303223977589,62.41429399795017,4.221446418554384,75.62162401441906,3.621543451285341,82.64106272533891
8.231159774656573,29.4732523424473,5.256261502061413,62.12894528132552,4.162476276067205,75.30898990401363,3.572717764232785,82.31684401433645
8.109406408780369,29.34372729808453,5.178215912682192,61.84553426935921,4.104258477774236,74.99878950302333,3.524465241613218,81.994133638961
7.988332994744093,29.21282282433528,5.101161320203056,61.56414144577415,4.046780820304282,74.69101042957735,3.476775038694618,81.67287346784664
7.867968454769215,29.08059495299542,5.025091925804281,61.28484282387583,3.990031059610985,74.38563604545185,3.429636496407328,81.35300325814814
7.748341402334034,28.9471019596233,4.950001291428658,61.00770980816209,3.933996935905181,74.08264559542451,3.383039150153806,81.03446078817441
7.629480103034084,28.81240432691416,4.875882365309664,60.73280907182082,3.878666197687612,73.7820143521085,3.336972737590068,80.71718198329164
7.511412434560266,28.67656469960331,4.802727508977303,60.46020245063972,3.824026624816274,73.48371376510532,3.291427205405372,80.40110103459372
7.394165845878473,28.53964783052159,4.730528525627355,60.18994685374334,3.770066050549924,73.18771161331901,3.246392715130603,80.08615050990358
7.27776731570616,28.40172051744969,4.659276689730675,59.9220941914386,3.716772382517269,72.89397215928767,3.201859648009382,79.77226145674098
7.162243310392926,28.26285153044801,4.588962777751898,59.65669132033287,3.664133622568917,72.60245630441369,3.157818608968942,79.45936349695614
7.047619741324843,28.12311152937506,4.51957709983981,59.39378000575356,3.612137885477023,72.31312174400361,3.114260429730627,79.14738491279998
6.933921921984202,27.98257297134662,4.451109532346221,59.1333969013715,3.560773416455314,72.02592312106569,3.071176171102081,78.83625272426691
6.821174524809646,27.84131000793645,4.383549551025476,58.87557354580378,3.51002860747974,71.7408121778617,3.028557124495157,78.52589275760596
6.709401538013672,27.69939837197397,4.316886264763506,58.62033637584541,3.459892012397475,71.45773790425886,2.986394812715128,78.21622970496358
6.598626222527496,27.55691525385195,4.25110844968314,58.36770675585642,3.410352360819107,71.17664668198476,2.94468099006787,77.90718717517727
6.488871069255273,27.41393916732601,4.186204583471505,58.11770102271935,3.361398570795863,70.8974824239489,2.903407641832599,77.59868773579402
6.380157756831572,27.27054980485893,4.122162879775666,57.87033054566604,3.313019760290199,70.62018670786127,2.862566983148103,77.29065294644955
6.272507110087199,27.12682788264209,4.058971322514227,57.62560180017778,3.265205257454351,70.34469890344506,2.822151457360655,76.98300338378336
6.165939059438823,26.9828549755097,3.996617699955289,57.3835164550626,3.217944609737247,70.07095629261012,2.78215373388158,76.67565865812378
6.06047260142726,26.83871334205222,3.935089638415158,57.14407147173598,3.171227591845545,69.79889418202838,2.742566705602076,76.36853742221427
5.956125760637277,26.69448574032762,3.874374635436959,56.90725921464963,3.125044212589538,69.52844600762444,2.703383485912081,76.06155737229794
5.85291555323856,26.55025523466831,3.81446009231455,56.67306757175935,3.079384720649159,69.25954343056624,2.664597405369225,75.75463524191335
5.750857952392344,26.40610499418119,3.755333345833739,56.44148008386223,3.034239609299263,68.99211642441615,2.626202008062597,75.44768678879166
5.649967855771329,26.26211808364059,3.696981699110829,56.21247608159708,2.989599620137011,68.72609335317607,2.588191047714819,75.14062677527757
5.550259055441398,26.11837724757871,3.639392451416818,55.98603082887404,2.945455745857169,68.46140104002748,2.550558483564336,74.83336894272371
5.451744210352233,25.97496468847766,3.582552926884835,55.76211567147801,2.90179923212377,68.19796482664051,2.513298476068243,74.5258259803385
5.354434821680118,25.83196184007029,3.526450502007961,55.54069818958475,2.858621578588699,67.93570862299507,2.476405382464072,74.21790948898597
5.258341211259434,25.68944913685299,3.471072631844796,55.321742352939,2.815914539109508,67.67455494771794,2.439873752227165,73.90952994046408
5.163472503330096,25.54750578100434,3.416406874860427,55.10520867744647,2.773670121219945,67.41442495900471,2.403698322458151,73.60059663280151
5.069836609815743,25.40620950798981,3.36244091634111,54.89105438197183,2.731880584907566,67.15523847625973,2.367874013233071,73.29101764213033
4.977440219332119,25.26563635220779,3.309162590331664,54.67923354415366,2.690538440753238,66.8969139926357,2.332395922946454,72.98069977171014
4.886288790106769,25.12586041409864,3.256559900055302,54.46969725410472,2.649636447487358,66.63936867871836,2.297259323675636,72.66954849868686
4.79638654696982,24.9869536301928,3.204621036786092,54.26239376490268,2.609167609017409,66.3825183776444,2.262459656592247,72.35746791918501
4.707736482551266,24.84898554761427,3.153334397154824,54.05726863884628,2.569125170980706,66.12627759199502,2.22799252744474,72.04436069233689
4.620340362793219,24.71202310458153,3.102688598878872,53.85426488850597,2.529502616875441,65.8705594628463,2.193853702133588,71.73012798386581
4.534198736855906,24.57613041845766,3.052672494916683,53.65332311167537,2.490293663821742,65.61527574140686,2.160039102398616,71.41466940984337
4.449310951464294,24.44136858289448,3.003275186056549,53.45438161939737,2.451492258003163,65.36033675370091,2.126544801635826,71.0978829812493
4.36567516970823,24.30779547558819,2.954486031958295,53.25737655631772,2.413092569837189,65.1056513587997,2.093367020858949,70.77966504996452
4.283288394273272,24.17546557812143,2.906294660674689,53.06224201270376,2.375088988921535,64.8511269011338,2.060502124818995,70.45991025684161
4.202146495042713,24.04442980930211,2.858690976687082,52.86891012753942,2.337476118800965,64.59666915744455,2.027946618293043,70.13851148249016
4.122244240973491,23.91473537332814,2.811665167496835,52.6773111822008,2.300248771596993,64.34218227896356,1.99569714255167,69.815359801429
4.043575336110791,23.78642562400649,2.765207708820379,52.48737368429136,2.263401962540668,64.08756872943555,1.963750472012582,69.49034444025764
3.966132459568563,23.65953994613655,2.719309368441689,52.29902444131029,2.226930904446048,63.83272921961491,1.932103511086299,69.16335274050574
3.889907309266118,23.53411365503379,2.673961208780745,52.11218862389961,2.190831002159469,63.57756263889339,1.900753291218155,68.83427012682557
3.814890649175593,23.41017791502002,2.629154588241108,51.92678981850875,2.155097847017149,63.3219659847304,1.869696968129253,68.50298008119775
3.741072359801294,23.28775967754307,2.584881161403298,51.7427500693892,2.11972721134099,63.06583429057414,1.838931819257697,68.16936412383073
3.66844149158077,23.16688163941585,2.541132878133742,51.55998990991296,2.0847150429998,62.8090605529784,1.80845524140001,67.83330180143966
3.596986320869138,23.0475622214805,2.497901981681331,51.37842838328483,2.050057460060524,62.55153565862886,1.778264748551477,67.49467068360245
3.52669440814326,22.92981556781498,2.455181005835431,51.19798305279188,2.015750745551401,62.29314831201149,1.748357969943011,67.15334636789997
3.457552658041307,22.81365156540718,2.412962771220214,51.01857000180545,1.981791342356407,62.03378496446163,1.718732648271159,66.80920249455998
3.389547380836298,22.69907588402598,2.371240380800672,50.84010382381425,1.948175848257758,61.77332974534401,1.689386638116926,66.46211077133843
3.322664354929663,22.586090035829,2.330007214675711,50.66249760283856,1.914901011140791,61.51166439612884,1.660317904548314,66.11194100938741
3.256888889943086,22.47469145405918,2.289256924233047,50.48566288462768,1.881963724373148,61.2486682081318,1.63152452190082,65.75856117087112
3.192205889983786,22.36487359000217,2.248983425739597,50.30950963910806,1.849361022367834,60.9842179647047,1.603004672729421,65.40183742911634
3.128599916660138,22.25662602720796,2.209180893439535,50.13394621459523,1.817090076337578,60.71818788866756,1.574756646925213,65.04163424209574
3.066055251431097,22.14993461182311,2.169843752230212,49.95887928433929,1.785148190245758,60.45044959578411,1.546778840989331,64.67781444006886
3.004555956884015,22.04478159773662,2.130966669983821,49.7842137860154,1.753532796957244,60.18087205510351,1.519069757456536,64.31023932822173
2.944085936551183,21.94114580511816,2.092544549580045,49.6098528548162,1.722241454590623,59.90932155699006,1.491628004460538,63.93876880517431
2.884628992895101,21.83900279081688,2.054572520711897,49.43569775083845,1.691271843071575,59.63566168968696,1.464452295433013,63.56326149824354
2.826168883116317,21.73832502900282,2.017045931523771,49.26164778149756,1.660621760885566,59.35975332527288,1.437541448928072,63.18357491637491
2.76868937246461,21.63908210036148,1.979960340137258,49.08760021973065,1.630289122026648,59.081454615883,1.410894388564002,62.7995656216825
2.712174284764581,21.54124088810585,1.943311506116632,48.91345021878141,1.600271953137788,58.80062100108771,1.384510143073984,62.41108942055343
2.656607549899155,21.44476577904035,1.907095381922093,48.73909072438273,1.57056839083707,58.51710522734257,1.358387846457648,62.01800157530366
2.601973248029308,21.3496188679064,1.871308104395006,48.56441238518115,1.541176679223062,58.23075738043952,1.332526738225299,61.62015703738591
2.548255650364381,21.25576016324977,1.835945986315387,48.38930346226355,1.512095167551796,57.94142493191755,1.306926163726881,61.21741070317371
2.495439256334503,21.16314779308417,1.801005508067826,48.21364973866441,1.483322308077098,57.64895280041261,1.281585574557748,60.80961769335823
2.443508827054172,21.07173820867438,1.766483309448138,48.03733442975115,1.454856654045375,57.35318342895302,1.256504529033575,60.39663365700843
2.392449415003618,20.98148638483151,1.732376181638934,47.86023809539434,1.426696857835573,57.05395687923725,1.231682692726789,59.97831510134958
2.34224638989148,20.8923460151948,1.698681059378508,47.68223855484504,1.398841669234624,56.75111094395391,1.207119839057092,59.55451974831685
2.292885460698428,20.80426970107353,1.665395013343502,47.50321080524688,1.371289933838506,56.44448127824275,1.18281584992874,59.12510691893097
2.244352693935881,20.71720913253112,1.632515242762247,47.32302694472451,1.344040591568961,56.13390155141781,1.15877071640735,58.6899379465299
2.196634528186872,20.63111526051638,1.600039068271984,47.14155610099349,1.317092675295873,55.8192036201121,1.134984539429007,58.24887661985584
2.1497177850268,20.54593845897404,1.567963925029957,46.95866436644557,1.290445309555408,55.50021772403242,1.111457530534507,57.80178965696244
2.103589676450201,20.46162867600689,1.536287356085023,46.77421474066895,1.264097709354212,55.17677270554391,1.088190012621438,57.3485472108434
2.058237808955391,20.37813557330198,1.50500700601363,46.58806708136833,1.238049179050169,54.8486962543364,1.065182420706699,56.88902340760895
2.013650184461661,20.2954086531799,1.474120614821135,46.40007806465916,1.212299111300564,54.51581517844981,1.042435302691785,56.42309691794644
1.969815198253829,20.21339737277435,1.443626012107051,46.21010115571259,1.186846986068852,54.17795570296872,1.019949320122842,55.95065156246293
1.926721634165639,20.13205124499597,1.41352111149051,46.0179865907379,1.161692369681578,53.83494379770852,0.9977252489370189,55.47157695137413
1.884358657227427,20.05131992608077,1.383803905290338,45.82358137129579,1.136834913927529,53.48660553524633,0.9757639801860097,54.98576915880338
1.842715804014043,19.9711532896659,1.354472459452353,45.62672927194909,1.112274355191524,53.13276748064941,0.9540665207269488,54.49313143173966
1.801782970936554,19.89150148747209,1.325524908715145,45.42727086226181,1.088010513615797,52.77325711426885,0.9326339938698025,53.99357493343167
1.76155040072577,19.81231499680392,1.296959452004404,45.22504354417751,1.064043292282303,52.40790328895794,0.9114676399692693,53.48701952067307
1.722008667357143,19.73354465520094,1.268774348045006,45.01988160581737,1.040372676409749,52.03653672305681,0.8905688169477981,52.97339455406406
1.683148659665281,19.6551416826859,1.240967911179407,44.81161629275777,1.016998732559502,51.65899053046631,0.8699390007346114,52.45263973988015
1.644961563892401,19.57705769215953,1.213538507380551,44.60007589786673,0.9939216078449162,51.27510078907966,0.8495797856037364,51.92470600166793
1.607438845408507,19.49924468858053,1.186484550447354,44.38508587079482,0.9711415291388481,50.88470714879199,0.8294928843916486,51.38955637907932
1.570572229832399,19.42165505764833,1.159804498370939,44.16646894825153,0.9486588022744156,50.48765348021454,0.8096801285725413,50.84716695075313
1.534353683771756,19.34424154476871,1.133496849860072,43.94404530620722,0.9264738112340953,50.08378856512304,0.7901434681661087,50.29752777724331
1.498775395387902,19.26695722513229,1.107560141014782,43.71763273520655,0.9045870173223489,49.67296682953161,0.7708849714492072,49.74064385905786
1.463829754976722,19.18975546576866,1.081992942137814,43.48704683999879,0.8829989583167992,49.25504912011552,0.7519068244387141,49.17653610380167
1.429509335741635,19.11258988045882,1.056793854674382,43.25210126472754,0.8617102475927713,48.82990352450678,0.7332113301083399,48.60524229519027
1.395806874918101,19.03541427838931,1.031961508271684,43.01260794495464,0.8407215732155845,48.39740623573086,0.7148009072969347,48.02681805530433
1.362715255391932,18.95818260742147,1.007494557950687,42.76837738783462,0.8200336969943899,47.95744246076581,0.6966780892600616,47.44133778987479
1.330227487935987,18.88084889281951,0.9833916813838887,42.51921898178365,0.7996474534905561,47.50990737284266,0.6788455218100352,46.84889560458792
1.298336694172111,18.80336717224131,0.959651576273978,42.26494133703574,0.7795637489725356,47.05470710669253,0.6613059609824582,46.24960617839511
1.267036090347493,18.72569142774118,0.9362729578296275,42.00535265850699,0.7597835603078897,46.59175979545599,0.6440622701592581,45.64360557754024
1.236318971997349,18.64777551546659,0.9132545563359277,41.74026115243029,0.7403079337814875,46.1209966473941,0.6271174165694674,45.03105199150765
1.20617869954927,18.56957309365836,0.8905951148183342,41.46947546825725,0.7211379838269931,45.64236305986962,0.6104744670794789,44.41212636929696
1.176608684908773,18.49103754947627,0.8682933868002581,41.19280517735365,0.702274891656435,45.15581976730243,0.59413658317419,43.78703293135879
1.147602379051031,18.41212192508763,0.8463481341557199,40.91006129004304,0.6837199037699101,44.661344018897,0.5781070150194682,43.15599952916342
1.119153260630229,18.33277884336019,0.8247581250596756,40.62105681257689,0.6654743303243095,44.15893078092216,0.5623890944848033,42.5192778207386
1.09125482560606,18.25296043341215,0.8035221320397627,40.3256073456139,0.6475395433362366,43.64859395714099,0.546986226992912,41.87714322660536
1.063900577876333,18.1726182561802,0.7826389301342449,40.02353172580615,0.6299169746900768,43.13036761965061,0.5319018820507861,41.22989462641311
1.037084020895614,18.09170323008312,0.7621072951618191,39.71465271206687,0.612608113917291,42.60430724085876,0.5171395823043351,40.57785375226224
1.010798650252581,18.01016555678185,0.7419260021097641,39.39879771807071,0.5956145057075815,42.07049091560473,0.5027028909468541,39.92136423029441
0.9850379471728116,17.92795464697291,0.7220938236474579,39.07579959249064,0.5789377471063413,41.52902056047808,0.4885953973003764,39.26079021772883
0.9597953729095564,17.84501904609871,0.7026095287727526,38.74549744839253,0.5625794843459896,40.98002307521438,0.4748207003792119,38.59651457827571
0.9350643639822148,17.76130635982475,0.6834718815988764,38.40773754310739,0.5465414092511209,40.42365144860592,0.4613823902371065,37.92893653494789
0.910838328220698,17.67676317911454,0.6646796402894851,38.06237420974826,0.5308252551490903,39.86008578867456,0.4482840268945637,37.25846873598162
0.8871106415736504,17.59133500473675,0.6462315561491657,37.70927084134912,0.5154327922085641,39.28953425388048,0.4355291166407411,36.58553366708252