waveVsWave(?x (OS("/M0" "id") / 2e-06) ?y (OS("/M0" "gm") / OS("/M0" "gds"))) (L=1.8e-07) X,waveVsWave(?x (OS("/M0" "id") / 2e-06) ?y (OS("/M0" "gm") / OS("/M0" "gds"))) (L=1.8e-07) Y,waveVsWave(?x (OS("/M0" "id") / 2e-06) ?y (OS("/M0" "gm") / OS("/M0" "gds"))) (L=3.6e-07) X,waveVsWave(?x (OS("/M0" "id") / 2e-06) ?y (OS("/M0" "gm") / OS("/M0" "gds"))) (L=3.6e-07) Y,waveVsWave(?x (OS("/M0" "id") / 2e-06) ?y (OS("/M0" "gm") / OS("/M0" "gds"))) (L=5.4e-07) X,waveVsWave(?x (OS("/M0" "id") / 2e-06) ?y (OS("/M0" "gm") / OS("/M0" "gds"))) (L=5.4e-07) Y,waveVsWave(?x (OS("/M0" "id") / 2e-06) ?y (OS("/M0" "gm") / OS("/M0" "gds"))) (L=7.2e-07) X,waveVsWave(?x (OS("/M0" "id") / 2e-06) ?y (OS("/M0" "gm") / OS("/M0" "gds"))) (L=7.2e-07) Y
0.0005000499635639705,22.37443967601313,0.0004999210135808932,52.09244299460116,0.0004999318552729637,68.79035297396491,0.0004999439542856183,78.90839322660031
0.000511557851125078,22.43225792017856,0.0005115534152987267,52.28013091988287,0.0005115553753092617,69.06582868753033,0.0005115569100950288,79.23216153677329
0.0005234752252628547,22.49035380303089,0.000523470780185058,52.46688045149789,0.0005234727373651612,69.34002459321424,0.0005234742702342878,79.55439039071767
0.000535670199195703,22.54802644168305,0.0005356657456127349,52.65247390855134,0.0005356676998937236,69.61240841467814,0.0005356692307700158,79.87415827064459
0.0005481492399162251,22.60527991730598,0.0005481447778171881,52.83691759073719,0.000548146729184193,69.88299054986545,0.0005481482580551145,80.19148144174061
0.0005609189641918588,22.66211825323066,0.0005609144935654056,53.02021776924929,0.0005609164420033453,70.15178138515994,0.0005609179688562096,80.5063761778505
0.0005739861429143973,22.71854541967992,0.0005739816637486851,53.20238068747658,0.0005739836092422702,70.41879129577629,0.0005739851340642344,80.81885876057471
0.0005873577046899177,22.77456533433834,0.0005873532169726252,53.38341256040353,0.0005873551595063528,70.68403064306881,0.0005873566822844357,81.12894547312732
0.0006010407395124493,22.83018186292133,0.0006010362432307903,53.56331957405298,0.0006010381827889291,70.94750977198446,0.0006010397035100065,81.43665259451549
0.0006150425025231966,22.88539881974252,0.0006150379976639077,53.74210788497207,0.0006150399342305138,71.20923900865881,0.0006150414528812983,81.74199639402815
0.0006293704178572975,22.94021996828228,0.0006293659044066263,53.91978361975619,0.0006293678379655328,71.46922865814375,0.0006293693545326004,82.04499312599101
0.0006440320825801799,22.99464902175175,0.0006440275605239119,54.09635287461366,0.0006440294910587414,71.72748900226533,0.000644031005528505,82.34565902483577
0.0006590352707156801,23.04868964365739,0.0006590307400391118,54.27182171496597,0.0006590326675332555,71.98403029761042,0.000659034179891979,82.64401030041621
0.0006743879373678692,23.10234544836229,0.0006743833980558196,54.44619617508497,0.0006743853224924515,72.23886277362919,0.0006743868327262554,82.94006313358487
0.0006900982229389868,23.15562000164536,0.0006900936749758147,54.61948225776284,0.0006900955963378741,72.49199663085192,0.0006900971044327076,83.23383367204568
0.0007061744574456228,23.20851682125799,0.000706169900815172,54.7916859340162,0.0007061718190853766,72.74344203922473,0.0007061733250270551,83.52533802641338
0.0007226251649353002,23.26103937747818,0.000722620599620982,54.9628131428217,0.0007226225147818287,72.9932091365438,0.0007226240185559912,83.81459226653746
0.000739459068006186,23.31319109366055,0.0007394544939908827,55.13286979088176,0.0007394564060246374,73.24130802699685,0.0007394579076167772,84.10161241803426
0.0007566850924317749,23.36497534678489,0.0007566805096979279,55.30186175242056,0.0007566824185866195,73.48774877980712,0.0007566839179820809,84.38641445903617
0.0007743123718935732,23.41639546800002,0.0007743077804231194,55.46979486900763,0.0007743096861485557,73.73254142796388,0.0007743111833325137,84.66901431715918
0.0007923502528238489,23.46745474316393,0.000792345652598238,55.63667494941006,0.000792347555141984,73.97569596705827,0.0007923490500994672,84.94942786666607
0.000810808299361189,23.51815641338213,0.0008108036903614222,55.80250776946956,0.0008108055897048047,74.21722235419386,0.0008108070824206725,85.22767092581549
0.000829696298421628,23.56850367554005,0.0008296916806281938,55.96729907200753,0.0008296935767523186,74.45713050699466,0.0008296950672112779,85.50375925441702
0.0008490242648877495,23.61849968283274,0.0008490196382806289,56.13105456675208,0.000849021531166377,74.69543030268976,0.0008490230193529652,85.7777085515465
0.00086880244691867,23.66814754529093,0.0008687978114774079,56.29377993029133,0.0008687997011053918,74.93213157727715,0.000868801187004005,86.04953445345161
0.0008890413313838265,23.71745033030162,0.0008890366870874501,56.45548080604911,0.0008890385734380606,75.16724412477049,0.0008890400570329244,86.31925253161261
0.0009097516494232102,23.7664110631262,0.000909746996250271,56.61616280428305,0.000909748879303653,75.40077769651215,0.0009097503605788249,86.58687829096411
0.0009309443821371658,23.81503272741372,0.0009309397200656968,56.77583150210489,0.0009309415998017706,75.63274200056387,0.0009309430787411618,86.85242716829283
0.0009526307664087046,23.86331826570924,0.0009526260954162751,56.93449244352155,0.0009526279718147017,75.86314670116185,0.0009526294484020563,87.11591453074875
0.0009748223008614545,23.91127057995948,0.0009748176209251465,57.09215113949745,0.000974819493965362,76.09200141824556,0.0009748209681842512,87.37735567454234
0.0009975307519564361,23.95889253201278,0.0009975260630528165,57.24881306803618,0.0009975279327139944,76.31931572704298,0.0009975294045478432,87.63676582374366
0.001020768160230694,24.00618694411533,0.00102076346233585,57.40448367428276,0.001020765328596927,76.54509915772633,0.001020766798028993,87.89416012924289
0.00104454684668143,24.05315659940331,0.001044542139770939,57.55916837064393,0.00104454400261062,76.76936119511942,0.001044545469623991,88.1495536678259
0.001068879419298741,24.09980424238993,0.001068874703347684,57.71287253692691,0.001068876562744402,76.99211127847285,0.001068878027322023,88.40296144137645
0.001093778779750517,24.14613257944926,0.001093774054733472,57.8656015204981,0.001093775910665438,77.21335880128707,0.00109377737279007,88.65439837621386
0.001119258130223085,24.19214427929474,0.001119253396114164,58.01736063645722,0.001119255248559308,77.43311311119983,0.001119256708213563,88.90387932251868
0.001145330980421228,24.2378419734538,0.00114532623719399,58.16815516783031,0.001145328086130037,77.65138350991562,0.00114532954329636,89.15141905389798
0.001172011154731157,24.28322825673789,0.001172006402358675,58.31799036577873,0.001172008247763068,77.86817925319687,0.001172009702423735,89.39703226704584
0.00119931279955038,24.32830568770911,0.001199308038005213,58.46687144982644,0.001199309879855167,78.08350955089844,0.001199311331992304,89.64073358150908
0.001227250390788356,24.3730767891412,0.001227245620042572,58.61480360810179,0.001227247458315026,78.29738356705461,0.001227248907910589,89.88253753955456
0.001255838741541779,24.41754404847757,0.001255833961566915,58.76179199759633,0.001255835796238573,78.50981042000987,0.001255837243274361,90.122458606141
0.001285093009948669,24.46170991828441,0.001285088220715775,58.90784174443971,0.00128509005176309,78.72079918259784,0.001285091496220724,90.36051116897268
0.001315028707225462,24.50557681670005,0.001315023908705065,59.0529579441902,0.001315025736104221,78.93035888236446,0.001315027177965182,90.59670953865951
0.00134566170589124,24.54914712787974,0.001345656898053338,59.19714566213936,0.001345658721780279,79.13849850183287,0.001345660161025876,90.83106794894405
0.00137700824818352,24.59242320243708,0.0013770034309976,59.3404099336334,0.001377005251028012,79.34522697881336,0.001377006687639396,91.06360055704093
0.001409084954670142,24.63540735788087,0.00140908012810516,59.48275576440903,0.001409081944414486,79.55055320675211,0.001409083378372656,91.29432144403491
0.001441908833061719,24.67810187904841,0.001441903997086119,59.62418813094407,0.00144190580964953,79.75448603511838,0.001441907240935304,91.52324461537269
0.001475497287229287,24.72050901853442,0.001475492441811009,59.76471198082236,0.001475494250603434,79.95703426983781,0.00147549567919748,91.75038400141955
0.001509868126432167,24.76263099711694,0.001509863271538617,59.90433223311472,0.001509865076534705,80.15820667375199,0.001509866502417543,91.975753458112
0.001545039574760582,24.80447000417836,0.001545034710358628,60.04305377877238,0.001545036511532816,80.35801196713123,0.001545037934684783,92.19936676765394
0.001581030280798404,24.84602819812403,0.001581025406854378,60.18088148103632,0.001581027204180782,80.55645882820394,0.001581028624582109,92.42123763930668
0.001617859327510739,24.88730770679633,0.001617854443990454,60.31782017586046,0.001617856237443004,80.75355589374225,0.001617857655073703,92.64137971023645
0.00165554624236211,24.92831062788544,0.001655541349230848,60.45387467234869,0.001655543138783179,80.94931175966728,0.00165554455362314,92.85980654642677
0.001694111007670115,24.96903902933685,0.001694106104892619,60.58904975320632,0.001694107890518107,81.14373498169331,0.001694109302547069,93.07653164365354
0.001733574071200293,25.0094949497553,0.001733569158740762,60.72335017520692,0.001733570940412558,81.33683407600876,0.001733572349610089,93.29156842853588
0.001773956357007867,25.04968039880504,0.00177395143482997,60.85678066967046,0.001773953212520936,81.52861751998553,0.001773954618866463,93.50493025962224
0.0018152792765319,25.0895973576079,0.00181527434459876,60.98934594295815,0.001815276118281508,81.71909375292215,0.001815277521754295,93.716630428556
0.001857564739947914,25.12924777913711,0.001857559798222121,61.12105067698086,0.001857561567869006,81.90827117681707,0.001857562968448202,93.92668216128385
0.001900835167785019,25.16863358860831,0.001900830216228602,61.25189952972018,0.001900831981811752,82.09615815717656,0.001900833379476312,94.13509861933109
0.001945113502813531,25.20775668386826,0.001945108541387988,61.38189713576565,0.001945110302879236,82.28276302384903,0.001945111697607988,94.34189290111279
0.001990423222209545,25.24661893577967,0.001990418250875788,61.51104810686471,0.001990420008246735,82.46809407189161,0.001990421400018375,94.54707804331687
0.002036788350002797,25.28522218860401,0.002036783368721243,61.63935703248713,0.002036785121943212,82.65215956246693,0.002036786510736275,94.75066702231362
0.002084233469814613,25.32356826038101,0.002084228478545068,61.76682848040481,0.002084230227589174,82.83496772376421,0.002084231613382052,94.95267275563552
0.002132783737892395,25.36165894330599,0.002132778736594164,61.89346699728397,0.00213278048143122,83.01652675195629,0.002132781864202167,95.15310810349517
0.002182464896447833,25.39949600410437,0.002182459885079621,62.01927710929296,0.002182461625680213,83.19684481217958,0.002182463005407351,95.35198587033808
0.002233303287305752,25.43708118440391,0.002233298265825741,62.14426332272478,0.002233300002160208,83.37593003954301,0.002233301378821506,95.54931880646166
0.00228532586587091,25.47441620110434,0.002285320834236693,62.26843012463301,0.002285322566275107,83.55379054016431,0.002285323939848434,95.7451196096538
0.002338560215420101,25.51150274674513,0.002338555173588735,62.39178198348332,0.002338556901300914,83.73043439223628,0.002338558271763988,95.9394009268904
0.002393034561727194,25.54834248987084,0.002393029509655132,62.51432334981899,0.002393031233010666,83.90586964711443,0.002393032600341056,96.13217535606589
0.002448777788028732,25.5849370753944,0.002448772725671893,62.63605865694193,0.002448774444640138,84.0801043304356,0.002448775808815307,96.32345544775927
0.002505819450338355,25.62128812495858,0.002505814377652083,62.75699232160784,0.002505816092202089,84.25314644326005,0.002505817453199367,96.51325370705005
0.002564189793117624,25.6573972372955,0.002564184710056679,62.87712874473764,0.002564186420157321,84.42500396324264,0.002564187777953924,96.70158259535339
0.002623919765312166,25.69326598858444,0.002623914671830754,62.99647231214215,0.002623916377450612,84.59568484582175,0.002623917732023645,96.88845453230552
0.002685041036761131,25.728895932808,0.00268503593281289,63.11502739526401,0.002685037633920347,84.76519702544593,0.00268503898524676,97.07388189767507
0.00274758601498903,25.76428860210654,0.002747580900527,63.23279835193364,0.002747582597090151,84.93354841681086,0.002747583945146827,97.25787703330887
0.002811587862388549,25.7994455071316,0.002811582737365206,63.34978952714114,0.002811584429351973,85.10074691613397,0.002811585774115642,97.44045224511912
0.002877080513803775,25.83436813739751,0.002877075378171029,63.4660052538247,0.002877077065549029,85.26680040244307,0.002877078406996355,97.62161980507653
0.002944098694522857,25.86905796163182,0.002944093548231998,63.581449853673,0.002944095230968666,85.43171673889655,0.002944096569076181,97.80139195326244
0.003012677938689781,25.90351642812508,0.003012672781691576,63.69612763794506,0.003012674459754082,85.59550377412232,0.003012675794498231,97.97978089992618
0.003082854608145111,25.93774496507913,0.00308284944038973,63.81004290830577,0.003082851113745026,85.7581693435812,0.00308285244510215,98.15679882758687
0.003154665911705508,25.97174498095432,0.003154660733142506,63.92319995767738,0.003154662401757342,85.91972127095464,0.003154663729703691,98.33245789314429
0.003228149924892248,26.00551786481677,0.003228144735470635,64.0356030711076,0.003228146399311513,86.08016736955473,0.003228147723823258,98.50677023002419
0.003303345610119515,26.03906498668391,0.003303340409787692,64.1472565266543,0.003303342068820921,86.23951544375592,0.003303343389874116,98.67974795034773
0.003380292837352703,26.07238769787,0.003380287626058469,64.25816459628581,0.003380289280250097,86.39777329044634,0.003380290597820767,98.85140314711666
0.003459032405247916,26.10548733133147,0.003459027182938544,64.36833154680038,0.003459028832254422,86.55494870050919,0.003459030146318482,99.02174789642444
0.003539606062784161,26.13836520201077,0.003539600829406278,64.47776164076025,0.00353960247381208,86.71104946031433,0.003539603784345364,99.19079425968293
0.003622056531399031,26.17102260718157,0.003622051286898718,64.5864591374431,0.003622052926359875,86.86608335323827,0.003622054233338175,99.35855428586798
0.003706427527640295,26.20346082679223,0.003706422271962985,64.69442829381218,0.003706423906444743,87.02005816120227,0.003706425209843773,99.52504001378
0.003792763786344823,26.23568112381057,0.003792758519435446,64.80167336550244,0.003792760148902865,87.17298166623166,0.003792761448698295,99.69026347432539
0.003881111084357879,26.26768474456768,0.003881105806160708,64.9081986078249,0.003881107430578606,87.32486165203183,0.00388110872674603,99.85423669280021
0.003971516264804282,26.2994729191029,0.003971510975263028,65.01400827678737,0.00397151259459607,87.47570590558905,0.003971513887111082,100.0169716911983
0.004064027261925493,26.3310468615081,0.004064021960983269,65.11910663013487,0.004064023575195916,87.62552221878072,0.00406402486403402,100.1784804905207
0.004158693126494841,26.36240777027341,0.004158687814094173,65.22349792840591,0.004158689423150754,87.77431839001562,0.004158690708287437,100.338775113093
0.004255564051825007,26.3935568286328,0.004255558727907859,65.32718643600823,0.004255560331772431,87.92210222588103,0.004255561613183141,100.4978675848966
0.004354691400381049,26.4244952049107,0.004354686064888758,65.43017642231192,0.004354687663525314,88.06888154281324,0.00435468894118549,100.6557699379039
0.00445612773101365,26.45522405286905,0.004456122383886963,65.5324721627599,0.004456123977259249,88.21466416878296,0.004456125251144318,100.8124942123995
0.00455992682682624,26.48574451205602,0.004559921468005356,65.6340779399988,0.004559923056077021,88.35945794499283,0.004559924326162378,100.968052459334
0.004666143723691821,26.51605770815464,0.004666138353116344,65.73499804502561,0.00466613993585081,88.50327072759742,0.004666141202111873,101.1224567426455
0.004774834739433513,26.54616475333352,0.004774829357042425,65.83523677835446,0.004774830934403049,88.64611038942955,0.004774832196815184,101.2757191415988
0.004886057503685007,26.57606674659873,0.004886052109416784,65.93479845120088,0.004886053681366709,88.78798482174555,0.004886054939905355,101.4278517531071
0.00499987098844675,26.60576477414628,0.004999865582239195,66.0336873866853,0.004999867148741477,88.92890193597991,0.004999868403382063,101.5788666940581
0.005116335539353458,26.63525990971725,0.005116330121143835,66.13190792105463,0.005116331682161366,89.06886966551298,0.005116332932879315,101.7287761036132
0.005235512907670212,26.66455321495398,0.005235507477395244,66.22946440492142,0.00523550903289082,89.20789596745171,0.005235510279661629,101.8775921455164
0.005357466283033994,26.69364573975759,0.005357460840629768,66.32636120452334,0.005357462390566013,89.3459888244126,0.005357463633365217,102.0253270103658
0.00548226032695737,26.72253852264846,0.005482254872359406,66.42260270299946,0.005482256416698947,89.48315624632491,0.005482257655502107,102.1719929178823
0.005609961207113098,26.75123259112771,0.00560995574025639,66.51819330168655,0.005609957278961686,89.61940627223053,0.005609958513744384,102.3176021191572
0.005740636632417045,26.77972896204148,0.005740631153235992,66.61313742143213,0.0057406326862694,89.75474697209683,0.005740633917007352,102.4621668988671
0.005874355888928343,26.8080286419469,0.005874350397356763,66.70743950392676,0.005874351924680604,89.88918644863315,0.005874353151349535,102.6056995774746
0.006011189876585768,26.83613262748122,0.006011184372556926,66.80110401305448,0.006011185894133395,90.02273283910952,0.00601118711670917,102.7482125133901
0.006151211146799793,26.86404190573262,0.006151205630246454,66.89413543626087,0.006151207146037699,90.15539431718119,0.006151208364496198,102.8897181051068
0.0062944939409204,26.8917574546141,0.006294488411774705,66.98653828594017,0.006294489921742832,90.28717909471044,0.006294491136060079,103.0302287933018
0.006441114229600772,26.91928024324008,0.006441108687794326,67.07831710083802,0.006441110191901397,90.41809542359317,0.006441111402053513,103.1697570628932
0.00659114975307791,26.94661123230605,0.006591144198541792,67.16947644747408,0.006591145696749832,90.54815159757639,0.006591146902713035,103.3083154450534
0.006744680062391597,26.97375137447065,0.006744674495056341,67.260020921581,0.0067446759873273,90.67735595407692,0.006744677189077966,103.4459165191864
0.006901786561563355,27.00070161474161,0.006901780981358943,67.34995514955982,0.006901782467654833,90.80571687599752,0.006901783665169453,103.5825729148407
0.007062552550757959,27.02746289086452,0.007062546957613904,67.43928378995336,0.007062548437896689,90.93324279352655,0.007062549631151853,103.7182973135849
0.007227063270450347,27.05403613371496,0.007227057664295601,67.52801153493529,0.007227059138527229,91.05994218593692,0.007227060327499764,103.8531024508095
0.007395405946621146,27.08042226769453,0.007395400327384141,67.6161431118154,0.007395401795526614,91.18582358336792,0.007395402980193476,103.9870011174759
0.007567669837005152,27.10662221113004,0.007567664204613771,67.70368328456114,0.007567665666629099,91.31089556859975,0.00756766684696737,104.1200061617978
0.007743946278416748,27.13263687667687,0.007743940632798454,67.79063685533357,0.007743942088648714,91.43516677880582,0.007743943264635734,104.2521304908529
0.007924328735178234,27.15846717172588,0.007924323076259916,67.87700866603883,0.007924324525907224,91.5586459072925,0.007924325697520463,104.3833870721125
0.008108912848675518,27.18411399881466,0.008108907176383668,67.96280359989349,0.008108908619790193,91.68134170521478,0.008108909787007339,104.5137889348989
0.008297796488068681,27.20957825604261,0.008297790802329242,68.04802658300419,0.008297792239457237,91.80326298327034,0.00829779340225621,104.6433491717581
0.008491079802183324,27.23486083749063,0.008491074102921796,68.13268258595963,0.008491075533733657,91.92441861337109,0.008491076692092555,104.7720809397364
0.008688865272610966,27.25996263364469,0.008688859559752396,68.21677662543543,0.00868886098421053,92.04481753027974,0.008688862138107788,104.8999974615694
0.008891257768046017,27.28488453182463,0.008891252041514999,68.30031376581096,0.008891253459582006,92.16446873321978,0.008891254608996212,105.0271120267624
0.009098364599888531,27.30962741661688,0.00909835885960927,68.38329912079742,0.009098360271247838,92.28338128745558,0.009098361416157847,105.1534379925755
0.009310295579142374,27.33419217031231,0.009310289825038502,68.46573785507532,0.009310291230211544,92.40156432582441,0.009310292370596494,105.2789887848936
0.009527163074638018,27.35857967334892,0.009527157306632927,68.54763518594133,0.009527158705303469,92.51902705023795,0.009527159841142774,105.4037778989789
0.009749082072612597,27.38279080475945,0.009749076290629112,68.62899638496492,0.009749077682760333,92.63577873313393,0.00974907881403371,105.5278189001006
0.009976170237676413,27.40682644262411,0.009976164441637134,68.70982677965119,0.009976165827192454,92.75182871888626,0.009976166953879897,105.6511254240447
0.01020854797520094,27.43068746452858,0.01020854216502799,68.79013175510994,0.01020854354397097,92.86718642515902,0.01020854466605277,105.7737111774802
0.01044633849515889,27.45437474802728,0.01044633267077407,68.86991675573141,0.0104463340430686,92.98186134420897,0.01044633516052539,105.8955899381915
0.01068966787745208,27.47788917111203,0.01068966203877678,68.9491872868645,0.01068966340438693,93.09586304412917,0.01068966451719966,106.016775555167
0.01093866513876037,27.50123161268647,0.01093865928571569,69.02794891649866,0.0109386606446058,93.20920117003232,0.01093866175275576,106.1372819485298
0.01119346230094822,27.52440295304607,0.01119345643345495,69.10620727694818,0.01119345778558966,93.32188544516519,0.0111934588890585,106.2571231093189
0.0114541944610644,27.54740407436365,0.01145418857904301,69.18396806653439,0.01145418992438725,93.43392567195384,0.01145419102315695,106.3763130990934
0.01172099986297221,27.57023586118117,0.0117209939663429,69.26123705126862,0.01172099530486186,93.54533173297617,0.01172099639891484,106.4948660493847
0.01199401997064819,27.59289920090726,0.01199401405933087,69.33802006653154,0.01199401539099014,93.65611359185236,0.01199401648030911,106.6127961609555
0.01227339954318824,27.6153949843209,0.01227339361710258,69.41432301874744,0.01227339494186803,93.766281294053,0.01227339602643615,106.7301177028807
0.01255928671156067,27.63772410608109,0.01255928077062613,69.49015188705319,0.01255928208846412,93.87584496762119,0.01255928316826489,106.8468450114435
0.01285183305714749,27.65988746524311,0.01285182710128337,69.56551272495838,0.01285182841216045,93.98481482379836,0.01285182948717782,106.9629924888286
0.01315119369211454,27.68188596578092,0.01315118772123984,69.64041166199615,0.01315118902512316,94.09320115755381,0.01315119009534144,107.0785746016165
0.01345752734165421,27.7037205171159,0.01345752135568782,69.71485490536134,0.01345752265254489,94.20101434801362,0.01345752371794889,107.193605879064
0.01377099642814366,27.72539203465216,0.01377099042700432,69.78884874153525,0.01377099171680301,94.30826485877587,0.01377099277737788,107.308100911178
0.01409176715726311,27.74690144031876,0.01409176114086948,69.86239953789416,0.01409176242357819,94.41496323811886,0.01409176347930954,107.4220743465563
0.01442000960612057,27.76824966311798,0.01442000357439108,69.93551374429902,0.01442000484997876,94.52112011908955,0.01442000590085262,107.5355408900122
0.01475589781342863,27.7894376396809,0.0147558917662819,70.00819789466409,0.01475589303471779,94.62674621946269,0.01475589408072069,107.648515299948
0.01509960987178254,27.81046631482921,0.01509960380913687,70.08045860850326,0.01509960507039093,94.73185234157997,0.01509960611150981,107.7610123855101
0.01545132802208686,27.83133664214441,0.01545132194386066,70.15230259244913,0.01545132319790332,94.83644937204728,0.01545132423412552,107.8730470034757
0.01581123875018208,27.85204958454354,0.01581123265629387,70.22373664174462,0.01581123390309605,94.94054828129089,0.01581123493440944,107.9846340548979
0.01617953288572227,27.8726061148618,0.01617952677609032,70.29476764170221,0.01617952801562362,95.04416012297565,0.01617952904201653,108.0957884814962
0.01655640570335479,27.89300721644245,0.01655639957789772,70.36540256912994,0.01655640081013424,95.14729603326046,0.01655640183159539,108.2065252617717
0.01694205702625809,27.91325388373344,0.01694205088489456,70.43564849371857,0.01694205210980708,95.2499672299039,0.01694205312632558,108.3168594068611
0.01733669133209044,27.93334712289115,0.01733668517473917,70.50551257938997,0.01733668639230101,95.35218501120143,0.01733668740386655,108.4268059561192
0.01774051786140646,27.95328795239109,0.01774051168798631,70.57500208560013,0.01774051289817159,95.45396075475782,0.01774051390477422,108.5363799724105
0.01815375072859958,27.97307740364579,0.01815374453902971,70.64412436859654,0.01815374574181299,95.55530591607524,0.01815374674344328,108.6455965371301
0.0185766090354281,27.99271652162971,0.01857660282962783,70.71288688262415,0.01857660402498452,95.65623202697228,0.01857660502163343,108.7544707449281
0.01900931698718592,28.01220636551096,0.01900931076507482,70.78129718107708,0.01900931195298095,95.75675069380469,0.01900931294463983,108.8630176981481
0.01945210401157911,28.03154800929022,0.01945209777307709,70.84936291759287,0.01945209895350949,95.85687359549878,0.0194520999401701,108.9712525009629
0.01990520488037154,28.05074254244676,0.01990519862539888,70.91709184708523,0.01990519979833505,95.95661248138326,0.01990520077998961,109.0791902532218
0.02036885983386409,28.06979107059103,0.0203688535623414,70.98449182671044,0.02036885472775954,96.05597916881631,0.02036885570440062,109.1868460439867
0.02084331470827304,28.08869471612456,0.02084330842012135,71.05157081676423,0.02084330957800041,96.15498554060436,0.02084331054962104,109.294234944772
0.02132882106607582,28.10745461890637,0.02132881476121664,71.11833688150564,0.02132881591153628,96.25364354220042,0.02132881687812991,109.4013720024765
0.02182563632939266,28.12607193692628,0.02182563000774804,71.18479818990147,0.02182563115048888,96.35196517868481,0.02182563211204899,109.5082722320034
0.02233402391647547,28.14454784698487,0.02233401757796784,71.25096301628852,0.02233401871311118,96.44996251151288,0.02233401966963184,109.6149506085855
0.02285425338137509,28.1628835453801,0.02285424702592787,71.31683974094987,0.02285424815345556,96.54764765503552,0.02285424910493118,109.7214220597867
0.02338660055686343,28.18108024860008,0.0233865941844001,71.38243685059722,0.02338659530429519,96.64503277277974,0.02338659625072026,109.8277014572135
0.02393134770068251,28.19913919402253,0.02393134131112742,71.44776293875938,0.02393134242337369,96.74213007348428,0.02393134336474301,109.9338036079044
0.0244887836452019,28.21706164062027,0.02448877723848044,71.51282670606723,0.02448877834306222,96.83895180689092,0.0244887792793708,110.0397432454211
0.02505920395056149,28.23484886967278,0.02505919752659948,71.57763696043374,0.02505919862350209,96.93551025927869,0.02505919955474519,110.1455350206423
0.02564291106138129,28.2525021854834,0.02564290462010543,71.64220261712251,0.02564290570931493,97.03181774875027,0.02564290663548795,110.2511934922516
0.02624021446712124,28.27002291610268,0.02624020800845923,71.70653269870017,0.02624020908996248,97.12788662024506,0.02624021001106086,110.3567331169263
0.02685143086617727,28.28741241405666,0.02685142439005755,71.77063633486593,0.02685142546384222,97.22372924030095,0.02685142637986144,110.4621682392467
0.02747688433379829,28.30467205708081,0.02747687784015039,71.83452276215674,0.02747687890620502,97.31935799153766,0.02747687981714059,110.567513081307
0.0281169064939158,28.32180324885856,0.02811689998267014,71.89820132351814,0.02811690104098397,97.41478526687614,0.02811690194683145,110.672781732056
0.0287718366949749,28.33880741976499,0.02877183016606304,71.96168146773768,0.02877183121662601,97.51002346348027,0.02877183211738081,110.7779881363553
0.02944202218986128,28.35568602761468,0.02944201564321595,72.02497274873656,0.02944201668601889,97.60508497642539,0.02944201758167624,110.8831460837813
0.03012781832001976,28.37244055841379,0.03012781175557467,72.08808482471184,0.03012781279060904,97.69998219208568,0.03012781368116407,110.9882691971589
0.03082958870386038,28.38907252711586,0.03082958212155062,72.15102745712363,0.03082958314880875,97.79472748124496,0.03082958403425598,111.0933709208577
0.03154770542955426,28.40558347838124,0.03154769882931615,72.21381050952418,0.03154769984879079,97.88933319192635,0.03154770072912485,111.1984645088484
0.03228254925231936,28.42197498733956,0.0322825426340906,72.27644394621959,0.03228254364577524,97.98381164193999,0.03228254452099014,111.3035630125213
0.03303450979630206,28.43824866035483,0.03303450316002166,72.33893783076242,0.0330345041639105,98.07817511115111,0.03303450503399976,111.4086792683091
0.03380398576116092,28.45440613579276,0.03380397910676922,72.40130232426559,0.03380398010285704,98.17243583346597,0.03380398096781356,111.5138258850883
0.03459138513346274,28.47044908479027,0.0345913784609017,72.46354768353521,0.03459137944918375,98.26660598854235,0.03459138030899978,111.6190152314052
0.03539712540300208,28.48637921202572,0.03539711871221529,72.52568425901524,0.03539711969268737,98.3606976932186,0.03539712054735451,111.724259422525
0.03622163378416041,28.50219825649078,0.03622162707509285,72.58772249253718,0.03622162804775109,98.45472299266949,0.03622162889725994,111.8295703073159
0.03706534744242039,28.51790799226186,0.03706534071501866,72.64967291487299,0.0370653416798596,98.54869385128988,0.03706534252419995,111.9349594549992
0.03792871372615673,28.53351022927188,0.03792870698036928,72.71154614308126,0.03792870793738993,98.64262214331103,0.03792870877655027,112.0404381417688
0.03881219040382672,28.54900681408093,0.03881218363960351,72.77335287764478,0.03881218458880088,98.73651964315052,0.03881218542276898,112.1460173373063
0.03971624590668445,28.56439963064558,0.03971623912397755,72.8351038993919,0.03971624006534905,98.83039801550632,0.03971624089411094,112.2517076912041
0.04064135957715007,28.57969060108606,0.0406413527759131,72.89681006619837,0.04064135370945609,98.9242688051946,0.04064135453299658,112.3575195193188
0.04158802192296279,28.59488168645075,0.0415880151031513,72.95848230946322,0.04158801602886326,99.01814342674562,0.04158801684716557,112.463462790081
0.04255673487725494,28.60997488747708,0.04255672803882642,73.02013163035441,0.0425567289567045,99.11203315375388,0.04255672976975036,112.5695471107675
0.04354801206468323,28.62497224534817,0.04354800520759731,73.08176909581923,0.04354800611763879,99.20594910800446,0.04354800692540782,112.6757817137753
0.04456237907375999,28.63987584244472,0.04456237219797787,73.14340583435595,0.04456237310017964,99.2999022483711,0.04456237390264976,112.7821754429021
0.04560037373552641,28.65468780309062,0.04560036684101174,73.20505303154071,0.04560036773537003,99.3939033595059,0.04560036853251695,112.8887367396727
0.04666254640871819,28.66941029429222,0.0466625394954363,73.26672192530735,0.04666254038194723,99.48796304032456,0.04666254117374427,112.9954736297198
0.04774946027157258,28.68404552646984,0.0477494533394912,73.32842380097482,0.04774945421814993,99.58209169230253,0.04774945500456838,113.1023937092548
0.04886169162043355,28.69859575418075,0.04886168466952252,73.39016998602007,0.04886168554032335,99.67629950758899,0.04886168632133162,113.2095041316402
0.04999983017531114,28.71306327683268,0.04999982320554238,73.45197184459184,0.04999982406847876,99.77059645696029,0.04999982484404248,113.3168115941051
0.05116447939255938,28.72745043938684,0.05116447240390683,73.51384077176345,0.05116447325897112,99.864992277616,0.05116447402905316,113.4243223246095
0.05235625678483599,28.74175963304936,0.05235624977727611,73.57578818752215,0.05235625062445925,99.95949646083982,0.05235625138901931,113.5320420688941
0.053575794248517,28.75599329594996,0.05357578722202783,73.63782553049091,0.05357578806131968,100.0541182395373,0.05357578882031411,113.6399760777438
0.05482373839873531,28.77015391380709,0.05482373135329759,73.69996425138442,0.05482373218468586,100.1488665756661,0.05482373293806754,113.7481290944736
0.05610075091222544,28.78424402057777,0.05610074384782183,73.76221580619369,0.05610074467129275,100.2437501475791,0.0561007454190108,113.8565053426841
0.05740750887815287,28.79826619909155,0.05740750179476843,73.82459164910189,0.05740750261030605,100.3387773372882,0.05740750335230582,113.9651085142926
0.058744705157116,28.81222308166683,0.05874469805473759,73.88710322512891,0.05874469886232369,100.4339562176829,0.05874469959854638,114.0739417578768
0.06011304874850963,28.82611735070851,0.06011304162712688,73.94976196250531,0.06011304242674047,100.529294539705,0.06011304315712292,114.1830076673477
0.06151326516644651,28.83995173928561,0.06151325802605025,74.01257926477591,0.06151325881766808,100.6247997195112,0.06151325954214255,114.2923082709877
0.06294609682443325,28.85372903168714,0.0629460896650169,74.07556650263466,0.06294609044861257,100.7204788256391,0.06294609116710671,114.40184502086
0.06441230342900911,28.86745206395551,0.06441229625056812,74.1387350054918,0.06441229702611201,100.8163385661958,0.06441229773854823,114.5116187826336
0.06591266238255183,28.88112372439497,0.06591265518508356,74.20209605277529,0.06591265595254232,100.9123852760935,0.06591265665883807,114.6216298258275
0.06744796919546736,28.89474695405463,0.06744796197897066,74.26566086497019,0.06744796273830722,101.0086249043499,0.06744796343837427,114.7318778145121
0.06901903790797824,28.90832474718374,0.06901903067245389,74.32944059439859,0.06901903142362745,101.1050630014785,0.06901903211737201,114.8423617984801
0.07062670152174051,28.92186015165792,0.07062669426719162,74.3934463157442,0.07062669501015628,101.2017047069917,0.07062669569747855,114.9530802049083
0.07227181244151142,28.93535626937453,0.0722718051679415,74.45768901632704,0.07227180590264723,101.2985547370329,0.07227180658344141,115.0640308305357
0.0739552429271049,28.94881625661591,0.0739552356345199,74.52217958613146,0.07395523636091175,101.3956173721695,0.07395523703506518,115.175210834372
0.07567788555587726,28.96224332437794,0.07567787824428424,74.58692880759695,0.07567787896230101,101.4928964453631,0.07567787962969466,115.2866167309538
0.07744065369598133,28.9756407386632,0.0774406463653883,74.6519473451747,0.07744064707496362,101.5903953301434,0.07744064773547156,115.3982443841705
0.07924448199064757,28.98901182073574,0.0792444746410636,74.71724573466001,0.07924447534212521,101.6881169290058,0.07924447599561368,115.5100890016673
0.08109032685374437,29.00235994733675,0.08109031948517934,74.78283437230733,0.08109032017764799,101.7860636620616,0.08109032082397664,115.622145129852
0.08297916697688039,29.01568855085833,0.08297915958934506,74.84872350373718,0.08297916027313484,101.8842374559563,0.08297916091215531,115.7344066494999
0.08491200384832093,29.02900111947372,0.0849119964418264,74.91492321264444,0.08491199711684402,101.9826397330854,0.08491199774839965,115.8468667719912
0.08688986228398986,29.04230119722243,0.0868898548585471,74.98144340931786,0.0868898555246916,102.0812714011281,0.08688985614861776,115.9595180361735
0.0889137909708399,29.05559238404748,0.08891378352646026,75.0482938189828,0.08891378418362235,102.1801328429173,0.08891378479974561,116.0723523058587
0.09098486302288125,29.06887833578339,0.09098485555957531,75.11548396997831,0.09098485620763748,102.2792239066777,0.09098485681577616,116.1853607679815
0.09310417655016043,29.08216276409238,0.09310416906793841,75.18302318178004,0.09310416970677426,102.3785438966402,0.09310417030673673,116.2985339313951
0.09527285524099308,29.0954494363471,0.09527284773986405,75.2509205528836,0.09527284836933705,102.4780915640672,0.09527284896092367,116.4118616263322
0.09749204895775741,29.10874217545719,0.09749204143772973,75.31918494856259,0.09749204205769375,102.5778650986981,0.09749204264069407,116.5253330045265
0.09976293434656852,29.12204485963818,0.09976292680764748,75.38782498851278,0.09976292741794647,102.6778621206407,0.09976292799214101,116.6389365399862
0.1020867154611488,29.13536142212017,0.102086707903339,75.45684903440169,0.1020867085038051,102.7780796727259,0.1020867090689641,116.752660030435
0.1044646244012355,29.14869585079386,0.1044646168245387,75.52626517733633,0.1044646174149931,102.878514213344,0.1044646179708764,116.8664905994088
0.1068979219658558,29.16205218779241,0.1068979143702706,75.59608122526716,0.1068979149505226,102.9791616097768,0.1068979154968796,116.9804146990001
0.1093878983218184,29.17543452900622,0.1093878907073401,75.66630469034436,0.1093878912771867,103.0800171320479,0.1093878918137557,117.094418113257
0.1119358736877781,29.18884702352888,0.1119358660543979,75.73694277624527,0.1119358666136228,103.1810754472988,0.1119358671401316,117.2084859622195
0.1145431990342318,29.20229387303166,0.1145431913819371,75.80800236548961,0.1145431919303105,103.2823306147114,0.1145431924464751,117.3226027065835
0.1172112567998226,29.21577933106472,0.1172112491285952,75.87949000676268,0.1172112496658735,103.3837760809825,0.1172112501713984,117.4367521529947
0.1199414616243259,29.22930770228231,0.1199414539341419,75.9514119022643,0.1199414544600672,103.4854046763724,0.1199414549546454,117.5509174599424
0.1227352610987104,29.2428833415904,0.1227352533895398,76.02377389510445,0.122735253903839,103.5872086113252,0.1227352543871509,117.6650811442545
0.1255941365326697,29.25651065321374,0.1255941288044759,76.09658145676414,0.1255941293068597,103.6891794736797,0.1255941297785747,117.779225088176
0.1285196037400333,29.27019408968084,0.1285195959927722,76.16983967464355,0.1285195964829357,103.791308226473,0.1285195969427094,117.893330547004
0.1315132138424701,29.28393815072413,0.1315132060760892,76.24355323971513,0.1315132065537103,103.8935852063473,0.1315132070011868,118.007378157278
0.1345765540919149,29.29774738209381,0.1345765463063518,76.31772643430635,0.1345765467710917,103.9960001225598,0.1345765472059016,118.1213479454987
0.1377112487121481,29.31162637428255,0.1377112409073314,76.39236312002973,0.1377112413588326,104.0985420566018,0.1377112417805939,118.2352193373451
0.1409189597599829,29.32557976115948,0.1409189519358302,76.46746672588327,0.1409189523737176,104.2011994624312,0.1409189527820343,118.3489711673962
0.1442013880065087,29.33961221851139,0.1442013801629256,76.54304023654026,0.1442013805868047,104.3039601673127,0.1442013809812688,118.4625816893044
0.1475602738388632,29.35372846248881,0.1475602659757431,76.61908618085363,0.1475602663851999,104.4068113732689,0.1475602667653889,118.5760285864165
0.1509973981830069,29.36793324795552,0.1509973903002303,76.69560662059102,0.1509973906948305,104.5097396591413,0.150997391060308,118.6892889828137
0.1545145834479967,29.3822313667393,0.1545145755454287,76.77260313942497,0.1545145759247174,104.6127309832508,0.1545145762750339,118.8023394547448
0.1581136944922486,29.39662764578257,0.1581136865697386,76.85007683219838,0.1581136869332401,104.7157706866587,0.1581136872679313,118.9151560424246
0.1617966396123104,29.4111269451904,0.1617966316696913,76.92802829448479,0.161796632016908,104.8188434970155,0.1617966323354965,119.0277142621797
0.1655653715546676,29.42573415617548,0.1655653635917555,77.00645761246422,0.1655653639221671,104.9219335329957,0.1655653642241599,119.1399891189062
0.1694218885511144,29.44045419889729,0.1694218805677052,77.08536435313553,0.1694218808807693,105.0250243092998,0.16942188116566,119.2519551188148
0.1733682353782423,29.45529202019503,0.1733682273741124,77.16474755488282,0.1733682276692623,105.1280987422209,0.1733682279365291,119.3635862824361
0.1774065044416076,29.47025259121242,0.1774064964165114,77.24460571841583,0.1774064966931573,105.2311391557583,0.1774064969422654,119.4748561578653
0.1815388368851532,29.48534090491353,0.1815388288388235,77.32493679810283,0.1815388290963512,105.3341272882629,0.181538829326749,119.5857378342028
0.1857674237264723,29.50056197348838,0.1857674156586165,77.40573819371316,0.1857674158963869,105.4370442996052,0.1857674161075088,119.6962039551772
0.1900945070185116,29.51592082564746,0.1900944989288128,77.48700674258642,0.1900944991461609,105.5398707788426,0.1900944993374272,119.8062267329165
0.1945223810383415,29.53142250380433,0.1945223729264549,77.56873871224454,0.1945223731226906,105.6425867523717,0.1945223732935056,119.9157779618373
0.1990533935036095,29.54707206114588,0.1990533853691616,77.65092979346278,0.1990533855435687,105.74517169255,0.1990533856933219,120.0248290326332
0.2036899468173309,29.56287455858935,0.2036899386599206,77.73357509381304,0.2036899388117549,105.8476045267589,0.203689938939821,120.133350946321
0.2084344993416776,29.57883506162639,0.20843449116087,77.81666913169362,0.2084344912893617,105.9498636468961,0.2084344913951,120.241314328333
0.2132895667014308,29.59495863705341,0.2132895584967591,77.90020583085793,0.2132895586011096,106.051926919271,0.2132895586838641,120.3486894426154
0.2182577231178007,29.61125034958863,0.2182577148887625,77.98417851545412,0.2182577149681467,106.1537716948818,0.2182577150272459,120.4554462057149
0.2233416027733116,29.62771525837606,0.2233415945193693,78.06857990558521,0.2233415945729326,106.2553748200526,0.2233415946076897,120.5615542008264
0.2285439012084805,29.64435841337671,0.2285438929290583,78.15340211339939,0.2285438929559172,106.3567126474038,0.2285438929656306,120.6669826917722
0.2338673767510286,29.6611848516476,0.2338673684455099,78.23863663971956,0.2338673684447528,106.457761047135,0.2338673684287055,120.7717006368915
0.2393148519783839,29.67819959350959,0.2393148436461113,78.32427437121753,0.2393148436167959,106.5584954185951,0.2393148435742553,120.8756767028222
0.2448892152142467,29.695407638605,0.244889206854519,78.41030557813994,0.2448892067956748,106.6588907021108,0.2448892067258918,120.9788792781405
0.2505934220600188,29.71281396184625,0.2505934136720901,78.49671991258988,0.2505934135827146,106.7589213910538,0.2505934134849271,121.0812764868454
0.2564304969619034,29.73042350925706,0.2564304885449787,78.58350640736769,0.2564304884240419,106.8585615441166,0.2564304882974702,121.1828362016631
0.2624035348145037,29.74824119370788,0.2624035263677409,78.67065347537266,0.2624035262141791,106.9577847977729,0.2624035260580294,121.2835260571536
0.2685157026017782,29.76627189054761,0.2685156941242836,78.75814890956713,0.2685156939370045,107.0565643788986,0.268515693750467,121.3833134625995
0.2747702410762195,29.78452043313381,0.2747702325670455,78.84597988350087,0.2747702323449248,107.1548731175238,0.2747702321271744,121.4821656146563
0.2811704664771414,29.80299160826368,0.2811704579352848,78.93413295239601,0.2811704576771679,107.2526834596915,0.2811704574273637,121.58004950975
0.2877197722889924,29.82169015150872,0.2877197637133953,79.02259405478785,0.2877197634180941,107.3499674804015,0.2877197631353803,121.6769319562085
0.2944216310406298,29.84062074245597,0.2944216224301722,79.11134851471721,0.2944216220964693,107.4466968966069,0.2944216217799746,121.7727795861056
0.301279596146496,29.85978799985876,0.3012795874999978,79.20038104447016,0.3012795871266428,107.5428430802459,0.3012795867754805,121.8675588668094
0.3082973037906882,29.87919647670092,0.3082972951069056,79.28967574785602,0.3082972946926164,107.638377071279,0.3082972943058848,121.9612361122184
0.3154784748549119,29.89885065517769,0.3154784661325352,79.37921612401747,0.3154784656759979,107.7332695907084,0.3154784652527788,122.0537774936779
0.322826916891339,29.91875494159742,0.3228269081289913,79.46898507176276,0.3228269076288589,107.8274910535613,0.3228269071682196,122.1451490505643
0.3303465261414246,29.93891366120849,0.3303465173376583,79.55896489440899,0.3303465167925529,107.9210115818061,0.3303465162935464,122.2353167005296
0.3380412896017442,29.95933105295537,0.3380412807550403,79.64913730512644,0.3380412801635518,108.0138010171844,0.3380412796252135,122.3242462493895
0.3459152871379544,29.98001126416914,0.3459152782467199,79.73948343277004,0.3459152776074036,108.1058289339403,0.3459152770287555,122.4119034006676
0.3539726936479867,30.00095834519686,0.353972684710551,79.82998382818475,0.3539726840219327,108.1970646514161,0.3539726834019808,122.4982537647695
0.3622177812756411,30.02217624397531,0.362217772290255,79.92061847097081,0.3622177715508265,108.2874772465048,0.362217770888562,122.5832628677926
0.3706549216757246,30.04366880055424,0.3706549126405591,80.01136677669278,0.3706549118487795,108.3770355659371,0.3706549111431784,122.6668961599687
0.3792885883319683,30.0654397415749,0.3792885792451095,80.10220760451602,0.3792885783994074,108.4657082383811,0.3792885776494296,122.7491190237339
0.3881233589289211,30.08749267470951,0.3881233497883704,80.1931192652545,0.3881233488871413,108.5534636863428,0.388123348091731,122.8298967814234
0.397163917779101,30.10983108306803,0.3971639085827746,80.28407952980977,0.3971639076243801,108.6402701378479,0.3971639067824683,122.9091947025986
0.4064150583066821,30.13245831957778,0.4064150490524045,80.375065637986,0.4064150480351757,108.7260956378915,0.4064150471456771,122.9869780109959
0.4158816855890295,30.15537760134326,0.415881676274534,80.46605430765844,0.415881675196768,108.8109080596393,0.4158816742585821,123.0632118911106
0.4255688189574326,30.17859200399157,0.425568809580358,80.55702174427746,0.4255688084403225,108.8946751153697,0.4255688074523331,123.1378614944107
0.4354815946584266,30.20210445601142,0.435481585216317,80.64794365068833,0.4354815840122453,108.9773643671434,0.4354815829733228,123.2108919451912
0.4456252685770953,30.22591773309135,0.4456252590673964,80.7387952372448,0.44562525779749,109.0589432371882,0.4456252567064893,123.2822683460652
0.4560052190238125,30.25003445246524,0.4560052094438682,80.82955123219662,0.4560052081062984,109.139379017992,0.4560052069620555,123.3519557831065
0.4666269495858877,30.27445706727138,0.4666269399329416,80.92018589232947,0.4666269385258469,109.2186388820929,0.466626937327189,123.419919330649
0.4774960920456505,30.29918786093267,0.477496082316843,81.01067301383532,0.4774960808383286,109.2966898915571,0.4774960795840637,123.4861240557434
0.488618409366487,30.32422894156542,0.4886183995588507,81.10098594339355,0.4886183980069935,109.3734990071435,0.4886183966959134,123.5505350222875
0.4999997987484457,30.34958223642355,0.4999997888589045,81.19109758943883,0.4999997872317481,109.4490330971433,0.4999997858626328,123.6131172948394
0.5116462947550053,30.37524948638602,0.5116462847803768,81.28098043359599,0.5116462830759315,109.5232589458921,0.5116462816475444,123.6738359421179
0.523564072512684,30.40123224049464,0.5235640624496692,81.37060654225999,0.5235640606659195,109.5961432619532,0.5235640591770077,123.7326560402066
0.535759450985172,30.42753185054985,0.5357594408303621,81.4599475782985,0.535759438965256,109.6676526859666,0.5357594374145548,123.7895426754719
0.5482388963237286,30.45414946577154,0.5482388860735987,81.54897481285849,0.5482388841250563,109.7377537981632,0.5482388825112821,123.8444609472074
0.5610090252956221,30.48108602753275,0.5610090149465309,81.63765913725312,0.5610090129124412,109.8064131255452,0.5610090112342964,123.8973759700181
0.5740766087924287,30.50834226417284,0.5740765983406148,81.72597107491001,0.5740765962188347,109.8735971487319,0.574076594475008,123.9482528759584
0.5874485754200454,30.53591868589806,0.5874485648616267,81.81388079336067,0.587448562649986,109.9392723084728,0.5874485608391499,123.9970568164378
0.6011320151723292,30.56381557977598,0.6011320045033042,81.9013581162509,0.6011320021995988,110.0034050118306,0.6011320003204117,124.0437529639123
0.6151341831903073,30.59203300483133,0.6151341724065508,81.98837253535318,0.6151341700085485,110.0659616380393,0.6151341680596535,124.0883065133757
0.629462503608948,30.62057078724945,0.6294624927062088,82.07489322256191,0.6294624902116485,110.1269085440393,0.6294624881916714,124.1306826836651
0.6441245734935348,30.64942851569453,0.6441245624674399,82.1608890418546,0.6441245598740269,110.1862120696959,0.6441245577815822,124.1708467186054
0.6591281668677315,30.678605536749,0.6591281557137771,82.24632856119956,0.6591281530191884,110.2438385427099,0.6591281508528736,124.2087638880007
0.6744812388354695,30.7081009504799,0.6744812275490238,82.33118006439553,0.6744812247509113,110.2997542832245,0.6744812225093095,124.2443994885001
0.690191929798854,30.73791360613907,0.690191918375158,82.41541156282521,0.6901919154711387,110.3539256081373,0.6901919131528185,124.2777188443504
0.7062685697743091,30.76804209800207,0.70626855820847,82.4989908071086,0.7062685551961358,110.4063188351273,0.7062685527996496,124.3086873080616
0.7227196828092634,30.79848476135193,0.7227196710962619,82.58188529864098,0.7227196679731704,110.4569002864078,0.7227196654970593,124.3372702609984
0.7395539915017119,30.82923966861307,0.7395539796363912,82.66406230100162,0.7395539764000787,110.5056362922116,0.7395539738428654,124.3634331139263
0.7567804216250549,30.86030462563944,0.7567804096021284,82.74548885122127,0.7567804062500973,110.5524931940239,0.7567804036102909,124.387141307523
0.7744081068606571,30.89167716816272,0.7744080946747062,82.82613177089443,0.7744080912044304,110.5974373475738,0.7744080884805298,124.408360312893
0.7924463936406548,30.923354558404,0.7924463812861191,82.90595767712766,0.7924463776950496,110.6404351255963,0.7924463748855343,124.4270556320895
0.8109048461035459,30.95533378185307,0.8109048335747361,82.98493299331089,0.8109048298602911,110.6814529203799,0.810904826963628,124.4431927986815
0.8297932511652296,30.98761154421916,0.8297932384563205,83.06302395970475,0.8297932346158914,110.7204571461118,0.8297932316305354,124.4567373783811
0.8491216237081571,31.02018426855596,0.8491216108131869,83.14019664383386,0.8491216068441372,110.7574142410394,0.8491216037685312,124.4676549697584
0.8689002118913572,31.05304809256416,0.868900198804227,83.21641695067886,0.868900194703896,110.7922906694591,0.8689001915364634,124.4759112050676
0.8891395025841413,31.08619886607354,0.8891394892986167,83.29165063266066,0.8891394850643134,110.8250529235514,0.8891394818034699,124.4814717512118
0.9098502269263866,31.11963214870698,0.9098502134360934,83.3658632994114,0.9098502090651011,110.8556675250803,0.9098502057092467,124.4843023108674
0.9310433660183128,31.15334320772789,0.9310433523167455,83.43902042732645,0.9310433478063227,110.8841010269705,0.9310433443538457,124.4843686238003
0.9527301567428289,31.18732701607215,0.9527301428233447,83.51108736889472,0.9527301381707203,110.9103200147847,0.9527301346199973,124.4816364683962
0.9749220977234655,31.22157825056582,0.974922083579279,83.58202936180363,0.9749220787816579,110.934291108117,0.9749220751310541,124.476071663435
0.9976309554210893,31.25609129032877,0.9976309410452832,83.65181153781715,0.9976309360998481,110.9559809619226,0.997630932347715,124.467640070136
1.02086877037265,31.29086021536391,1.020868755758171,83.72039893142536,1.020868750662075,110.9753562678037,1.020868746806757,124.4563075945041
1.044647863575226,31.32587880533238,1.044647848714886,83.78775648826621,1.044647843465257,110.9923837552728,1.044647839505086,124.4420401900031
1.068980843018783,31.36114053851335,1.068980827905252,83.85384907331934,1.0689808224992,111.0070301930125,1.068980818432494,124.4248038605906
1.093880610371085,31.39663859094743,1.09388059499691,83.91864147887432,1.093880589431515,111.0192623901549,1.093880585256586,124.4045646641411
1.11936036781835,31.43236583576203,1.119360352175933,83.98209843227613,1.119360346448253,111.029047197603,1.119360342163409,124.3812887162897
1.145433625065208,31.46831484267689,1.14543360914682,84.0441846034503,1.145433603253892,111.0363515094153,1.145433598857423,124.3549421947253
1.172114206497721,31.50447787768734,1.172114190295508,84.10486461221296,1.172114184234345,111.0411422642783,1.172114179724542,124.3254913439735
1.199416258513281,31.54084690292268,1.199416242019244,84.16410303537108,1.199416235786842,111.0433864470902,1.199416231161984,124.2929024806931
1.227354257021182,31.57741357667646,1.227354240227205,84.22186441361815,1.227354233820534,111.0430510906798,1.227354229078892,124.2571419995207
1.255943015117966,31.61416925360583,1.255942998015796,84.27811325823362,1.255942991431804,111.0401032776865,1.255942986571653,124.2181763795068
1.285197690941514,31.65110498509554,1.285197673522768,84.33281405759178,1.285197666758391,111.0345101426267,1.285197661777994,124.175972191165
1.315133795708082,31.68821151978359,1.315133777964253,84.38593128349083,1.315133771016406,111.0262388741705,1.315133765914023,124.1304961041784
1.345767201936567,31.72547930424332,1.345767183859024,84.43742939730986,1.345767176724601,111.0152567176598,1.345767171498492,124.0817148957966
1.377114151864318,31.76289848381846,1.377114133444302,84.48727285600529,1.377114126120181,111.0015309778904,1.377114120768606,124.0295954599583
1.409191266058986,31.80045890360545,1.409191247287621,84.53542611795538,1.409191239770669,110.9850290221901,1.409191234291882,123.9741048171805
1.442015552230975,31.83815010957915,1.442015533099256,84.58185364866756,1.442015525386322,110.9657182838163,1.442015519778584,123.9152101252446
1.475604414251148,31.87596134985584,1.475604394749959,84.62651992635874,1.475604386837874,110.9435662657073,1.475604381099448,123.8528786907267
1.509975661378589,31.91388157608902,1.509975641498687,84.66938944742192,1.50997563338428,110.9185405446142,1.50997562751343,123.7870779814028
1.545147517703308,31.9518994449923,1.545147497435349,84.71042673179431,1.545147489115434,110.8906087756422,1.545147483110425,123.7177756395717
1.581138631808912,31.99000331998378,1.581138611143423,84.74959632824007,1.581138602614801,110.8597386972346,1.581138596473916,123.6449394963343
1.617968086660296,32.02818127294641,1.617968065587707,84.78686281956388,1.617968056847172,110.8258981366318,1.617968050568694,123.5685375868691
1.655655409721718,32.06642108609875,1.655655388232337,84.8221908277708,1.655655379276681,110.7890550158321,1.655655372858907,123.4885381667428
1.694220583310494,32.10471025397032,1.69422056139453,84.85554501918955,1.694220552220549,110.7491773580919,1.694220545661774,123.4049097292976
1.733684055191902,32.14303598547573,1.733684032839465,84.88689010957593,1.733684023443928,110.7062332949973,1.733684016742481,123.3176210241536
1.774066749420849,32.18138520608198,1.774066726621938,84.91619086921472,1.774066717001642,110.6601910741384,1.774066710155854,123.2266410768707
1.815390077436098,32.21974456006327,1.81539005418062,84.94341212803936,1.815390044332341,110.6110190674247,1.81539003734056,123.1319392098041
1.857675949412859,32.25810041283781,1.857675925690629,84.96851878078721,1.857675915611157,110.558685780071,1.857675908471763,123.0334850642001
1.900946785879903,32.29643885338055,1.900946761680643,84.99147579221177,1.900946751366769,110.5031598602957,1.900946744078147,122.9312486235664
1.945225529607178,32.33474569670722,1.945225504920519,85.01224820237205,1.945225494369056,110.4444101097613,1.945225486929619,122.8252002383623
1.990535657770407,32.37300648642373,1.990535632585895,85.03080113201952,1.990535621793652,110.3824054947974,1.990535614201845,122.7153106520418
2.036901194398965,32.41120649733613,2.036901168706069,85.04709978810575,2.036901157669875,110.3171151584422,2.036901149924164,122.6015510284919
2.084346723113761,32.44933073811618,2.08434669690187,85.06110946943294,2.084346685618571,110.2485084333389,2.08434667771746,122.4838929809038
2.132897400161782,32.48736395401761,2.132897373420208,85.07279557246923,2.132897361886672,110.1765548555249,2.132897353828695,122.3623086021093
2.182578967754284,32.5252906296387,2.182578940472272,85.08212359735444,2.182578928685392,110.1012241791543,2.182578920469116,122.2367704964228
2.233417767715629,32.56309499172691,2.233417739882377,85.08905915411925,2.233417727839061,110.0224863921877,2.233417719463096,122.1072518130197
2.285440755450109,32.60076101202153,2.285440727054732,85.09356796914329,2.28544071475193,109.9403117330921,2.285440706214929,121.9737262808819
2.338675514234009,32.63827241013053,2.338675485265584,85.09561589187757,2.338675472700275,109.8546707085878,2.338675464000922,121.836168245345
2.393150269840666,32.67561265643853,2.393150240288207,85.09516890185728,2.393150227457411,109.765534112481,2.393150218594458,121.6945527062705
2.448893905506123,32.71276497504234,2.448893875358609,85.0921931160326,2.448893862259386,109.6728730456221,2.448893853231616,121.5488553578698
2.505935977243411,32.74971234671174,2.505935946489775,85.08665479644381,2.505935933119235,109.5766589370279,2.505935923925497,121.3990526302032
2.564306729513537,32.78643751187282,2.564306698142695,85.07852035826868,2.564306684497997,109.4768635662061,2.564306675137192,121.2451217323731
2.624037111261497,32.82292297361202,2.624037079262328,85.06775637827224,2.624037065340683,109.3734590867232,2.624037055811781,121.0870406974247
2.685158792325839,32.85915100069931,2.6851587596872,85.05432960368576,2.685158745485883,109.2664180510489,2.685158735787902,120.9247884289697
2.747704180230379,32.89510363062877,2.747704146941121,85.03820696154659,2.747704132457472,109.1557134367199,2.747704122589501,120.7583447495387
2.811706437367124,32.93076267267652,2.811706403416106,85.01935556852794,2.811706388647535,109.0413186738556,2.811706378608746,120.5876904506613
2.87719949857946,32.96610971097491,2.877199463955517,84.99774274128951,2.877199448899516,108.9232076740644,2.877199438689137,120.4128073446809
2.944218089154774,33.00112610760325,2.94421805384678,84.97333600738123,2.944218038500897,108.8013548607756,2.944218028118248,120.233678318284
3.012797743236303,33.03579300569555,3.012797707233129,84.94610311673013,3.012797691595035,108.6757352010261,3.012797681039507,120.0502873877409
3.082974822663809,33.07009133256614,3.08297478595436,84.91601205374425,3.082974770021808,108.5463242387422,3.082974759292882,119.8626197558287
3.154786536253095,33.10400180285437,3.154786498826322,84.8830310500656,3.154786482597161,108.4130981295381,3.154786471694397,119.6706618704117
3.228270959524615,33.1375049216904,3.228270921369527,84.84712859800545,3.228270904841704,108.2760336770667,3.228270893764762,119.4744014846451
3.303467054891641,33.17058098788428,3.303467015997273,84.80827346469476,3.303466999168863,108.1351083709454,3.303466987917498,119.2738277187541
3.380414692318594,33.20321009714088,3.380414652674083,84.76643470698549,3.380414635543271,107.9903004262807,3.380414624117347,119.0689311233368
3.459154670460706,33.23537214530426,3.45915463005524,84.72158168713479,3.459154612620346,107.8415888248158,3.4591546010198,118.8597037441315
3.53972873829592,33.26704683163483,3.539728697118796,84.6736840893078,3.539728679378265,107.6889533577151,3.539728667603169,118.6461391881688
3.622179617260819,33.29821366212354,3.622179575301438,84.62271193693421,3.622179557253867,107.5323746700033,3.622179545304391,118.4282326912331
3.706551023902074,33.3288519528479,3.706550981149949,84.56863561095165,3.706550962794076,107.3718343066674,3.706550950670499,118.2059811865324
3.792887693055521,33.35894083337499,3.792887649500297,84.51142586897276,3.792887630835022,107.2073147604304,3.79288761853774,117.9793833744761
3.88123540156518,33.3884592502168,3.881235357196656,84.45105386540929,3.881235338221031,107.0387995211964,3.881235325750573,117.7484397934335
3.971640992554763,33.41738597034438,3.971640947362875,84.38749117258932,3.97164092807613,106.8662731271653,3.97164091543314,117.5131528913505
4.064152400264446,33.44569958476725,4.064152354239331,84.32070980290123,4.064152334640894,106.689721217607,4.064152321826131,117.2735270980718
4.158818675466335,33.47337851218521,4.158818628598307,84.25068223200024,4.158818608687765,106.5091305872817,4.158818595702137,117.0295688982105
4.255690011471753,33.50040100272007,4.25568996375133,84.17738142310873,4.255689943528492,106.324489242484,4.25568993037303,116.7812869043919
4.354817770744445,33.52674514173566,4.354817722162392,84.10078085244828,4.354817701627248,106.135786458683,4.354817688303112,116.5286919306793
4.456254512133643,33.55238885375445,4.456254462680932,84.02085453583123,4.456254441833698,105.9430128397217,4.456254428342203,116.2717970659761
4.560054018741375,33.57730990647998,4.560053968409283,83.93757705644872,4.560053947250399,105.7461603785336,4.560053933592976,116.0106177471857
4.666271326439141,33.60148591493471,4.666271275219184,83.85092359388246,4.666271253749323,105.5452225193221,4.666271239927566,115.745171831885
4.774962753048484,33.62489434572333,4.77496270093251,83.76086995437227,4.774962679152575,105.3401942211407,4.774962665168204,115.4754796702634
4.886185928201564,33.64751252143219,4.886185875181732,83.66739260236878,4.886185853092874,105.1310720228043,4.886185838947776,115.2015641760503
4.999999823897127,33.66931762517576,4.999999769965925,83.57046869339592,4.99999974756956,104.9178541090478,4.999999733265757,114.923450896145
5.116464785768181,33.69028670530182,5.116464730918501,83.47007610825199,5.116464708216285,104.7005403778386,5.116464693755961,114.641168078644
5.235642565078141,33.71039668026756,5.235642509303227,83.36619348857032,5.235642486297107,104.4791325087398,5.23564247168258,114.3547467389421
5.357596351462075,33.72962434369884,5.357596294755627,83.25880027376266,5.357596271447831,104.2536340322056,5.357596256681576,114.0642207235704
5.482390806430783,33.7479463696458,5.48239074878691,83.14787673936321,5.482390725179934,104.0240503996801,5.482390710264597,113.7696267714157
5.610092097655091,33.76533931804871,5.610092039068364,83.03340403679,5.61009201516503,103.7903890543549,5.610092000103371,113.4710045719546
5.740767934048879,33.78177964042737,5.740767874514393,82.91536423453698,5.740767850317796,103.5526595024306,5.740767835112776,113.1683968201122
5.874487601669254,33.79724368580928,5.874487541182599,82.7937403608059,5.874487516696135,103.3108733847075,5.87448750135085,112.8618492673562
6.01132200045291,33.81170770691149,6.011321939010204,82.66851644758576,6.011321914237627,103.0650445483217,6.011321898755306,112.5514107686087
6.15134368180818,33.82514786659102,6.151343619406156,82.53967757617889,6.151343594351507,102.8151891184231,6.15134357873556,112.2371333245604
6.294626887082843,33.8375402445809,6.294626823718827,82.40720992417469,6.294626798386479,102.561325569578,6.294626782640454,111.9190721189514
6.441247586927772,33.84886084452747,6.441247522599729,82.27110081386212,6.441247496994402,102.3034747966619,6.441247481122014,111.5972855503862
6.591283521577685,33.85908560134633,6.591283456284215,82.1313387620673,6.591283430410967,102.0416601849922,6.591283414416052,111.2718352582347
6.74481424206992,33.86819038891439,6.744814175810365,81.98791353140099,6.744814149674585,101.7759076794356,6.744814133561171,110.9427861421743
6.901921152423562,33.87615102811584,6.901921085197983,81.84081618288798,6.901921058805409,101.506245852203,6.901921042577624,110.6102063749239
7.062687552800893,33.8829432952606,7.062687484610085,81.6900391299515,7.062687457966811,101.2327059690357,7.062687441628966,110.2741674077258
7.227198683674212,33.8885429308943,7.227198614519787,81.53557619371016,7.227198587632262,100.9553220534645,7.227198571188789,109.9347439681303
7.395541771021485,33.89292564901855,7.395541700905878,81.37742265954508,7.395541673780913,100.6741309488075,7.395541657236378,109.5920140496567
7.567806072574707,33.89606714674252,7.567806001501243,81.21557533488192,7.567805974145984,100.3891723775604,7.567805957505137,109.2460588928998
7.744082925145604,33.8979431143846,7.744082853118442,81.05003260812443,7.744082825540437,100.1004889978136,7.744082808808106,108.8969629576862
7.924465793053486,33.89852924604646,7.924465720077782,80.88079450866945,7.92446569228489,99.80812645631917,7.924465675466047,108.5448138858842
8.109050317681389,33.89780125067926,8.109050243763212,80.70786276792003,8.109050215763682,99.51213343781291,8.109050198863455,108.1897024545067
8.297934368186304,33.89573486366496,8.297934293332762,80.53124088120569,8.297934265135186,99.21256171019066,8.297934248158814,107.831722518772
8.491218093390803,33.89230585893345,8.491218017610025,80.35093417050639,8.491217989223379,98.9094661651196,8.491217972176214,107.470970944813
8.689003974883219,33.88749006163889,8.689003898184389,80.16694984786575,8.689003869617967,98.60290485366218,8.689003852505484,107.1075475317671
8.891396881354721,33.88126336141752,8.891396803748139,79.97929707936754,8.891396775011593,98.29293901647658,8.891396757839376,106.7415549230164
9.098504124202121,33.87360172625019,9.098504045699203,79.78798704953556,9.098504016802567,97.97963310815626,9.098503999576286,106.3730985063947
9.310435514425768,33.86448121695297,9.310435435039135,79.59303302600652,9.310435405992726,97.6630548152652,9.310435388718204,106.0022863032228
9.527303420852853,33.85387800231972,9.527303340596257,79.39445042430773,9.527303311410797,97.34327506762433,9.527303294093924,105.6292288460912
9.74922282971675,33.84176837494012,9.749222748605263,79.19225687256252,9.749222719291733,97.02036804240625,9.749222701938491,105.2540390453625
9.976311405624367,33.82812876771811,9.976311323674286,78.98647227592747,9.976311294244008,96.69441116059917,9.976311276860455,104.8768320444323
10.20868955394339,33.81293577111423,10.20868947117225,78.77711888055323,10.20868944163692,96.36548507541062,10.20868942422921,104.4977250638429
10.44648048464277,33.79616615113682,10.44648040106953,78.56422133684487,10.44648037144107,96.03367365218979,10.44648035401544,104.1168372344241
10.68981027762049,33.77779686810646,10.68981019326536,78.3478067617816,10.68981016355601,95.69906393946175,10.68981014611874,103.7342894196931
10.9388079495525,33.75780509621802,10.93880786443711,78.12790480004197,10.93880783465939,95.36174613068923,10.93880781721683,103.3502040278314
11.1936055222993,33.73616824392523,11.19360543644665,77.90454768366179,11.19360540661337,95.02181351639362,11.19360538917194,102.964704813618
11.45433809290558,33.71286397517102,11.45433800634009,77.67777028994048,11.45433797646433,94.679362426301,11.45433795903043,102.5779166707867
11.7211439052305,33.68787023148892,11.72114381797802,77.44761019729238,11.72114378807309,94.33449216119992,11.72114377065319,102.189965415342
11.99416442324636,33.66116525499823,11.99416433533423,77.2141077387261,11.99416430541364,93.98730491424521,11.99416428801426,101.800977560451
12.27354440604476,33.63272761231695,12.27354431750172,76.97730605261927,12.27354428757929,93.63790568146879,12.27354427020687,101.4110800835985
12.55943198458977,33.60253621941445,12.55943189544605,76.73725113044277,12.55943186553572,93.28640216131343,12.55943184819678,101.0204001867709
12.85197874025882,33.57057036742655,12.85197865054616,76.4939918610726,12.8519786206621,92.93290464304481,12.85197860336308,100.6290650505033
13.15133978521333,33.5368097494539,13.1513396949649,76.2475800713171,13.15133966512144,92.57752588395969,13.1513396478688,100.2372015826892
13.45767384464111,33.50123448836401,13.45767375389158,75.99807056227381,13.45767372410323,92.22038097535211,13.45767370690334,99.84493616312156
13.7711433409146,33.463825165616,13.77114324970012,75.74552114111872,13.77114321998154,91.86158719727658,13.77114320284069,99.45239438478535
14.09191447970933,33.42456285112586,14.09191438806758,75.48999264792521,14.0919143584335,91.50126386219374,14.09191434135791,99.05970079297813
14.4201573381285,33.38342913418848,14.42015724609854,75.23154897709679,14.42015721656383,91.13953214766934,14.4201571995596,98.66697862338125
14.75604595487994,33.3404061554715,14.75604586250229,74.9702570929978,14.75604583308195,90.776514918353,14.75604581615501,98.27434954023606
15.09975842255382,33.29547664009279,15.09975832987049,74.70618703935727,15.0997583005795,90.4123365375502,15.09975828373565,97.88193337581927
15.45147698204983,33.24862393179264,15.45147688910413,74.43941194202576,15.45147685995752,90.04712266876258,15.45147684320237,97.48984787241994
15.81138811920338,33.19983202820875,15.81138802604005,74.1700080046584,15.81138799705298,89.68100006766007,15.81138798039188,97.09820842804342
16.17968266366331,33.14908561725884,16.17968257032838,73.8980544969118,16.17968254151591,89.31409636502038,16.17968252495399,96.70712784706379
16.55655589007192,33.09637011463367,16.55655579661273,73.62363373473937,16.55655576798994,88.94653984124427,16.55655575153199,96.31671609703599
16.94220762160237,33.04167170239877,16.94220752806752,73.34683105238736,16.94220749964943,88.57845919314305,16.94220748329993,95.92708007286329
17.33684233590753,32.98497736870099,17.33684224234679,73.06773476570498,17.33684221414832,88.20998329375428,17.33684219791141,95.53832336948585
17.74066927353672,32.92627494857,17.74066918000104,72.78643612640032,17.74066915203705,87.8412409460301,17.74066913591643,95.15054606421603
18.15390254887789,32.86555316580232,18.15390245541924,72.50302926689591,18.15390242770446,87.47236063129694,18.15390241170335,94.76384450979178
18.5767612636839,32.80280167590907,18.57676117035523,72.21761113546253,18.57676114290419,87.10347025345921,18.57676112702531,94.37831113916901
19.009469623243,32.73801111010448,19.00946953009826,71.93028142134162,19.00946950292532,86.73469687997707,19.00946948717088,93.99403428299317
19.45225705525568,32.67117312030549,19.45225696234963,71.64114246960042,19.45225693546892,86.36616648069815,19.45225691984049,93.61109800061962
19.90535833148022,32.6022804251074,19.90535823886837,71.35029918550208,19.9053582122937,85.99800366567611,19.9053581967922,93.22958192546294
20.36901369221163,32.53132685669306,20.36901359995014,71.05785892821785,20.36901357369506,85.63033142314249,20.36901355832074,92.84956112536155
20.84346897366041,32.45830740862607,20.84346888180607,70.76393139375561,20.84346885588377,85.26327085883112,20.84346884063611,92.471105978542
21.32897573829817,32.3832182844711,21.32897564690816,70.46862848703181,21.32897562133142,84.89694093787676,21.32897560620907,92.09428206566595
21.82579140823921,32.30605694717503,21.82579131737113,70.17206418306766,21.82579129215227,84.53145823052172,21.82579127715303,91.71915007832578
22.33417940172935,32.22682216913495,22.33417931144103,69.87435437735782,22.33417928659185,84.16693666286213,22.33417927171261,91.34576574424867
22.8544092728136,32.1455140828681,22.854409183163,69.57561672551566,22.85440915869474,83.80348727386455,22.85440914393146,90.97417976934739
23.38675685425748,32.06213423218983,23.38675676530242,69.27597047237262,23.38675674122576,83.44121797985574,23.38675672657336,90.60443779664492
23.93150440379696,31.97668562379415,23.93150431559524,68.97553627078111,23.93150429192012,83.08023334766685,23.93150427737244,90.23658038197863
24.48894075379536,31.88917277912054,24.4889406664045,68.6744359904382,24.4889406431401,82.7206343775638,24.48894062868993,89.8706429862825
25.05936146438615,31.79960178637756,25.05936137786333,68.3727925171297,25.05936135501795,82.36251829705178,25.05936134065697,89.50665598412972
25.6430689801829,31.70798035258315,25.6430688945846,68.07072954286761,25.64306887216572,82.00597836657612,25.64306885788436,89.14464468811059
26.24037279063921,31.61431785546585,26.2403727060212,67.76837134747352,26.2403726840353,81.65110369806838,26.24037266982284,88.78462938852243
26.85158959414415,31.51862539505912,26.85158951056148,67.46584257223768,26.85158948901395,81.29797908721072,26.85158947485844,88.42662540774882
27.47704346594013,31.42091584480555,27.4770433834468,67.16326798636166,27.47704336234187,80.94668486019722,27.47704334823009,88.07064316861666
28.11706602995175,31.32120390197344,28.11706594860045,66.86077224696926,28.1170659279412,80.59729673567675,28.11706591385868,87.71668827593616
28.77199663461715,31.21950613717209,28.77199655445935,66.55847965354106,28.77199653424736,80.24988570245488,28.77199652017844,87.36476161036268
29.44218253281511,31.11584104273723,29.44218245390077,66.25651389770115,29.44218243413637,79.90451791342701,29.44218242006398,87.01485943364372
30.12797906598304,31.01022907974063,30.12797898836046,65.95499780934776,30.12797896904235,79.56125459609684,30.12797895494832,86.66697350426864
30.82974985252386,30.9026927233627,30.82974977623953,65.65405310018123,30.8297497573649,79.22015197991843,30.82974974322962,86.32109120248593
31.54786698060108,30.79325650635019,31.54786690569949,65.35380010573698,31.54786688726377,78.88126124058131,31.54786687306661,85.97719566362662
32.28271120542512,30.68194706026264,32.28271113194853,65.0543575270771,32.28271111394533,78.54462846123729,32.28271109966439,85.6352659186304
33.03467215113439,30.568793154198,33.03467207912285,64.75584217333471,33.03467206154399,78.21029461054623,33.03467204715621,85.29527704067176
33.80414851737962,30.45382573066809,33.80414844687058,64.4583687063337,33.80414842970587,77.87829553730427,33.80414841518709,84.95720029676446
34.5915482907192,30.33707793828136,34.59154822174753,64.16204938852941,34.59154820498468,77.54866198129892,34.59154819030975,84.62100330322879
35.39728896093946,30.21858516087351,35.39728889353708,63.86699383552384,35.39728887716187,77.22141959992736,35.39728886230451,84.28665018391868
36.22179774241298,30.09838504271324,36.22179767660897,63.57330877441009,36.2217976606047,76.89658901000723,36.22179764553784,83.95410173011989
37.06551180061344,29.97651750939556,37.06551173643356,63.28109780919056,37.0655117207816,76.57418584411485,37.06551170547725,83.62331556106412
37.92887848390647,29.85302478402541,37.92887842137328,62.9904611944861,37.92887840605245,76.25422082068641,37.92887839048188,83.29424628403225
38.81235556073975,29.72795139828115,38.81235549987229,62.70149561872512,38.81235548485916,75.93669982704301,38.81235546899288,82.96684565306447
39.71641146235764,29.6013441979408,39.71641140317131,62.41429399795017,39.71641138844019,75.62162401441906,39.71641137224815,82.64106272533891
40.64152553117005,29.4732523424473,40.64152547367645,62.12894528132552,40.64152545919904,75.30898990401363,40.64152544265073,82.31684401433645
41.5881882749056,29.34372729808453,41.58818821911252,61.84553426935921,41.58818820485824,74.99878950302333,41.5881881879226,81.994133638961
42.55690162668573,29.21282282433528,42.55690157259674,61.56414144577415,42.55690155853268,74.69101042957735,42.55690154117838,81.67287346784664
43.54817921115603,29.08059495299542,43.54817915877052,61.28484282387583,43.54817914486134,74.38563604545185,43.54817912705682,81.35300325814814
44.56254661681681,28.9471019596233,44.56254656612997,61.00770980816209,44.56254655233797,74.08264559542451,44.56254653405149,81.03446078817441
45.60054167469736,28.81240432691416,45.60054162569966,60.73280907182082,45.60054161198502,73.7820143521085,45.60054159318476,80.71718198329164
46.66271474352055,28.67656469960331,46.66271469619814,60.46020245063972,46.66271468251856,73.48371376510532,46.66271466317274,80.40110103459372
47.74962900151069,28.53964783052159,47.749628955845,60.18994685374334,47.74962894215613,73.18771161331901,47.74962892223321,80.08615050990358
48.86186074499799,28.40172051744969,48.86186070096553,59.9220941914386,48.86186068722116,72.89397215928767,48.86186066668962,79.77226145674098
49.99999969397861,28.26285153044801,49.99999965155097,59.65669132033287,49.99999963770281,72.60245630441369,49.99999961653151,79.45936349695614
51.16464930479135,28.12311152937506,51.16464926393541,59.39378000575356,51.16464924993341,72.31312174400361,51.16464922809155,79.14738491279998
52.35642709007932,27.98257297134662,52.35642705075673,59.1333969013715,52.35642703654914,72.02592312106569,52.35642701400625,78.83625272426691
53.57596494620211,27.84131000793645,53.5759649083695,58.87557354580378,53.57596489390311,71.7408121778617,53.57596487062933,78.52589275760596
54.82390948827651,27.69939837197397,54.82390945188521,58.62033637584541,54.82390943710548,71.45773790425886,54.82390941307139,78.21622970496358
56.10092239301982,27.55691525385195,56.10092235801613,58.36770675585642,56.10092234286724,71.17664668198476,56.10092231804408,77.90718717517727
57.40768074957985,27.41393916732601,57.40768071590484,58.11770102271935,57.40768070032999,70.8974824239489,57.40768067468958,77.59868773579402
58.74487741853657,27.27054980485893,58.74487738612597,57.87033054566604,58.74487737006765,70.62018670786127,58.74487734358237,77.29065294644955
60.11322139926576,27.12682788264209,60.11322136805018,57.62560180017778,60.11322135145026,70.34469890344506,60.11322132409314,76.98300338378336
61.5134382058601,26.9828549755097,61.513438175765,57.3835164550626,61.51343815856472,70.07095629261012,61.51343813030972,76.67565865812378
62.94627025180611,26.83871334205222,62.94627022275159,57.14407147173598,62.9462702048921,69.79889418202838,62.94627017571373,76.36853742221427
64.41247724362186,26.69448574032762,64.41247721552305,56.90725921464963,64.41247719694543,69.52844600762444,64.41247716681883,76.06155737229794
65.91283658366314,26.55025523466831,65.91283655643009,56.67306757175935,65.91283653707548,69.25954343056624,65.91283650597666,75.75463524191335
67.44814378231273,26.40610499418119,67.4481437558505,56.44148008386223,67.44814373566039,68.99211642441615,67.44814370356603,75.44768678879166
69.01921287977036,26.26211808364059,69.01921285397927,56.21247608159708,69.01921283289562,68.72609335317607,69.01921279978299,75.14062677527757
70.62687687766774,26.11837724757871,70.62687685244326,55.98603082887404,70.62687683040875,68.46140104002748,70.62687679625591,74.83336894272371
72.27198818073698,25.97496468847766,72.27198815596995,55.76211567147801,72.27198813292804,68.19796482664051,72.27198809771372,74.5258259803385
73.95541904876688,25.83196184007029,73.95541902434374,55.54069818958475,73.95541900023888,67.93570862299507,73.95541896394242,74.21790948898597
75.6780620590865,25.68944913685299,75.67806203488963,55.321742352939,75.67806200966731,67.67455494771794,75.67806197226868,73.90952994046408
77.44083057982181,25.54750578100434,77.44083055572938,55.10520867744647,77.44083052933642,67.41442495900471,77.4408304908162,73.60059663280151
79.24465925417509,25.40620950798981,79.2446592300618,54.89105438197183,79.24465920244609,67.15523847625973,79.24465916278548,73.29101764213033
81.09050449598566,25.26563635220779,81.09050447172248,54.67923354415366,81.09050444283349,66.8969139926357,81.09050440201426,72.98069977171014
82.97934499683282,25.12586041409864,82.97934497228742,54.46969725410472,82.97934494207632,66.63936867871836,82.97934490008069,72.66954849868686
84.91218224495124,24.9869536301928,84.91218221998855,54.26239376490268,84.91218218840757,66.3825183776444,84.91218214521855,72.35746791918501
86.89004105623312,24.84898554761427,86.89004103071518,54.05726863884628,86.8900409977186,66.12627759199502,86.89004095331941,72.04436069233689
88.91397011759915,24.71202310458153,88.91397009138609,53.85426488850597,88.9139700569295,65.8705594628463,88.91397001130436,71.73012798386581
90.98504254302658,24.57613041845766,90.9850425159765,53.65332311167537,90.98504248001734,65.61527574140686,90.98504243315077,71.41466940984337
93.10435644252821,24.44136858289448,93.10435641449754,53.45438161939737,93.104356376995,65.36033675370091,93.10435632887196,71.0978829812493
95.2730355043845,24.30779547558819,95.27303547522862,53.25737655631772,95.27303543614336,65.1056513587997,95.27303538674974,70.77966504996452
97.49222959093861,24.17546557812143,97.49222956051253,53.06224201270376,97.49222951980697,64.8511269011338,97.49222946912893,70.45991025684161
99.76311534826839,24.04442980930211,99.76311531642673,52.86891012753942,99.76311527406465,64.59666915744455,99.76311522208955,70.13851148249016
102.0868968300595,23.91473537332814,102.086896796657,52.6773111822008,102.0868967526041,64.34218227896356,102.0868966993198,69.815359801429
104.4648061360111,23.78642562400649,104.4648061009031,52.48737368429136,104.4648060551269,64.08756872943555,104.4648060005217,69.49034444025764
106.898104065111,23.65953994613655,106.8981040281541,52.29902444131029,106.8981039806232,63.83272921961491,106.8981039246868,69.16335274050574
109.3880807841279,23.53411365503379,109.3880807451805,52.11218862389961,109.3880806958654,63.57756263889339,109.3880806385882,68.83427012682557
111.9360565116756,23.41017791502002,111.9360564705981,51.92678981850875,111.9360564194708,63.3219659847304,111.9360563608444,68.50298008119775
114.5433822182096,23.28775967754307,114.5433821748651,51.7427500693892,114.543382121899,63.06583429057414,114.5433820619161,68.16936412383073
117.2114403423301,23.16688163941585,117.2114402965847,51.55998990991296,117.2114402417548,62.8090605529784,117.2114401804093,67.83330180143966
119.941645523769,23.0475622214805,119.9416454754925,51.37842838328483,119.9416454187751,62.55153565862886,119.9416453560625,67.49467068360245
122.7354453534504,22.92981556781498,122.7354453025166,51.19798305279188,122.7354452438899,62.29314831201149,122.735445179807,67.15334636789997
125.5943211410232,22.81365156540718,125.5943210873103,51.01857000180545,125.594321026754,62.03378496446163,125.5943209612997,66.80920249455998
128.5197887002703,22.69907588402598,128.5197886436615,50.84010382381425,128.5197885811569,61.77332974534401,128.5197885143313,66.46211077133843
131.5133991528137,22.586090035829,131.5133990931979,50.66249760283856,131.513399028728,61.51166439612884,131.5133989605335,66.11194100938741
134.5767397505397,22.47469145405918,134.576739687811,50.48566288462768,134.5767396213605,61.2486682081318,134.5767395518016,65.75856117087112
137.7114347171806,22.36487359000217,137.7114346512397,50.30950963910806,137.7114345827951,60.9842179647047,137.7114345118783,65.40183742911634
140.9191461094995,22.25662602720796,140.9191460402536,50.13394621459523,140.9191459698036,60.71818788866756,140.9191458975377,65.04163424209574
144.2015746985358,22.14993461182311,144.2015746258985,49.95887928433929,144.2015745534336,60.45044959578411,144.20157447983,64.67781444006886
147.5604608713754,22.04478159773662,147.5604607952677,49.7842137860154,147.5604607207806,60.18087205510351,147.560460645853,64.31023932822173
150.9975855539274,21.94114580511816,150.9975854742776,49.6098528548162,150.9975853977639,59.90932155699006,150.997585321528,63.93876880517431
154.5147711551947,21.83900279081688,154.5147710719388,49.43569775083845,154.514770993396,59.63566168968696,154.5147709158709,63.56326149824354
158.1138825335397,21.73832502900282,158.113882446621,49.26164778149756,158.1138823660498,59.35975332527288,158.1138822872563,63.18357491637491
161.7968279854561,21.63908210036148,161.7968278948264,49.08760021973065,161.7968278122297,59.081454615883,161.796827732191,62.7995656216825
165.5655602573737,21.54124088810585,165.5655601629923,48.91345021878141,165.5655600783762,58.80062100108771,165.5655599971184,62.41108942055343
169.4220775810299,21.44476577904035,169.4220774828642,48.73909072438273,169.4220773962382,58.51710522734257,169.4220773137888,62.01800157530366
173.3684247329591,21.3496188679064,173.3684246309847,48.56441238518115,173.3684245423609,58.23075738043952,173.3684244587495,61.62015703738591
177.4066941186597,21.25576016324977,177.4066940128603,48.38930346226355,177.4066939222547,57.94142493191755,177.4066938375115,61.21741070317371
181.5390268820157,21.16314779308417,181.539026772383,48.21364973866441,181.5390266798142,57.64895280041261,181.5390265939711,60.80961769335823
185.767614040559,21.07173820867438,185.7676139270927,48.03733442975115,185.7676138325831,57.35318342895302,185.7676137456719,60.39663365700843
190.0946976471762,20.98148638483151,190.0946975298841,47.86023809539434,190.0946974334593,57.05395687923725,190.0946973455109,59.97831510134958
194.5225719788749,20.8923460151948,194.5225718577723,47.68223855484504,194.5225717594604,56.75111094395391,194.522571670505,59.55451974831685
199.0535847532389,20.80426970107353,199.0535846283492,47.50321080524688,199.0535845281808,56.44448127824275,199.0535844382468,59.12510691893097
203.6901383732201,20.71720913253112,203.690138244573,47.32302694472451,203.690138142582,56.13390155141781,203.6901380516934,58.6899379465299
208.4346912009227,20.63111526051638,208.4346910685566,47.14155610099349,208.4346909647776,55.8192036201121,208.4346908729545,58.24887661985584
213.2897588610615,20.54593845897404,213.2897587250204,46.95866436644557,213.2897586194897,55.50021772403242,213.2897585267456,57.80178965696244
218.2579155747777,20.46162867600689,218.2579154351121,46.77421474066895,218.2579153278658,55.17677270554391,218.2579152342067,57.3485472108434
223.3417955245243,20.37813557330198,223.3417953812911,46.58806708136833,223.3417952723651,54.8486962543364,223.3417951777878,56.88902340760895
228.544094250747,20.2954086531799,228.5440941040084,46.40007806465916,228.5440939934358,54.51581517844981,228.544093897925,56.42309691794644
233.8675700810928,20.21339737277435,233.8675699309148,46.21010115571259,233.8675698187258,54.17795570296872,233.8675697222537,55.95065156246293
239.3150455929129,20.13205124499597,239.315045439366,46.0179865907379,239.3150453255848,53.83494379770852,239.3150452281071,55.47157695137413
244.88940910983,20.05131992608077,244.8894089529874,45.82358137129579,244.8894088376311,53.48660553524633,244.8894087390862,54.98576915880338
250.5936162331662,19.9711532896659,250.5936160731029,45.62672927194909,250.5936159561787,53.13276748064941,250.5936158564848,54.49313143173966
256.4306914090416,19.89150148747209,256.4306912458319,45.42727086226181,256.4306911273343,52.77325711426885,256.4306910263874,53.99357493343167
262.4037295319749,19.81231499680392,262.4037293656923,45.22504354417751,262.4037292456002,52.40790328895794,262.4037291432721,53.48701952067307
268.5158975858382,19.73354465520094,268.5158974165527,45.01988160581737,268.5158972948256,52.03653672305681,268.5158971909614,52.97339455406406
274.7704363230335,19.6551416826859,274.7704361508088,44.81161629275777,274.7704360273835,51.65899053046631,274.7704359218013,52.45263973988015
281.170661982782,19.57705769215953,281.1706618076734,44.60007589786673,281.1706616824595,51.27510078907966,281.1706615749489,51.92470600166793
287.7199680494381,19.49924468858053,287.719967871489,44.38508587079482,287.7199677443647,50.88470714879199,287.7199676346858,51.38955637907932
294.4218270517605,19.42165505764833,294.4218268709985,44.16646894825153,294.421826741805,50.48765348021454,294.4218266296906,50.84716695075313
301.2797924040908,19.34424154476871,301.2797922205246,43.94404530620722,301.2797920890615,50.08378856512304,301.2797919742185,50.29752777724331
308.2975002904235,19.26695722513229,308.2975001040363,43.71763273520655,308.2974999700557,49.67296682953161,308.2974998521688,49.74064385905786
315.4786715923564,19.18975546576866,315.4786714031018,43.48704683999879,315.478671266303,49.25504912011552,315.4786711450403,49.17653610380167
322.8271138619519,19.11258988045882,322.8271136697477,43.25210126472754,322.8271135297714,48.82990352450678,322.827113404792,48.60524229519027
330.3467233405532,19.03541427838931,330.3467231452731,43.01260794495464,330.3467230016954,48.39740623573086,330.3467228726615,48.02681805530433
338.0414870246198,18.95818260742147,338.0414868260867,42.76837738783462,338.041486678415,47.95744246076581,338.0414865450035,47.44133778987479
345.9154847796877,18.88084889281951,345.9154845776654,42.51921898178365,345.9154844253318,47.50990737284266,345.9154842872549,46.84889560458792
353.9728915035687,18.80336717224131,353.9728912977511,42.26494133703574,353.9728911401101,47.05470710669253,353.9728909971359,46.24960617839511
362.2179793399345,18.72569142774118,362.2179791299352,42.00535265850699,362.2179789662608,46.59175979545599,362.2179788182401,45.64360557754024
370.6551199434657,18.64777551546659,370.655119728806,41.74026115243029,370.6551195582901,46.1209966473941,370.65511940519,45.03105199150765
379.2887867977583,18.56957309365836,379.288786577856,41.46947546825725,379.2887863996092,45.64236305986962,379.2887862415504,44.41212636929696
388.1235575872276,18.49103754947627,388.1235573613811,41.19280517735365,388.1235571744373,45.15581976730243,388.123557011737,43.78703293135879
397.1641166242528,18.41212192508763,397.1641163916273,40.91006129004304,397.164116194952,44.661344018897,397.1641160281738,43.15599952916342
406.4152573328649,18.33277884336019,406.4152570924755,40.62105681257689,406.4152568849767,44.15893078092216,406.4152567149832,42.5192778207386
415.8818847902817,18.25296043341215,415.8818845409763,40.3256073456139,415.8818843215227,43.64859395714099,415.8818841495363,41.87714322660536
425.5690183276436,18.1726182561802,425.5690180680855,40.02353172580615,425.5690178355298,43.13036761965061,425.5690176631913,41.22989462641311
435.4817941913328,18.09170323008312,435.4817939199797,39.71465271206687,435.4817936731914,42.60430724085876,435.4817935026222,40.57785375226224
445.6254682662745,18.01016555678185,445.6254679813593,39.39879771807071,445.6254677192644,42.07049091560473,445.625467553124,39.92136423029441
456.0054188626789,17.92795464697291,456.0054185621897,39.07579959249064,456.0054182838239,41.52902056047808,456.0054181253605,39.26079021772883
466.6271495676928,17.84501904609871,466.6271492493505,38.74549744839253,466.6271489539204,40.98002307521438,466.6271488070089,38.59651457827571
477.4962921634724,17.76130635982475,477.4962918247099,38.40773754310739,477.4962915116704,40.42365144860592,477.4962913808315,37.92893653494789
488.6186096132301,17.67676317911454,488.61860925117,38.06237420974826,488.6186089203167,39.86008578867456,488.6186088107047,37.25846873598162
499.9999991168407,17.59133500473675,499.9999987282764,37.70927084134912,499.999998379851,39.28953425388048,499.9999982972108,36.58553366708252