waveVsWave(?x (OS("/M0" "is") / 2e-06) ?y (OS("/M0" "gds") / OS("/M0" "is"))) (L=1.8e-07) X,waveVsWave(?x (OS("/M0" "is") / 2e-06) ?y (OS("/M0" "gds") / OS("/M0" "is"))) (L=1.8e-07) Y,waveVsWave(?x (OS("/M0" "is") / 2e-06) ?y (OS("/M0" "gds") / OS("/M0" "is"))) (L=3.6e-07) X,waveVsWave(?x (OS("/M0" "is") / 2e-06) ?y (OS("/M0" "gds") / OS("/M0" "is"))) (L=3.6e-07) Y,waveVsWave(?x (OS("/M0" "is") / 2e-06) ?y (OS("/M0" "gds") / OS("/M0" "is"))) (L=5.4e-07) X,waveVsWave(?x (OS("/M0" "is") / 2e-06) ?y (OS("/M0" "gds") / OS("/M0" "is"))) (L=5.4e-07) Y,waveVsWave(?x (OS("/M0" "is") / 2e-06) ?y (OS("/M0" "gds") / OS("/M0" "is"))) (L=7.2e-07) X,waveVsWave(?x (OS("/M0" "is") / 2e-06) ?y (OS("/M0" "gds") / OS("/M0" "is"))) (L=7.2e-07) Y
0.0004999223157280791,0.6667188844484687,0.0005000165462243068,0.3981899178269145,0.0004998943846703101,0.3092434404488347,0.0005004546075616837,0.2655795395120076
0.0005115364625581172,0.6641196249255638,0.0005115385914372117,0.3969198436349958,0.0005115354051486679,0.3084044263518369,0.000511533283098356,0.2649604718997293
0.0005234537981434214,0.661536845412989,0.0005234559253792863,0.3956503691359329,0.0005234527356227729,0.3075751492188023,0.0005234506141007932,0.2643172459451385
0.0005356487341343517,0.6589774644773052,0.0005356508591509263,0.3943951335210583,0.0005356476666161338,0.3067557763845287,0.0005356455424608935,0.2636819667511072
0.0005481277368771969,0.6564411503162652,0.0005481298596469056,0.3931538751040383,0.0005481266643092365,0.3059461110557238,0.0005481245375001849,0.2630544682415829
0.0005608974231388599,0.6539275776213077,0.0005608995436335586,0.3919263383496986,0.0005608963454681092,0.3051459610369272,0.0005608942159845002,0.2624345883906946
0.0005739645638105798,0.651436427367778,0.0005739666820015053,0.3907122736152788,0.0005739634809830753,0.3043551385936413,0.0005739613488040099,0.2618221689352204
0.0005873360874978723,0.6489673866534444,0.0005873382033556889,0.389511436978386,0.0005873349994587799,0.3035734603221477,0.0005873328645631942,0.2612170552649801
0.0006010190841942237,0.6465201485420614,0.0006010211976890086,0.3883235900707587,0.0006010179908878202,0.3028007470235765,0.000601015853254488,0.2606190963168269
0.0006150208090402896,0.6440944119117866,0.0006150229201415106,0.3871484999175886,0.0006150197104099586,0.3020368235821579,0.0006150175700174943,0.2600281444720362
0.0006293486861706414,0.6416898813083176,0.0006293507948471882,0.3859859387821914,0.0006293475821588886,0.3012815188473851,0.0006293454389857587,0.2594440554570329
0.0006440103126501836,0.6393062668025312,0.0006440124188703371,0.3848356840158683,0.0006440092031986146,0.3005346655200739,0.0006440070572231352,0.2588666882472673
0.0006590134625021662,0.6369432838525011,0.0006590155662336305,0.3836975179126822,0.0006590123475515165,0.2997961000420635,0.0006590101987518493,0.2582959049741925
0.0006743660908301404,0.6346006531696987,0.0006743681920400021,0.3825712275690555,0.0006743649703202479,0.2990656624895114,0.0006743628186744055,0.2577315708351929
0.0006900763380357811,0.6322781005892786,0.0006900784366905472,0.3814566047479211,0.0006900752119056124,0.2983431964695721,0.0006900730573914674,0.2571735540063259
0.0007061525341350986,0.6299753569442472,0.0007061546302006791,0.3803534457473261,0.0007061514023227369,0.2976285490203966,0.0007061492449180307,0.2566217255578638
0.0007226032031751202,0.6276921579434241,0.0007226052966168143,0.3792615512732652,0.000722602065617763,0.2969215705143114,0.0007225999053000791,0.2560759593724166
0.000739437067753411,0.6254282440530383,0.0007394391585359131,0.3781807263166586,0.0007394359243873779,0.2962221145640112,0.0007394337611341812,0.255536132065658
0.0007566630536429376,0.6231833603818434,0.0007566651417303597,0.3771107800342282,0.0007566619044036784,0.2955300379317783,0.0007566597381922898,0.2550021229094754
0.0007742902945246317,0.6209572565696125,0.0007742923798804895,0.3760515256332107,0.0007742891393467268,0.2948452004414767,0.0007742869701543513,0.2544738137574987
0.0007923281368302075,0.6187496866789217,0.0007923302194173954,0.3750027802597285,0.0007923269756473479,0.2941674648933087,0.0007923248034510565,0.2539510889729163
0.0008107861446977044,0.6165604090900884,0.000810788224478539,0.3739643648906901,0.0008107849774427373,0.2934966969812235,0.0008107828022194733,0.2534338353584796
0.000829674105042603,0.6143891863991584,0.0008296761819787822,0.372936104229077,0.0008296729316474799,0.2928327652128757,0.0008296707533740884,0.2529219420886576
0.0008490020327468993,0.6122357853188534,0.0008490041067995253,0.3719178266025457,0.0008490008531427287,0.292175540831983,0.0008489986717959125,0.2524153006437815
0.0008687801759691645,0.6100999765823566,0.0008687822470987519,0.3709093638651496,0.000868778990086191,0.2915248977431451,0.0008687768056425695,0.2519138047462577
0.0008890190215782804,0.6079815348498491,0.0008890210897447237,0.369910551302144,0.0008890178293458846,0.2908807124388602,0.0008890156417819494,0.2514173502985883
0.0009097293007136677,0.6058802386177159,0.0009097313658762631,0.3689212275376987,0.0009097281020603695,0.2902428639288073,0.0009097259113525232,0.2509258353232786
0.0009309219944750843,0.6037958701303128,0.000930924056592542,0.36794123444546,0.0009309207893285781,0.2896112336712079,0.0009309185954531118,0.2504391599045502
0.0009526083397449968,0.6017282152942205,0.0009526103987754162,0.366970417061854,0.0009526071280321009,0.2889857055062575,0.0009526049309652256,0.2499572261316668
0.0009747998351464763,0.5996770635948968,0.0009748018910473576,0.3660086235019945,0.0009747986167931807,0.2883661655915519,0.0009747964165110027,0.2494799380440121
0.0009975082471399379,0.5976422080156588,0.0009975102998681863,0.3650557048781679,0.0009975070220713841,0.2877525023393903,0.000997504818549937,0.2490072015776961
0.001020745616261888,0.5956234449589013,0.001020747665773798,0.3641115152207511,0.001020744384402383,0.2871446063559469,0.00102074217761761,0.2485389245137292
0.001044524263508924,0.593620574169492,0.001044526309760209,0.3631759114014915,0.001044523024781962,0.2865423703822054,0.001044520814709734,0.2480750164276796
0.001068856796870568,0.591633398660264,0.001068858839816343,0.3622487530590996,0.001068855551198814,0.2859456892366091,0.001068853337814926,0.2476153886407273
0.001093756118014164,0.5896617246395458,0.001093758157608921,0.3613299025270124,0.001093754865319428,0.2853544597594018,0.001093752648599615,0.2471599541721447
0.001119235429125429,0.5877053614406558,0.001119237465323107,0.3604192247632961,0.001119234169328755,0.2847685807585124,0.001119231949248684,0.2467086276930812
0.001145308239908579,0.5857641214532925,0.001145310272662483,0.3595165872826324,0.001145306972930171,0.2841879529570285,0.001145304749465459,0.2462613254816565
0.001171988374749201,0.5838378200567806,0.001171990404012083,0.3586218600902333,0.001171987100508495,0.283612478942147,0.001171984873634697,0.2458179653792731
0.001199289980044279,0.5819262755550875,0.001199292005768257,0.3577349156177201,0.00119928869845986,0.2830420631155594,0.0011992864681525,0.2453784667481416
0.001227227531702636,0.5800293091135785,0.001227229553839274,0.3568556286608316,0.001227226242692341,0.2824766116452436,0.001227224008926902,0.2449427504299698
0.001255815842820384,0.5781467446974307,0.001255817861320651,0.3559838763189149,0.001255814546301264,0.2819160324185909,0.001255812309053185,0.2445107387057585
0.001285070071534974,0.5762784090116715,0.001285072086349239,0.3551195379361657,0.001285068767423291,0.2813602349968213,0.001285066526667979,0.2440823552566657
0.001315005729062219,0.5744241314427937,0.00131500774014029,0.3542624950444949,0.001315004417273483,0.2808091305706725,0.001315002172986344,0.2436575251259643
0.001345638687920613,0.5725837440018746,0.001345640695211695,0.3534126313080552,0.001345637368369557,0.2802626319172707,0.00134563512052597,0.2432361746819046
0.001376985190347057,0.5707570812691798,0.001376987193799796,0.3525698324692843,0.001376983862947685,0.2797206533582282,0.001376981611523014,0.2428182315816992
0.00140906185690882,0.5689439803401808,0.001409063856471266,0.3517339862964756,0.001409060521574372,0.2791831107187875,0.001409058266543981,0.2424036247362583
0.001441885695315875,0.5671442807729703,0.001441887690935516,0.3509049825327976,0.00144188435195886,0.2786499212881375,0.001441882093298126,0.2419922842760198
0.001475474109438691,0.5653578245370011,0.001475476101062443,0.3500827128467131,0.001475472757970904,0.2781210037807402,0.001475470495655196,0.2415841415174854
0.001509844908535952,0.5635844559631376,0.001509846896110174,0.3492670707837545,0.00150984354886847,0.2775962782986777,0.001509841282873187,0.2411791289307347
0.001545016316697283,0.5618240216949559,0.001545018300167756,0.3484579517196397,0.001545014948740485,0.277075666295017,0.001545012679041046,0.2407771801076635
0.001581006982505913,0.560076370641266,0.001581008961817863,0.3476552528146062,0.001581005606169464,0.2765590905380799,0.001581003332741336,0.2403782297310341
0.001617835988926362,0.5583413539298283,0.001617837964024473,0.3468588729690279,0.001617834604119262,0.2760464750766748,0.001617832326937929,0.2399822135443284
0.001655522863422522,0.5566188248622045,0.001655524834250908,0.3460687127801839,0.001655521470053105,0.2755377452061979,0.001655519189094105,0.2395890683222443
0.00169408758831138,0.5549086388697285,0.001694089554813595,0.3452846745001887,0.001694086186287295,0.2750328274355881,0.001694083901526214,0.2391987318419824
0.00173355061135785,0.55321065347056,0.001733552573476937,0.3445066619950203,0.001733549200586112,0.27453164945513,0.00173354691199861,0.2388111428551733
0.001773932856616502,0.5515247282277853,0.001773934814294959,0.343734580704643,0.001773931437003515,0.2740341401050373,0.001773929144565313,0.2384262410604632
0.001815255735525807,0.5498507247085266,0.001815257688705561,0.3429683376041548,0.001815254306977303,0.273540229344846,0.00181525201066419,0.2380439670767548
0.001857541158260631,0.5481885064440576,0.00185754310688313,0.3422078411659318,0.001857539720681773,0.2730498482235142,0.001857537420469645,0.2376642624170397
0.001900811545349478,0.5465379388908543,0.001900813489355622,0.3414530013227692,0.001900810098644831,0.2725629288502753,0.001900807794509651,0.2372870694628325
0.001945089839562013,0.5448988893925939,0.001945091778892171,0.3407037294319302,0.001945088383635523,0.2720794043661837,0.001945086075553379,0.2369123314391885
0.001990399518073655,0.5432712271430514,0.001990401452667727,0.3399599382401419,0.001990398052828765,0.2715992089163435,0.001990395740775841,0.2365399923902428
0.002036764604913584,0.5416548231498639,0.002036766534710906,0.339221541849437,0.002036763130253129,0.2711222776227777,0.002036760814205715,0.2361699971553051
0.0020842096837024,0.5400495501991642,0.002084211608641868,0.338488455683865,0.002084208199528728,0.2706485465579309,0.002084205879463275,0.2358022913454647
0.002132759910686914,0.5384552828210203,0.002132761830706887,0.337760596457033,0.002132758416901817,0.2701779527188132,0.002132756092794892,0.2354368213206785
0.00218244102807818,0.5368718972556978,0.002182442943116529,0.3370378821404222,0.002182439524582953,0.2697104340016813,0.002182437196411259,0.2350735341673474
0.002233279377700328,0.5352992714206876,0.002233281287694508,0.3363202319324954,0.002233277864395819,0.2692459291773311,0.002233275532136203,0.2347123776763585
0.002285301914957509,0.5337372848784957,0.002285303819844433,0.3356075662285524,0.002285300391744057,0.2687843778669476,0.002285298055373558,0.2343533003215418
0.002338536223125827,0.5321858188051747,0.002338538122841992,0.3348998065912894,0.002338534689903362,0.2683257205184367,0.002338532349399167,0.2339962512386052
0.002393010527978523,0.5306447559595605,0.002393012422459923,0.3341968757220792,0.002393008984646513,0.2678698983833304,0.002393006639985976,0.233641180204444
0.002448753712751497,0.5291139806532112,0.002448755601933709,0.3334986974329096,0.002448752159209002,0.2674168534941673,0.002448749810369697,0.2332880376168566
0.002505795333457678,0.5275933787210211,0.00250579721727587,0.3328051966190019,0.002505793769603404,0.2669665286423316,0.002505791416563079,0.2329367744746633
0.002564165634558015,0.5260828374924867,0.002564167512946916,0.3321162992320351,0.002564164060290259,0.266518867356403,0.0025641617030269,0.2325873423581751
0.002623895564997493,0.524582245763612,0.002623897437891334,0.3314319322540064,0.002623893980214198,0.2660738138809203,0.002623891618705949,0.2322396934100535
0.002685016794614549,0.5230914937694415,0.002685018661947263,0.3307520236716704,0.002685015199213388,0.2656313131555873,0.002685012833438644,0.2318937803164766
0.002747561730933053,0.5216104731571829,0.002747563592638119,0.3300765024515691,0.002747560124811332,0.2651913107949225,0.002747557754748743,0.2315495562886682
0.002811563536345032,0.5201390769599249,0.002811565392355538,0.3294052985156096,0.002811561919399823,0.2647537530682678,0.002811559545028241,0.2312069750447439
0.002877056145693889,0.5186771995709261,0.002877057995942584,0.3287383427171752,0.002877054517821985,0.2643185868802564,0.002877052139120526,0.2308659907918816
0.002944074284267142,0.51722473671845,0.002944076128686354,0.3280755668177773,0.002944072645365059,0.2638857597515778,0.00294407026231311,0.2305265582087683
0.00301265348620808,0.5157815854411486,0.003012655324729825,0.3274169034641941,0.003012651836172198,0.2634552198001983,0.003012649448749379,0.2301886324283708
0.00308283011335662,0.5143476440639611,0.003082831945912552,0.3267622861661051,0.003082828452083074,0.2630269157228723,0.003082826060269326,0.2298521690209606
0.003154641374528725,0.5129228121745277,0.003154643201050197,0.3261116492742029,0.003154639701913513,0.2626007967770246,0.003154637305689009,0.2295171239774543
0.003228125345245018,0.5115069906000974,0.003228127165663048,0.3254649279587636,0.003228123661184028,0.2621768127629579,0.003228121260529266,0.2291834536929688
0.003303320987919035,0.51010008138492,0.00330332280216432,0.3248220581886518,0.003303319292307988,0.2617549140063934,0.003303316887203773,0.2288511149506789
0.003380268172515455,0.508701987768105,0.003380269980518429,0.3241829767107679,0.003380266465249999,0.2613350513413226,0.003380264055677425,0.2285200649059083
0.003459007697689745,0.5073126141619347,0.003459009499380563,0.3235476210299049,0.003459005978665531,0.2609171760931238,0.003459003564606013,0.22819026107047
0.003539581312420242,0.505931866130627,0.003539583107728794,0.322915929389008,0.0035395795815328,0.2605012400620504,0.003539577162968078,0.2278616612972409
0.003622031738143875,0.5045596503695217,0.003622033526999795,0.3222878407498311,0.003622029995288816,0.260087195506914,0.003622027572200914,0.2275342237649627
0.003706402691407664,0.5031958746847004,0.003706404473740385,0.3216632947739603,0.003706400936480606,0.2596749951291156,0.003706398508851929,0.2272079069632918
0.003792738907047959,0.5018404479729958,0.003792740682786661,0.321042231804217,0.003792737139944536,0.259264592056899,0.00379273470775786,0.2268826696780477
0.003881086161909228,0.5004932802024173,0.003881087930982921,0.3204245928464042,0.00388108438252519,0.2588559398298799,0.003881081945763567,0.2265584709766957
0.003971491299115664,0.4991542823929538,0.003971493061453178,0.319810319551409,0.003971489507346927,0.2584489923838369,0.003971487065993787,0.226235270194029
0.004064002252908084,0.4978233665977512,0.004064004008438079,0.3191993541976187,0.004064000448650602,0.2580437040357377,0.004063998002689759,0.2259130269180761
0.004158668074059116,0.4965004458846637,0.004158669822710088,0.3185916396736844,0.004158666257209126,0.2576400294689936,0.004158663806624743,0.2255917009761956
0.004255538955880816,0.4951854343181554,0.004255540697581124,0.317987119461576,0.004255537126334681,0.2572379237189851,0.004255534671111266,0.2252712524213982
0.004354666260837566,0.4938782469415512,0.004354667995515508,0.3173857376199571,0.004354664418491935,0.2568373421587656,0.004354661958614406,0.2249516415188603
0.004456102547779342,0.4925787997596247,0.004456104275363078,0.3167874387678386,0.004456100692531135,0.2564382404850244,0.004456098227984754,0.2246328287326318
0.004559901599808989,0.4912870097215133,0.004559903320226634,0.3161921680685338,0.004559899731555427,0.2560405747042629,0.004559897262325838,0.2243147747125579
0.004666118452798819,0.4900027947039561,0.004666120165978446,0.3155998712138714,0.004666116571437465,0.2556443011191701,0.004666114097510683,0.223997440281385
0.004774809424571337,0.488726073494836,0.004774811130440906,0.315010494408697,0.004774807530000054,0.2552493763152092,0.004774805051362496,0.2236807864220841
0.004886032144759539,0.4874567657770333,0.004886033843247111,0.3144239843556227,0.004886030236876696,0.2548557571474297,0.004886027753515168,0.22336477426536
0.004999845585363282,0.4861947921125646,0.004999847276396827,0.3138402882400276,0.004999843664067584,0.2544634007274606,0.004999841175969189,0.2230493650773683
0.005116310092016534,0.4849400739270145,0.005116311775524105,0.3132593537153234,0.005116308157207226,0.2540722644107131,0.005116305664359547,0.2227345202476351
0.005235487415983885,0.4836925334942401,0.005235489091893566,0.3126811288884291,0.005235485467560658,0.2536823057837801,0.005235482969951598,0.2224202012771778
0.005357440746901559,0.4824520939213516,0.005357442415141535,0.3121055623055077,0.005357438784764665,0.2532934826520318,0.005357436282382502,0.2221063697668301
0.00548223474628155,0.4812186791339542,0.005482236406780094,0.3115326029379137,0.005482232770331784,0.2529057530274018,0.005482230263165228,0.2217929874058057
0.005609935581796011,0.479992213861644,0.005609937234481472,0.3109622001683617,0.005609933591934768,0.2525190751163682,0.005609931079972788,0.2214800159604201
0.005740610962360211,0.4787726236237562,0.005740612607161086,0.3103943037773172,0.005740608958489458,0.2521334073081395,0.005740606441721498,0.2211674172630907
0.005874330174032548,0.4775598347153549,0.005874331810877603,0.309828863929593,0.005874328156055089,0.2517487081629995,0.005874325634470799,0.2208551532015246
0.006011164116751336,0.4763537741934591,0.006011165745569399,0.3092658311611435,0.006011162084570454,0.2513649364008867,0.006011159558159956,0.2205431857081378
0.006151185341926371,0.4751543698634941,0.0061511869626465,0.3087051563660819,0.006151183295446177,0.2509820508901366,0.006151180764199901,0.2202314767497276
0.006294468090907114,0.4739615502659707,0.006294469703458646,0.3081467907838642,0.006294466030032426,0.2506000106364288,0.006294463493941057,0.2199199883173495
0.006441088334346048,0.4727752446633807,0.00644108993865862,0.3075906859866877,0.006441086258982552,0.2502187747719314,0.006441083718037133,0.2196086824164916
0.006591123812479712,0.4715953830272951,0.006591125408483144,0.3070367938670672,0.006591121722533789,0.2498383025446314,0.006591119176725671,0.2192975210574466
0.006744654076347201,0.4704218960256826,0.00674465566397177,0.3064850666256045,0.006744651971726191,0.2494585533078851,0.006744649421047047,0.2189864662459887
0.00690176052996961,0.4692547150104054,0.006901762109145767,0.3059354567589267,0.006901758410581662,0.2490794865101476,0.006901755855023245,0.2186754799743024
0.007062526473511146,0.4680937720049298,0.007062528044169777,0.3053879170478199,0.007062524339265246,0.2487010616849275,0.007062521778819783,0.2183645242121791
0.00722703714744615,0.4669389996922109,0.007227038709518522,0.3048424005455294,0.007227034998252283,0.248323238440941,0.007227032432912114,0.2180535608985305
0.007395379777754707,0.4657903314027635,0.007395381331172526,0.3042988605662421,0.007395377613523776,0.2479459764524808,0.007395375043281539,0.2177425519331694
0.007567643622171094,0.4646477011029088,0.007567645166866508,0.3037572506737334,0.007567641442814982,0.2475692354500038,0.007567638867663326,0.2174314591689139
0.007743920017509245,0.4635110433831999,0.007743921553414872,0.3032175246701969,0.007743917822940863,0.2471929752109389,0.007743915242872766,0.217120244403996
0.007924302428090963,0.4623802934469992,0.007924303955139853,0.3026796365852348,0.007924300218224135,0.2468171555507342,0.0079242976332326,0.2168088693748215
0.008108886495301634,0.4612553870992385,0.008108888013427424,0.3021435406650306,0.008108884270051306,0.2464417363141177,0.008108881680129474,0.2164972957490323
0.008297770088300892,0.4601362607353167,0.008297771597437661,0.3016091913616797,0.008297767847583,0.2460666773666282,0.00829776525272409,0.2161854851189552
0.008491053355913882,0.4590228513301622,0.008491054855996371,0.3010765433226968,0.008491051099645458,0.2456919385863519,0.008491048499842767,0.2158733989953853
0.008688838779731587,0.4579150964274415,0.008688840270695199,0.3005455513806919,0.008688836507830802,0.2453174798559565,0.008688833903077538,0.2155609988017548
0.008891231228448131,0.4568129341289053,0.008891232710228736,0.3000161705432172,0.008891228940834137,0.244943261054967,0.008891226331123556,0.2152482458686911
0.009098338013463114,0.4557163030838844,0.009098339485997298,0.2994883559827877,0.009098335710056164,0.2445692420522934,0.009098333095381479,0.2149351014289614
0.009310268945779944,0.4546251424789118,0.00931027040900491,0.2989620630270736,0.00931026662650144,0.244195382699071,0.009310264006855647,0.2146215266128376
0.009527136394228879,0.4535393920274804,0.009527137848082529,0.2984372471492626,0.009527134059001328,0.243821642821756,0.00952713143437732,0.2143074824438826
0.009749055345046449,0.4524589919599253,0.009749056789467433,0.2979138639586141,0.009749052993793469,0.2434479822155478,0.009749050364183914,0.2139929298351668
0.009976143462842748,0.4513838830134331,0.009976144897770557,0.2973918691911713,0.009976141095489081,0.2430743606380733,0.009976138460886564,0.2136778295859424
0.010208521152989,0.4503140064221652,0.01020852257836363,0.2968712187006758,0.01020851876946036,0.2427007378034228,0.01020851612985688,0.213362142378778
0.01044631162545752,0.449249303907503,0.01044631304121992,0.2963518684496542,0.01044630922568089,0.2423270733764963,0.0104463065810683,0.2130458287771544
0.01068964096014976,0.4481897176683993,0.01068964236624172,0.2958337745007017,0.01068963854405316,0.2419533269676736,0.01068963589442287,0.21272884922358
0.01093863817374543,0.4471351903718432,0.01093863957010935,0.2953168930079512,0.01093863574125785,0.2415794581278475,0.0109386330866007,0.2124111640381726
0.01119343528810875,0.4460856651434276,0.01119343667468809,0.2948011802087441,0.01119343283916028,0.2412054263437934,0.01119343017946677,0.2120927334177699
0.01145416740028831,0.445041085558018,0.01145416877702719,0.2942865924155003,0.01145416493481004,0.2408311910339219,0.01145416227006982,0.2117735174355761
0.01172097275414714,0.4440013956305246,0.01172097412099063,0.2937730860077949,0.01172097027207117,0.24045671154439,0.01172096760227351,0.211453476041323
0.01199399281366152,0.4429665398067652,0.01199399417055564,0.2932606174246487,0.01199399031492092,0.2400819471456189,0.01199398764005418,0.2111325690620069
0.01227337233792738,0.4419364629544241,0.01227337368481892,0.2927491431570294,0.01227336982245607,0.2397068570291964,0.01227336714250787,0.2108107562031609
0.01255925945791288,0.4409111103540981,0.01255926079474957,0.2922386197405811,0.01255925692564572,0.2393314003052014,0.01255925424060284,0.2104879970507271
0.01285180575499992,0.4398904276904342,0.01285180708173029,0.2917290037485832,0.01285180320587244,0.2389555359999367,0.0128518005157207,0.2101642510734856
0.01315116634135414,0.4388743610433492,0.01315116765792792,0.2912202517851416,0.01315116377530296,0.2385792230541081,0.01315116108002707,0.2098394776260991
0.01345749994216814,0.4378628568793291,0.01345750124853574,0.2907123204786248,0.01345749735913025,0.2382024203214505,0.01345749465871388,0.2095136359527498
0.01377096897981886,0.4368558620428159,0.01377097027593164,0.2902051664753467,0.01377096637973206,0.2378250865677975,0.01377096367415768,0.2091866851913875
0.01409173965998673,0.4358533237476625,0.01409174094579696,0.2896987464335148,0.01409173704278927,0.2374471804706302,0.0140917343320381,0.2088585843785978
0.01441998205977965,0.4348551895686695,0.01441998333524057,0.2891930170174351,0.01441997942541034,0.2370686606191001,0.01441997670946216,0.2085292924551118
0.01475587021791047,0.4338614074331929,0.01475587148297624,0.2886879348919932,0.01475586756630854,0.236689485514543,0.0147558648451417,0.2081987682719282
0.01509958222697441,0.4328719256128261,0.01509958348159994,0.2881834567174189,0.01509957955807936,0.2363096135715038,0.01509957683167064,0.2078669705970925
0.01545130032787622,0.4318866927151449,0.01545130157201746,0.287679539144341,0.01545129764162767,0.2359290031192534,0.01545129490995226,0.207533858123113
0.0158112110064568,0.4309056576755272,0.01581121224007044,0.2871761388091378,0.0158112083027945,0.2355476124038511,0.01581120556582579,0.2071993894750346
0.01617950509237006,0.4299287697490374,0.01617950631541377,0.2866732123296032,0.0161795023712338,0.2351653995907144,0.01617949962894324,0.2068635232191562
0.01655637786026387,0.4289559785023739,0.01655637907269611,0.2861707163009238,0.01655637512159321,0.2347823227677604,0.01655637237395036,0.2065262178724072
0.01694202913331705,0.4279872338058821,0.01694203033509694,0.285668607291987,0.01694202637705136,0.2343983399490643,0.0169420236240236,0.2061874319123773
0.01733666338918796,0.4270224858256312,0.01733666458027561,0.2851668418420255,0.01733666061526596,0.2340134090791072,0.01733665785681867,0.2058471237880017
0.01774048986843191,0.4260616850155478,0.0177404910487878,0.28466537645761,0.01774048707679186,0.2336274880375745,0.017740484312888,0.2055052519309035
0.01815372268544248,0.4251047821096194,0.01815372385502816,0.2841641676099972,0.01815371987602198,0.2332405346447283,0.01815371710662212,0.2051617747673794
0.01857658094197862,0.4241517281141496,0.01857658210075594,0.2836631717328469,0.0185765781147141,0.2328525066673745,0.01857657533977624,0.2048166507310437
0.01900928884333455,0.4232024743000788,0.01900928999126623,0.2831623452203172,0.01900928599816159,0.2324633618254065,0.01900928321764116,0.2044698382760951
0.01945207581721717,0.4222569721953607,0.01945207695426623,0.2826616444255418,0.01945207295406972,0.2320730577989383,0.01945207016791936,0.2041212958912439
0.01990517663539066,0.4213151735774018,0.01990517776152081,0.2821610256595143,0.01990517375420159,0.2316815522360507,0.01990517096237098,0.2037709821142404
0.02036883153815679,0.4203770304655594,0.02036883265333178,0.2816604451903731,0.02036882863885669,0.2312888027611268,0.0203688258412926,0.2034188555470443
0.02084328636173232,0.4194424951136975,0.02084328746591653,0.2811598592431094,0.02084328344425029,0.2308947669837922,0.02084328064089626,0.2030648748715806
0.02132879266859545,0.4185115200028051,0.02132879376175332,0.2806592239997024,0.02132878973285825,0.2304994025084618,0.02132878692365462,0.2027089988661133
0.02182560788086735,0.4175840578336756,0.02182560896296352,0.2801584955996906,0.02182560492679915,0.2301026669444989,0.02182560211168288,0.2023511864221763
0.02233399541680062,0.4166600615196442,0.02233399648779957,0.2796576301411988,0.02233399244432285,0.2297045179169736,0.02233398962322734,0.2019913965620949
0.02285422483044709,0.4157394841793965,0.02285422589031364,0.2791565836824139,0.02285422183947859,0.2293049130780268,0.02285421901233343,0.2016295884570438
0.02338657195457925,0.4148222791298282,0.02338657300327775,0.2786553122435373,0.02338656894503526,0.228903810118843,0.02338656611176666,0.2012657214456408
0.02393131904694047,0.4139083998789818,0.02393132008443498,0.2781537718092074,0.02393131601873274,0.2285011667822145,0.02393131317926251,0.200899755053062
0.02448875493990136,0.4129978001190449,0.02448875596615557,0.2776519183314136,0.02448875189293743,0.2280969408757094,0.02448874904718379,0.200531649010648
0.02505917519360269,0.4120904337194172,0.02505917620857962,0.2771497077329006,0.02505917212778648,0.227691090285414,0.02505916927566301,0.200161363275976
0.02564288225266539,0.4111862547198502,0.02564288325632762,0.2766470959110778,0.02564287916789597,0.2272835729902777,0.0256428763093123,0.199788858053399
0.02624018560655109,0.4102852173236604,0.02624018659885996,0.2761440387424363,0.02624018250272255,0.2268743470770094,0.02624017963758362,0.1994140938149944
0.02685140195365647,0.4093872758910156,0.02685140293457265,0.2756404920874889,0.02685139883065773,0.2264633707555562,0.02685139595886412,0.1990370313219226
0.02747685536923223,0.4084923849323023,0.02747685633871481,0.2751364117962288,0.02747685222694642,0.226050602375116,0.02747684934839382,0.1986576316461618
0.02811687747721055,0.407600499101576,0.02811687843521758,0.2746317537141207,0.02811687431551502,0.2256360004407138,0.02811687143009424,0.1982758561925874
0.02877180762603832,0.4067115731900933,0.02877180857252586,0.2741264736886301,0.02877180444480356,0.2252195236302836,0.02877180155240075,0.1978916667213667
0.02944199306860271,0.4058255621199333,0.02944199400352522,0.2736205275762905,0.02944198986769255,0.2248011308122765,0.0294419869681883,0.1975050253706498
0.03012778914634968,0.4049424209377165,0.03012779006965969,0.2731138712503177,0.03012778592562064,0.2243807810637611,0.03012778301889059,0.1971158946795192
0.0308295594776912,0.4040621048084112,0.03082956038933861,0.2726064606087745,0.03082955623699185,0.2239584336889991,0.03082955332290617,0.1967242376111586
0.03154767615079944,0.4031845690092495,0.03154767705073224,0.2720982515832804,0.03154767288997042,0.2235340482384896,0.03154766996839365,0.1963300175762288
0.03228251992089457,0.4023097689237435,0.03228252080905715,0.2715892001482825,0.03228251663976718,0.2231075845284507,0.03228251371055861,0.1959331984563958
0.03303448041212401,0.4014376600358148,0.03303448128845871,0.2710792623308764,0.03303447711052102,0.2226790026607142,0.03303447417353367,0.1955337446279999
0.03380395632414854,0.400568197924036,0.03380395718859359,0.2705683942211796,0.03380395300188257,0.2222482630430287,0.03380395005696388,0.1951316209858065
0.03459135564353627,0.399701338255999,0.03459135649602681,0.2700565519832631,0.03459135230040986,0.2218153264097331,0.03459134934740107,0.1947267929668313
0.03539709586008405,0.3988370367828036,0.03539709670055088,0.269543691866631,0.03539709249588834,0.2213801538427738,0.03539708953462496,0.1943192265741823
0.03622160418817447,0.3979752493336832,0.03622160501654471,0.2690297702182498,0.03622160080269028,0.2209427067930495,0.03622159783300116,0.1939088884008953
0.03706531779329254,0.3971159318107671,0.03706531860948811,0.2685147434951224,0.03706531438628775,0.2205029471020606,0.03706531140799536,0.1934957456537264
0.03792868402381482,0.3962590401839883,0.03792868482775337,0.2679985682774031,0.03792868059504512,0.2200608370238157,0.03792867760796584,0.1930797661768675
0.03881216064820035,0.3954045304861463,0.03881216143979366,0.2674812012820432,0.03881215719740823,0.2196163392469854,0.03881215420135128,0.1926609184755395
0.0397162160977054,0.3945523588081243,0.03971621687686004,0.2669625993769667,0.03971621262461965,0.2191694169172649,0.03971620961938802,0.1922391717394361
0.04064132971475178,0.393702481294276,0.04064133048136811,0.266442719595761,0.04064132621908679,0.2187200336599224,0.0406413232044763,0.191814495865989
0.04158799200708076,0.3928548541379839,0.04158799276105269,0.2659215191528791,0.0415879884885359,0.2182681536024921,0.04158798546433565,0.1913868614834082
0.04255670490782648,0.3920094335774041,0.04255670564904149,0.2653989554593347,0.04255670136608567,0.2178137413975906,0.04255669833207749,0.1909562399734581
0.04354798204164814,0.3911661758913934,0.04354798276998591,0.2648749861388911,0.04354797847637835,0.217356762245809,0.04354797543233734,0.1905226034939599
0.04456234899705963,0.3903250373956393,0.04456234971239215,0.2643495690447155,0.04456234540791118,0.2168971819186699,0.04456234235360471,0.1900859250009576
0.04560034360510441,0.3894859744389964,0.04560034430729564,0.263822662276493,0.04560033999170972,0.216434966781599,0.04560033692689786,0.1896461782705343
0.04666251622451999,0.3886489434000334,0.04666251691342503,0.2632942241979898,0.0466625125864929,0.21597008381688,0.04666250951092875,0.1892033379202375
0.04774943003354555,0.3878139006838076,0.04774943070901114,0.2627642134550326,0.04774942637048119,0.2155025006465648,0.04774942328390955,0.1887573794300795
0.04886166132852741,0.3869808027188704,0.04886166199038939,0.2622325889939065,0.04886165764000024,0.2150321855553039,0.04886165454215907,0.1883082791631003
0.04999979982947712,0.3861496059545152,0.0499998004775621,0.2616993100801358,0.04999979611504151,0.2145591075130485,0.04999979300566062,0.1878560143854276
0.05116444899275079,0.3853202668582744,0.0511644496268739,0.2611643363176362,0.05116444525193929,0.2140832361976197,0.05116444213074064,0.1874005632858494
0.0523562263310079,0.3844927419136779,0.0523562269509737,0.2606276276682143,0.05235622256333115,0.2136045420170792,0.05235621943002895,0.1869419049948313
0.05357576374062617,0.3836669876182827,0.05357576434622742,0.2600891444713925,0.05357575994557182,0.2131229961318826,0.05357575679987182,0.1864800196029825
0.05482370783674056,0.3828429604819796,0.05482370842775727,0.2595488474645403,0.05482370401377214,0.212638570476785,0.05482370085537291,0.1860148881789154
0.05610072029608681,0.3820206170255895,0.05610072087228613,0.2590066978032751,0.05610071644464359,0.2121512377824573,0.05610071327323496,0.1855464927865136
0.0574074782078321,0.3811999137797595,0.05740747876896768,0.2584626570821216,0.05740747432732784,0.2116609715967815,0.05740747114259163,0.1850748165015425
0.05874467443257713,0.3803808072841648,0.05874467497838808,0.2579166873553952,0.05874467052239855,0.2111677463057942,0.05874466732400836,0.1845998434276077
0.06011301796971678,0.3795632540870328,0.06011301849992809,0.2573687511582837,0.06011301402922527,0.2106715371542502,0.06011301081684569,0.1841215587114401
0.06151323433336588,0.3787472107449883,0.06151323484768609,0.2568188115280988,0.06151323036189307,0.2101723202657681,0.06151322713518143,0.183639948557473
0.06294606593703168,0.377932633823245,0.06294606643515442,0.2562668320256693,0.06294606193388197,0.2096700726625234,0.06294605869248612,0.1831550002417119
0.06441227248725517,0.3771194798961324,0.06441227296885603,0.2557127767568477,0.06441226845170188,0.20916477228448,0.06441226519526158,0.1826667021248697
0.06591263138641401,0.3763077055479887,0.06591263185115215,0.2551566103940973,0.06591262731770182,0.2086563980081033,0.06591262404584763,0.1821750436647565
0.06744793814491491,0.3754972673744129,0.06744793859243133,0.2545982981981278,0.0674479340422557,0.2081449296645524,0.06744793075461034,0.1816800154279075
0.06901900680298162,0.374688121983892,0.0690190072328974,0.2540378060395547,0.06901900266555516,0.2076303480573033,0.06901899936173206,0.1811816091004518
0.07062667036227004,0.3738802259998116,0.07062667077418777,0.2534751004205446,0.07062666618922357,0.2071126349791951,0.07062666286882693,0.1806798174981835
0.07227178122753668,0.3730735360628588,0.0722717816210388,0.2529101484964136,0.07227177701798329,0.2065917732288628,0.07227177368060954,0.1801746345758599
0.07395521165859648,0.3722680088338197,0.07395521203324383,0.2523429180971519,0.0739552074116144,0.206067746626538,0.07395520405685015,0.1796660554357029
0.07567785423280421,0.3714636009967897,0.07567785458813636,0.2517733777488392,0.07567784994743626,0.2055405400291979,0.07567784657485914,0.179154076335088
0.07744062231831228,0.3706602692627947,0.07744062265384637,0.2512014966949132,0.07744061799356435,0.205010139345035,0.07744061460274318,0.1786386946934435
0.07924445055835022,0.3698579703738332,0.07924445087357999,0.2506272449172694,0.07924444619319058,0.2044765315472332,0.07924444278368489,0.1781199090983348
0.08109029536678436,0.3690566611073492,0.08109029566118015,0.2500505931571496,0.0810902909601436,0.2039397046870343,0.0810902875315041,0.1775977193107414
0.08297913543522267,0.3682562982811373,0.08297913570822962,0.2494715129357889,0.08297913098599112,0.2033996479060726,0.08297912753775862,0.1770721262695339
0.08491197225192731,0.3674568387586858,0.08491197250296575,0.2488899765747936,0.08491196775895589,0.2028563514479664,0.08491196429066258,0.1765431320951378
0.08688983063282008,0.3666582394549661,0.08688983086128317,0.248305957216213,0.08688982609491791,0.2023098066691492,0.08688982260608624,0.1760107400923996
0.08891375926485064,0.3658604573426716,0.08891375947010544,0.2477194288422724,0.08891375468078554,0.2017600060489388,0.08891375117092824,0.1754749547526579
0.09098483126202543,0.3650634494589045,0.0909848314434115,0.2471303662947416,0.09098482663052276,0.2012069431988176,0.09098482309914369,0.1749357817550183
0.09310414473438727,0.3642671729123232,0.09310414489121517,0.2465387452939062,0.0931041400541274,0.2006506128709269,0.09310413650072102,0.1743932279668541
0.09527282337024705,0.363471584890742,0.09527282350179886,0.2459445424571046,0.09527281863986768,0.2000910109657661,0.0952728150639176,0.1738473014435199
0.09749201703197878,0.362676642669193,0.09749201713750552,0.2453477353168166,0.09749201225007054,0.1995281345390909,0.09749200865105168,0.1732980114273099
0.09976290236569071,0.3618823036184451,0.09976290244441424,0.2447483023382571,0.09976289753079848,0.1989619818079952,0.09976289390817587,0.1727453683456621
0.1020866834251,0.3610885252139852,0.1020866834762092,0.244146222936463,0.1020866785357221,0.1983925521561966,0.102086674888951,0.1721893838086066
0.1044645923099374,0.3602952650454537,0.1044645923325897,0.2435414774928363,0.1044645873645229,0.197819846138499,0.1044645836930482,0.1716300706055068
0.1068978898192217,0.359502480826537,0.1068978898125418,0.2429340473711233,0.1068978848161719,0.1972438654844478,0.1068978811194296,0.1710674427010601
0.1093878661197542,0.3587101304053177,0.1093878660828318,0.2423239149328004,0.1093878610574201,0.1966646131011801,0.1093878573348353,0.1705015152306211
0.1119358414301801,0.357918171775068,0.1119358413620723,0.2417110635518498,0.1119358363068629,0.1960820930754572,0.1119358325578504,0.1699323044948181
0.114543166720987,0.3571265630854904,0.1145431666207148,0.2410954776288957,0.1145431615349359,0.1954963106749058,0.1145431577589011,0.1693598279535189
0.1172112244308082,0.3563352626543976,0.1172112242973555,0.2404771426046854,0.1172112191802192,0.1949072723484547,0.1172112153765572,0.168784104219135
0.1199414291994058,0.3555442289798249,0.1199414290317228,0.2398560449728904,0.1199414238824248,0.194314985725982,0.1199414200505201,0.1682051530492937
0.1227352286177385,0.3547534207525629,0.1227352284147351,0.2392321722922156,0.1227352232324554,0.193719459617184,0.1227352193716814,0.167622995338895
0.1255941039954848,0.3539627968691119,0.1255941037560354,0.2386055131977929,0.1255940985399362,0.1931207040096684,0.1255940946496574,0.1670376531115744
0.1285195711464622,0.3531723164450337,0.1285195708693999,0.2379760574118504,0.1285195656186283,0.1925187300662898,0.1285195616981969,0.1664491495105907
0.1315131811923222,0.3523819388287048,0.1315131808764444,0.2373437957536287,0.1315131755901286,0.1919135501217248,0.1315131716388879,0.1658575087891461
0.1345765213849852,0.3515916236154457,0.1345765210290456,0.2367087201485592,0.1345765157062991,0.1913051776783262,0.1345765117235804,0.165262756300187
0.1377112159482136,0.3508013306620261,0.1377112155509267,0.2360708236366577,0.1377112101908457,0.1906936274012368,0.1377112061759696,0.1646649184856768
0.1409189269388021,0.3500110201015166,0.1409189264988417,0.2354301003801532,0.1409189211005047,0.19007891511281,0.1409189170527811,0.1640640228653746
0.1442013551278218,0.3492206523584872,0.1442013546438186,0.2347865456703267,0.1442013492062872,0.1894610577863228,0.144201345125016,0.1634600980251521
0.1475602409023871,0.348430188164526,0.1475602403729312,0.2341401559335613,0.1475602348952501,0.1888400735390285,0.1475602307797184,0.1628531736048411
0.1509973651884391,0.3476395885740635,0.1509973646120757,0.2334909287365911,0.150997359093273,0.1882159816245339,0.1509973549427571,0.1622432802856677
0.1545145503950102,0.3468488149804863,0.1545145497702408,0.2328388627909536,0.1545145442093263,0.1875888024245519,0.1545145400230928,0.1616304497772622
0.1581136613804912,0.3460578291325201,0.1581136607057738,0.2321839579566355,0.1581136551017411,0.1869585574400182,0.1581136508790435,0.1610147148042942
0.1617966064414048,0.3452665931508576,0.1617966057151533,0.2315262152449169,0.1617966000669768,0.1863252692816185,0.161796595807057,0.1603961090927344
0.1655653383242095,0.3444750695450188,0.1655653375447914,0.2308656368204108,0.1655653318514294,0.1856889616597231,0.1655653275535177,0.1597746673557729
0.1694218552606699,0.3436832212304132,0.1694218544264059,0.2302022260023012,0.1694218486867988,0.1850496593737644,0.1694218443501156,0.1591504252794139
0.1733682020273456,0.3428910115455853,0.1733682011365131,0.2295359872647825,0.1733681953495824,0.1844073883010742,0.1733681909733347,0.1585234195077718
0.1774064710297627,0.3420984042696227,0.1774064700805897,0.2288669262367073,0.1774064642452405,0.1837621753851995,0.177406459828624,0.1578936876280768
0.1815388034118303,0.3413053636396933,0.1815388024024989,0.2281950497004461,0.181538796517617,0.1831140486237185,0.1815387920598152,0.1572612681554309
0.1857673901911059,0.3405118543686981,0.1857673891197498,0.2275203655899677,0.1857673831842036,0.1824630370555856,0.1857673786843872,0.1566262005173128
0.1900944734204996,0.3397178416630054,0.1900944722852042,0.2268428829881473,0.1900944662978441,0.1818091707480187,0.1900944617551729,0.1559885250378669
0.1945223473770419,0.3389232912402451,0.1945223461758459,0.2261626121233163,0.194522340135504,0.1811524807829528,0.1945223355491232,0.1553482829219872
0.1990533597783418,0.3381281693471322,0.199053358509232,0.2254795643650619,0.1990533524147199,0.1804929992430909,0.1990533477837654,0.1547055162392245
0.2036899130273703,0.337332442777299,0.2036899116882872,0.2247937522192849,0.2036899055384012,0.1798307591975557,0.2036899008619945,0.1540602679075193
0.2084344654862575,0.3365360788890987,0.2084344640750891,0.2241051893225396,0.2084344578686051,0.179165794687193,0.2084344531458537,0.1534125816767995
0.2132895327797365,0.3357390456233641,0.2132895312943217,0.2234138904356592,0.2132895250299978,0.1784981407095138,0.2132895202599986,0.1527625021124384
0.2182576891289696,0.3349413115210859,0.2182576875670993,0.222719871436687,0.2182576812436721,0.1778278332033289,0.2182576764255096,0.1521100745786094
0.2233415687164325,0.33414284574098,0.2233415670758435,0.2220231493131329,0.2233415606920332,0.177154909033079,0.2233415558247769,0.151455345221543
0.2285438670825894,0.3333436180769258,0.2285438653609696,0.2213237421535639,0.2285438589154767,0.1764794059728897,0.2285438539981826,0.1507983609526992
0.233867342555107,0.3325435989752373,0.2338673407500942,0.2206216691385519,0.2338673342415983,0.1758013626903673,0.2338673292733106,0.1501391694318796
0.2393148177113581,0.3317427595517432,0.2393148158205346,0.2199169505309996,0.2393148092476985,0.1751208187301647,0.2393148042274491,0.1494778190502882
0.2448891808749832,0.3309410716086484,0.2448891788958838,0.2192096076658569,0.2448891722573488,0.1744378144973261,0.2448891671841534,0.1488143589135588
0.2505933876473274,0.330138507651144,0.2505933855774304,0.2184996629392536,0.2505933788718197,0.1737523912404484,0.2505933737446823,0.1481488388247472
0.2564304624745264,0.329335040903748,0.2564304603112628,0.2177871397970645,0.2564304535371779,0.1730645910346578,0.2564304483550895,0.1474813092673292
0.2624035002511219,0.328530645326336,0.2624034979918667,0.2170720627229319,0.2624034911478909,0.1723744567644393,0.262403485909826,0.1468118213881847
0.2685156679610045,0.3277252956298485,0.2685156656030829,0.2163544572257617,0.268515658687776,0.171682032106328,0.2685156533926999,0.1461404269805982
0.2747702063565987,0.3269189672916382,0.2747702038972785,0.2156343498267216,0.2747701969091855,0.1709873615114827,0.2747701915560446,0.1454671784672837
0.281170431677144,0.3261116365704372,0.2811704291136451,0.2149117680457538,0.2811704220512868,0.170290490188163,0.2811704166390166,0.1447921288834348
0.2877197374070186,0.3253032805209168,0.287719734736505,0.2141867403876342,0.2877197275983809,0.1695914640841208,0.2877197221259037,0.144115331859815
0.2944215960750011,0.3244938770078151,0.2944215932945839,0.2134592963275943,0.294421586079177,0.168890329868929,0.2944215805453952,0.1434368416058982
0.3012795610954574,0.3236834047196104,0.3012795582021914,0.2127294662965289,0.3012795509079608,0.1681871349162609,0.3012795453117704,0.1427567128930599
0.3082972686524009,0.322871843181717,0.308297265643293,0.2119972816658126,0.308297258268678,0.1674819272861317,0.3082972526089571,0.1420750010378288
0.3154784396274559,0.3220591727691774,0.3154784364994546,0.2112627747317512,0.3154784290428749,0.1667747557071265,0.3154784233184856,0.141391761885204
0.3228268815727102,0.3212453747188385,0.3228268783227097,0.2105259786996828,0.3228268707825601,0.1660656695586163,0.3228268649923553,0.1407070517920403
0.3303464907295269,0.3204304311409834,0.3303464873543704,0.2097869276677567,0.3303464797290292,0.1653547188529869,0.3303464738718427,0.1400209276105119
0.3380412540943947,0.3196143250304012,0.3380412505908706,0.2090456566104126,0.3380412428786903,0.1646419542178839,0.338041236953343,0.1393334466716441
0.3459152515328741,0.3187970402768842,0.3459152478977167,0.2083022013615754,0.3459152400970308,0.1639274268784904,0.345915234102331,0.1386446667689313
0.3539726579428069,0.3179785616751245,0.3539726541726911,0.2075565985975978,0.3539726462818141,0.1632111886398492,0.3539726402165531,0.1379546461420299
0.3622177454678888,0.3171588749340033,0.3622177415594411,0.2068088858199598,0.3622177335766619,0.1624932918692332,0.3622177274396196,0.1372634434605311
0.3706548857628327,0.3163379666852528,0.3706548817126222,0.2060591013377568,0.3706548736362089,0.1617737894785818,0.3706548674261478,0.1365711178078153
0.3792885523112626,0.3155158244914819,0.3792885481158038,0.2053072842499926,0.379288539944005,0.1610527349070058,0.3792885336596762,0.135877728664982
0.3881233227976243,0.3146924368535508,0.388123318453377,0.204553474427693,0.3881233101844189,0.1603301821033699,0.3881233038245566,0.1351833358948575
0.3971638815343289,0.3138677932172823,0.3971638770376991,0.2037977124958694,0.3971638686697856,0.159606185508961,0.397163862233112,0.1344879997260736
0.4064150219454432,0.3130418839795067,0.4064150172927795,0.2030400398153416,0.4064150088240909,0.1588808000402471,0.4064150023093158,0.1337917807372194
0.415881649108216,0.3122147004934239,0.4158816442958148,0.2022804984644473,0.4158816357245133,0.1581540810717328,0.4158816291303253,0.1330947398410525
0.4255687823538241,0.3113862350732824,0.4255687773779255,0.201519131220649,0.4255687687021506,0.1574260844189131,0.425568762027232,0.132396938268773
0.43548155792869,0.3105564809983659,0.4354815527854771,0.2007559815420591,0.435481544003345,0.1566968663213362,0.4354815372463619,0.1316984375543493
0.445625231717773,0.3097254325162854,0.445625226403378,0.199991093548903,0.4456252175129847,0.1559664834257667,0.4456252106725892,0.1309992995188932
0.4560051820313276,0.3088930848455719,0.4560051765418222,0.1992245120049292,0.4560051675412437,0.1552349927694634,0.4560051606160729,0.1302995862550667
0.4666269124565419,0.3080594341775678,0.4666269067879484,0.1984562822987883,0.4666268976752365,0.1545024517635627,0.4666268906639164,0.1295993601115283
0.4774960547756202,0.3072244776776202,0.4774960489238966,0.1976864504253937,0.4774960396970829,0.1537689181765766,0.4774960325982277,0.1288986836773906
0.4886183719518178,0.306388213485572,0.4886183659128792,0.1969150629672751,0.4886183565699732,0.1530344501179932,0.4886183493821805,0.1281976197666952
0.4999997611850546,0.305550640715555,0.4999997549547497,0.1961421670759461,0.4999997454937454,0.1522991060219928,0.4999997382156005,0.1274962314028874
0.5116462570386807,0.3047117594550892,0.5116462506128069,0.1953678104532854,0.5116462410316687,0.1515629446312665,0.5116462336617471,0.1267945818032744
0.5235640346390741,0.3038715707634896,0.5235640280133789,0.1945920413329588,0.5235640183100567,0.1508260249809371,0.5235640108469195,0.1260927343634683
0.5357594129497955,0.303030076669589,0.5357594061199605,0.1938149084618824,0.5357593962923839,0.150088406382581,0.5357593887345802,0.1253907526417861
0.5482388581219633,0.3021872801687821,0.5482388510836218,0.1930364610817385,0.5482388411296969,0.149350148408343,0.5482388334757644,0.1246887003436032
0.5610089869227046,0.3013431852193959,0.5610089796714354,0.1922567489105571,0.5610089695890508,0.1486113108751426,0.5610089618375184,0.1239866413056435
0.5740765702434544,0.3004977967384001,0.5740765627747814,0.1914758221243728,0.5740765525618033,0.1478719538289616,0.5740765447111867,0.1232846394801925
0.587448536689968,0.2996511205964622,0.587448528999354,0.1906937313389571,0.5874485186536381,0.1471321375292083,0.5874485107024372,0.1225827589192134
0.6011319762559573,0.29880316361236,0.6011319683388142,0.18991052759164,0.60113195785819,0.1463919224331519,0.601131949804902,0.121881063758357
0.6151341440822988,0.2979539335467624,0.6151341359339895,0.1891262623232276,0.6151341253162681,0.1456513691804162,0.6151341171593775,0.1211796182008453
0.6294624643038167,0.2971034390953899,0.629462455919639,0.1883409873600155,0.6294624451626193,0.1449105385775249,0.6294624369005986,0.120478486501213
0.6441245339856413,0.2962516898815682,0.6441245253608485,0.1875547548959061,0.6441245144623041,0.1441694915824875,0.6441245060936218,0.1197777329488889
0.6591281271512853,0.2953986964481876,0.6591281182810708,0.1867676174746352,0.6591281072387677,0.1434282892894194,0.6591280987618779,0.1190774218516005
0.6744811989045283,0.2945444702490845,0.6744811897840317,0.1859796279721057,0.6744811785957179,0.1426869929131787,0.6744811700090683,0.1183776175185826
0.6901918896473211,0.2936890236398562,0.6901918802716325,0.1851908395788353,0.6901918689350323,0.1419456637740164,0.6901918602370644,0.117678384243573
0.706268529395925,0.2928323698681262,0.7062685197600823,0.1844013057825178,0.7062685082729186,0.1412043632822145,0.7062684994620597,0.1169797862875749
0.7227196421976205,0.2919745230632767,0.722719632296604,0.1836110803506957,0.7227196206565755,0.1404631529227187,0.7227196117312557,0.116281887861369
0.7395539506502385,0.2911154982256628,0.7395539404789774,0.1828202173135501,0.7395539286837762,0.1397220942397297,0.7395539196424153,0.1155847531077527
0.7567803805270178,0.2902553112153248,0.756780370080399,0.1820287709467977,0.7567803581277017,0.1389812488212586,0.7567803489687083,0.1148884460834934
0.774408065509172,0.2893939787402159,0.7744080547820179,0.1812367957547047,0.7744080426694879,0.1382406782836191,0.7744080333912726,0.1141930307409673
0.7924463520286642,0.2885315183439641,0.7924463410157587,0.1804443464532013,0.7924463287410526,0.1375004442558461,0.7924463193420146,0.1134985709094744
0.8109048042238364,0.2876679483931807,0.8109047929199054,0.1796514779531062,0.8109047804806716,0.1367606083640273,0.810904770959209,0.112805130276203
0.8297932090104211,0.2868032880643396,0.8297931974101507,0.1788582453434477,0.8297931848040219,0.1360212322155268,0.8297931751585289,0.1121127723668287
0.8491215812707055,0.2859375573302372,0.849121569368729,0.1780647038748806,0.8491215565933374,0.1352823773830872,0.8491215468222065,0.1114215605257256
0.8689001691635581,0.2850707769460564,0.8689001569544582,0.1772709089431941,0.8689001440074257,0.134544105388796,0.8689001341090427,0.1107315578957755
0.8891394595581201,0.2842029684350517,0.8891394470364401,0.1764769160728988,0.8891394339153889,0.1338064776878928,0.8891394238881377,0.1100428273977515
0.9098501835940976,0.2833341540738669,0.9098501707543381,0.1756827809008957,0.9098501574568819,0.1330695556524052,0.9098501472991414,0.1093554317092636
0.9310433223715545,0.2824643568775095,0.931043309208168,0.1748885591602073,0.9310432957319171,0.1323334005545951,0.931043285442075,0.1086694332432453
0.9527301127732305,0.281593600583997,0.9527300992806271,0.1740943066637729,0.9527300856231906,0.1315980735501959,0.9527300751996242,0.1079848941259667
0.9749220534224817,0.2807219096386886,0.9749220395950332,0.1733000792882931,0.9749220257540228,0.1308636356614234,0.9749220151951159,0.1073018761745577
0.9976309107800116,0.2798493091783238,0.9976308966120538,0.1725059329581158,0.9976308825850836,0.130130147759744,0.9976308718892104,0.1066204408740266
1.020868725382604,0.2789758250147807,1.020868710868432,0.1717119236291546,1.020868696653111,0.1293976705483786,1.020868685818658,0.1059406493537618
1.044647818227167,0.2781014836185722,1.044647803361038,0.1709181072728254,1.044647788954992,0.1286662645445295,1.044647777980337,0.1052625623635017
1.068980797303499,0.277226312102093,1.068980782079638,0.1701245398599951,1.068980767480491,0.1279359900613077,1.068980756364018,0.1045862402487635
1.093880564279194,0.2763503382026371,1.093880548691805,0.1693312773449251,1.093880533897186,0.1272069071893443,1.09388052263728,0.1039117429257236
1.119360321340312,0.2754735902651927,1.119360305383555,0.168538375649202,1.1193602903911,0.1264790757780713,1.119360278986151,0.1032391298555325
1.145433578191301,0.2745960972250417,1.14543356185932,0.1677458906456402,1.145433546666689,0.1257525554166487,1.145433535115081,0.1025684600180728
1.172114159218069,0.2737178885901599,1.172114142504981,0.1669538781421435,1.172114127109831,0.1250274054145299,1.172114115409959,0.1018997918851403
1.199416210817837,0.272838994423448,1.199416193717731,0.1661623938655121,1.199416178117743,0.1243036847816392,1.199416166268002,0.1012331833930584
1.227354208899731,0.2719594453247964,1.227354191406692,0.1653714934451839,1.227354175599554,0.1235814522081545,1.227354163598341,0.100568691914719
1.255942966560137,0.271079272412996,1.255942948668217,0.1645812323968912,1.255942932651637,0.1228607660438734,1.255942920497359,0.09990637423105354
1.285197641936756,0.2701985073075113,1.285197623640008,0.1637916661062215,1.285197607411718,0.1221416842771554,1.285197595102775,0.09924628650194384
1.315133746245698,0.2693171821101217,1.315133727538159,0.1630028498120674,1.315133711095902,0.1214242645134203,1.315133698630706,0.09858848423657372
1.345767152005683,0.268435329386444,1.345767132881389,0.1622148385899509,1.345767116222937,0.1207085639531936,1.345767103599902,0.09793302226323851
1.377114101453911,0.2675529821473437,1.37711408190689,0.1614276873352036,1.377114065030037,0.1199946393696895,1.37711405224758,0.09727995469862387
1.409191215157875,0.2666701738302443,1.409191195182153,0.1606414507459943,1.409191178084722,0.1192825470859182,1.40919116514126,0.09662933491657288
1.442015500827804,0.2657869382803448,1.442015480417433,0.159856183306181,1.442015463097262,0.1185723429513104,1.442015449991225,0.09598121551636038
1.475604362334417,0.2649033097317465,1.475604341483441,0.1590719392679799,1.475604323938408,0.1178640823178543,1.475604310668218,0.09533564829050403
1.509975608936639,0.2640193227885041,1.509975587639125,0.1582887726344293,1.509975569867134,0.1171578200157335,1.509975556431222,0.0946926841921357
1.545147464724333,0.2631350124055994,1.54514744297437,0.1575067371416372,1.545147424973351,0.1164536103284708,1.545147411370152,0.09405237330197061
1.581138578280943,0.2622504138698483,1.581138556072632,0.1567258862407982,1.581138537840565,0.1157515069675683,1.581138524068516,0.09341476479490858
1.617968032571221,0.2613655627807397,1.617968009898711,0.1559462730799612,1.617967991433589,0.11505156304665,1.617967977491127,0.0927799069063137
1.655655355059279,0.2604804950312155,1.655655331916737,0.1551679504855384,1.655655313216604,0.1143538310551051,1.655655299102169,0.09214784689801024
1.694220528062282,0.2595952467883918,1.694220504443924,0.1543909709435385,1.694220485506861,0.1136583628312423,1.694220471218893,0.09151863102405641
1.73368399934537,0.2587098544742221,1.733683975245466,0.1536153865805103,1.733683956069579,0.1129652095349564,1.733683941606524,0.09089230449634375
1.774066692963316,0.2578243547461066,1.774066668376174,0.1528412491441865,1.77406664895962,0.1122744216199239,1.774066634319921,0.09026891145008771
1.815390020354734,0.2569387844774461,1.815389995274726,0.1520686099838127,1.815389975615703,0.111586048805336,1.815389960797797,0.0896484949092725
1.857675891694706,0.2560531807381421,1.857675866116283,0.1512975200301503,1.857675846213022,0.1109001400471898,1.85767583121535,0.08903109675212111
1.900946727511873,0.2551675807750403,1.900946701429537,0.150528029775144,1.90094668128032,0.1102167435091522,1.900946666101324,0.08841675767667011
1.945225470576062,0.2542820219923171,1.945225443984398,0.1497601892512428,1.945225423587549,0.1095359065330243,1.945225408225671,0.08780551716652375
1.990535598062864,0.2533965419318076,1.990535570956555,0.1489940480103636,1.990535550310434,0.1088576756088299,1.9905355347641,0.08719741345687998
2.036901134001543,0.2525111782532697,2.036901106375355,0.1482296551024942,2.036901085478368,0.108182096344561,2.036901069746011,0.08659248350091402
2.084346662012889,0.251625968714583,2.084346633861688,0.1474670590539245,2.084346612712289,0.1075092134356088,2.084346596792337,0.08599076293661685
2.132897338343774,0.2507409511518783,2.132897309662543,0.1467063078451024,2.132897288259233,0.1068390706339285,2.132897272150105,0.085392286054191
2.182578905205355,0.2498561634595908,2.182578875989187,0.1459474488881105,2.182578854330499,0.1061717107169675,2.182578838030611,0.08479708576410409
2.233417704421898,0.2489716435704316,2.233417674666011,0.1451905290037606,2.233417652750536,0.1055071754564148,2.233417636258294,0.08420519356591094
2.285440691397588,0.248087429435276,2.285440661097331,0.1444355943983057,2.285440638923699,0.1048455055868162,2.285440622237505,0.08361663951795847
2.338675449408641,0.2472035590029538,2.3386754185595,0.1436826906397707,2.338675396126377,0.1041867407741098,2.338675379244624,0.08303145220808585
2.393150204228288,0.2463200701999442,2.393150172825909,0.1429318626339041,2.393150150132015,0.1035309195841489,2.393150133053083,0.08244965872544159
2.448893839092508,0.2454370009099572,2.448893807132674,0.1421831545997565,2.448893784176772,0.1028780794512666,2.44889376689904,0.08187128463353815
2.505935910014272,0.244554388953401,2.505935877492948,0.1414366100448921,2.505935854273827,0.10222825664696,2.505935836795655,0.08129635394466769
2.564306661454506,0.2436722720667275,2.564306628367834,0.1406922717402443,2.564306604884339,0.101581486248761,2.564306587204076,0.08072488909580398
2.624037042358183,0.242790687881636,2.624037008702468,0.1399501816946276,2.624036984953477,0.1009378021093774,2.624036967069471,0.08015691092611762
2.685158722563757,0.2419096739041414,2.685158688335521,0.1392103811289175,2.685158664319949,0.1002972368261824,2.685158646230521,0.07959243865622866
2.747704109595042,0.2410292674934823,2.747704074790978,0.1384729104499195,2.747704050507785,0.09965982171114063,2.747704032211255,0.07903148986932348
2.811706365844021,0.2401495058408727,2.811706330461063,0.1377378092239462,2.811706305909227,0.09902558676126486,2.811706287403895,0.07847408049426011
2.877199426154045,0.2392704259480727,2.877199390189318,0.1370051161501263,2.877199365367863,0.098394560629695,2.87719934665202,0.07792022479078145
2.944218015812488,0.2383920646057811,2.944217979263359,0.1362748690334704,2.944217954171335,0.09776677059750066,2.944217935243252,0.07736993533696024
3.012797668962607,0.2375144583718302,3.012797631826673,0.1355471047577268,3.012797606463157,0.09714224254630877,3.012797587321096,0.07682322301898384
3.08297474744415,0.2366376435491745,3.082974709719259,0.1348218592580578,3.082974684083374,0.09652100093186546,3.082974664725576,0.07628009702339396
3.154786460072977,0.235761656163666,3.154786421757215,0.1340991674935743,3.154786395848088,0.09590306875863741,3.15478637627277,0.0757405648318837
3.228270882369576,0.2348865319415988,3.2282708434613,0.1333790634197712,3.228270817278077,0.09528846755556626,3.228270797483459,0.07520463221874578
3.30346697674725,0.2340123062870175,3.303466937245073,0.1326615799609055,3.303466910786947,0.09467721735309031,3.3034668907712,0.07467230325106791
3.380414613170507,0.233139014258778,3.380414573073323,0.1319467489823657,3.380414546339479,0.09406933666154843,3.380414526100789,0.07414358029174813
3.459154590294623,0.2322666905473471,3.459154549601619,0.1312346012630871,3.459154522591276,0.09346484245108178,3.459154502127777,0.07361846400540667
3.539728657097666,0.2313953694513344,3.539728615808308,0.1305251664680668,3.539728588520691,0.09286375013315072,3.539728567830509,0.07309695336725161
3.622179535016343,0.2305250848537453,3.622179493130384,0.1298184731210391,3.622179465564727,0.09226607354378523,3.622179444645952,0.07257904567494702
3.706550940597408,0.2296558701979458,3.706550898114928,0.1291145485773779,3.706550870270481,0.09167182492867987,3.706550849121183,0.07206473656352134
3.792887608676879,0.2287877584633294,3.792887565598241,0.1284134189972904,3.792887537474254,0.09108101493025346,3.792887516092483,0.07155402002333827
3.881235316098922,0.2279207821406796,3.88123527242483,0.1277151093193795,3.881235244020556,0.09049365257677888,3.881235222404307,0.07104688842114006
3.971640905987412,0.2270549732072204,3.971640861718881,0.1270196432346473,3.971640833033576,0.08990974527369627,3.971640811180822,0.07054333252415815
4.064152312582771,0.2261903631013446,4.064152267721111,0.126327043161023,4.064152238754045,0.08932929879721052,4.064152216662714,0.07004334152727143
4.158818586657273,0.2253269826970214,4.158818541204174,0.1256373302184969,4.158818511954594,0.08875231729027407,4.15881848962257,0.06954690308317998
4.255689921522534,0.2244648622778682,4.25568987547998,0.124950524204952,4.255689845947122,0.08817880326104546,4.255689823372244,0.06905400333554126
4.354817679642548,0.2236040315108941,4.354817633012865,0.1242666435727794,4.354817603195976,0.08760875758391447,4.354817580376019,0.06856462695500407
4.4562544198668,0.2227445194199044,4.456254372652666,0.1235857054063782,4.456254342550965,0.0870421795031681,4.456254319483653,0.06807875717806165
4.560053925297693,0.2218863543585673,4.560053877502112,0.1229077254006317,4.560053847114812,0.08647906663937126,4.5600538237978,0.06759637584862402
4.666271231807007,0.2210295639831475,4.66627118343333,0.1222327178404645,4.666271152759625,0.0859194149985185,4.666271129190469,0.06711746346220235
4.774962657216696,0.2201741752248999,4.774962608268604,0.1215606955815802,4.774962577307652,0.08536321898401279,4.774962553483867,0.06664199921257458
4.886185831159277,0.2193202142621389,4.886185781640815,0.1208916700324867,4.886185750391764,0.08481047141150522,4.886185726310749,0.06616996104079841
4.999999725633935,0.2184677064919773,4.999999675549452,0.1202256511379117,4.999999644011402,0.08426116352662633,4.99999961967046,0.06570132568641325
5.116464686274106,0.2176166765017523,5.116464635628326,0.1195626473637196,5.116464603800367,0.08371528502562323,5.116464579196689,0.06523606874066759
5.235642464343681,0.2167671480401425,5.235642413141645,0.1189026656834331,5.235642381022822,0.08317282407890378,5.235642356153482,0.0647741647015958
5.357596249478274,0.2159191439879918,5.357596197725345,0.1182457115664683,5.35759616531465,0.08263376735747574,5.357596140176593,0.06431558703075579
5.482390703189162,0.2150726863288547,5.482390650891061,0.1175917889681915,5.482390618187441,0.08209810006225644,5.482390592777461,0.06386030821143024
5.610091993147781,0.2142277961192796,5.610091940310533,0.1169409003218991,5.610091907312868,0.08156580595621078,5.610091881627624,0.06340829980808928
5.740767828268623,0.2133844934588541,5.740767774898566,0.1162930465328249,5.740767741605688,0.08103686739926334,5.740767715641659,0.06295953252690194
5.874487494609404,0.2125427974600314,5.874487440713196,0.1156482269742766,5.874487407123866,0.08051126538591441,5.874487380877345,0.06251397627708273
6.011321892107487,0.2117027262177707,6.011321837692098,0.1150064394859928,6.011321803804979,0.079988979585477,6.011321777272081,0.06207160023285144
6.151343572171938,0.2108642967790191,6.151343517244613,0.1143676803748169,6.151343483058291,0.07946998838483352,6.151343456234946,0.06163237289578873
6.294626776151251,0.2100275251120679,6.294626720719551,0.1137319444177692,6.294626686232511,0.07895426893360032,6.294626659114404,0.0611962621573637
6.441247474697104,0.2091924260758286,6.441247418768862,0.113099224867602,6.441247383979466,0.07844179719157468,6.441247356562078,0.06076323536141468
6.591283408045008,0.208359013389061,6.591283351628299,0.1124695134609037,6.591283316534795,0.07793254797832054,6.591283288813368,0.06033325936636626
6.744814127233186,0.2075272995996114,6.744814070336344,0.1118428004288236,6.744814034936841,0.07742649502474584,6.744814006906376,0.05990630060696811
6.901921036281562,0.2066972960537014,6.901920978913235,0.1112190745104658,6.901920943205676,0.07692361102650118,6.901920914860893,0.0594823251553523
7.062687435353388,0.2058690128653308,7.062687377522368,0.1105983229690049,7.062687341504531,0.07642386769903244,7.062687312839927,0.05906129878120427
7.227198564921901,0.2050424588858531,7.22719850663726,0.1099805316105526,7.227198470306742,0.07592723583409661,7.227198441316483,0.05864318701086016
7.395541650966116,0.2042176416737873,7.395541592237072,0.1093656848058029,7.395541555591247,0.07543368535755442,7.395541526269293,0.05822795518514677
7.567805951219043,0.203394567464939,7.56780589205506,0.1087537655144675,7.567805855091093,0.07494318538823531,7.567805825431045,0.05781556851579345
7.744082802493497,0.2025732411429065,7.744082742904173,0.1081447553124976,7.744082705618949,0.07445570429767506,7.744082675614179,0.05740599214025585
7.924465669109892,0.201753666210054,7.924465609105011,0.1075386344220822,7.924465571495182,0.07397120977051208,7.924465541138749,0.05699919117480645
8.109050192452434,0.2009358447590371,8.109050132041894,0.1069353817443907,8.109050094103807,0.07348966886533563,8.109050063388484,0.05659513076575608
8.297934241679354,0.2001197774449758,8.297934180873158,0.1063349748950216,8.297934142602841,0.07301104807576872,8.297934111521103,0.05619377613868726
8.491217965614419,0.1993054634583717,8.491217904422692,0.1057373902420965,8.491217865815816,0.07253531339157603,8.491217834359901,0.05579509264559362
8.689003845847237,0.1984929004988743,8.689003784280185,0.1051426029469316,8.689003745332068,0.07206243035958541,8.689003713493888,0.05539904580983429
8.891396751070285,0.1976820847500077,8.891396689138126,0.1045505870071978,8.891396649843715,0.07159236414421551,8.891396617614928,0.05500560136882587
9.098503992681714,0.1968730108549704,9.09850393039474,0.1039613153024711,9.098503890748528,0.0711250795874078,9.098503858120568,0.05461472531440938
9.310435381683268,0.1960656718936323,9.310435319051738,0.1033747596420555,9.310435279047823,0.07066054126776615,9.310435246011831,0.05422638393084538
9.527303286903509,0.1952600593608564,9.527303223937697,0.1027908908149518,9.527303183569655,0.07019871355871546,9.527303150116582,0.05384054383040379
9.749222694577302,0.1944561631462726,9.749222631287401,0.1022096786418268,9.749222590548351,0.06973956068550033,9.749222556668917,0.05345717198652589
9.976311269312998,0.1936539715156491,9.976311205709106,0.1016310920288306,9.976311164591682,0.06928304678085298,9.97631113027642,0.05307623576455617
10.20868941647975,0.1928534710939975,10.20868935257192,0.1010550990230902,10.20868931106815,0.06882913593917217,10.20868927630741,0.05269770295004772
10.44648034604813,0.1920546468505594,10.44648028184617,0.1004816668697048,10.4464802399476,0.06837779226906496,10.44648020473162,0.05232154177465948
10.68981013791752,0.1912574820858309,10.68981007343116,0.09991076207005127,10.68981003112875,0.06792897994411844,10.68980999544757,0.05194772093967701
10.93880780876552,0.1904619584207728,10.93880774400424,0.0993423504412021,10.93880770128831,0.0674826632517785,10.93880766513196,0.05157620963719604
11.1936053804542,0.1896680557883704,11.19360531542722,0.09877639717625368,11.19360527228758,0.06703880664022865,11.19360523564593,0.05120697756902043
11.45433795002985,0.1888757524277007,11.45433788474607,0.09821286690535025,11.45433784117188,0.06659737476317591,11.45433780403485,0.05083999496333268
11.72114376135321,0.1880850248806696,11.72114369582126,0.09765172375718928,11.72114365180104,0.06615833252246314,11.72114361415846,0.05047523258920616
11.99416427839825,0.1872958479915839,11.99416421262636,0.09709293142079137,11.99416416814805,0.065721645108444,11.99416412998978,0.05011266176903269
12.27354426025816,0.1865081949097213,12.27354419425414,0.09653645320731177,12.27354414930504,0.06528727803806852,12.27354411062101,0.04975225438894792
12.55943183789863,0.1857220370950595,12.5594317716698,0.09598225211167631,12.55943172623662,0.06485519719064359,12.55943168701681,0.04939398290734
12.85197859269872,0.1849373443273291,12.85197852625194,0.09543029087382381,12.85197848032079,0.06442536884124446,12.85197844055526,0.04903782036153388
13.15133963682147,0.1841540847185431,13.15133957016298,0.09488053203934066,13.15133952371938,0.06399775969176792,13.15133948339837,0.04868374037274564
13.45767369545629,0.1833722247291589,13.45767362859175,0.09433293801927992,13.45767358162063,0.06357233689962943,13.45767354073451,0.04833171714940455
13.77114319097724,0.1825917291880224,13.77114312391161,0.09378747114896333,13.77114307639737,0.06314906810412038,13.77114303493671,0.04798172548894396
14.09191432906142,0.1818125613162294,14.09191426179896,0.09324409374557298,14.09191421372546,0.0627279214504505,14.0919141716811,0.04763374077816083
14.42015718681355,0.1810346827550412,14.42015711935774,0.09270276816435094,14.42015707070837,0.06230886561151401,14.42015702807133,0.04728773899224693
14.75604580294303,0.1802580535979712,14.75604573529647,0.09216345685323306,14.75604568605421,0.06189186980742557,14.75604564281575,0.04694369669259368
15.09975827004154,0.1794826324271554,15.09975820220598,0.09162612240575872,15.09975815235331,0.06147690382288301,15.09975810850506,0.04660159102347093
15.45147682901013,0.1787083763540993,15.45147676098633,0.09109072761211144,15.45147671050542,0.06106393802241978,15.4514766660393,0.04626139970768133
15.8113879656858,0.1779352410648856,15.81138789747352,0.09055723550815584,15.81138784634617,0.06065294336362013,15.8113878012544,0.04592310104128731
16.17968250971857,0.1771631808698988,16.17968244131648,0.09002560942235728,16.17968238952432,0.06024389140837375,16.17968234379952,0.04558667388750782
16.55655573575221,0.1763921487581179,16.55655566715781,0.08949581302048164,16.55655561468214,0.05983675433225321,16.55655556831732,0.04525209766987844
16.94220746696106,0.1756220964559949,16.94220739817072,0.08896781034798948,16.94220734499276,0.05943150493210288,16.94220729798126,0.04491935236476539
17.33684218099925,0.1748529744909227,17.33684211200807,0.08844156587005801,17.33684205810886,0.05902811663192976,17.33684201044446,0.0445884184933215
17.74066911841726,0.174084732259266,17.74066904921897,0.08791704450917522,17.74066899457964,0.05862656348719097,17.74066894625649,0.04425927711296817
18.15390239360406,0.1733173180989072,18.15390232419105,0.08739421168027202,18.15390226879265,0.05822682018757523,18.15390221980541,0.04393190980848449
18.57676110831351,0.1725506793662315,18.57676103867671,0.08687303332337047,18.57676098250042,0.05782886205837428,18.57676093284412,0.04360629868277989
19.00946946783483,0.1717847625174412,19.00946939796372,0.08635347593374243,19.00946934099084,0.05743266506054447,19.00946929066101,0.04328242634742378
19.45225689986929,0.1710195131940697,19.45225682975183,0.08583550658958901,19.45225677196393,0.05703820578955569,19.45225672095651,0.04296027591300191
19.90535817617591,0.1702548763125224,19.90535810579841,0.08531909297726327,19.90535804717734,0.05664546147312556,19.9053579954887,0.04263983097936434
20.36901353705038,0.1694907961574538,20.36901346639758,0.08480420341407313,20.36901340692554,0.05625440996793572,20.36901335455253,0.04232107562582724
20.84346881870376,0.1687272164787446,20.84346874775872,0.08429080686871365,20.84346868741825,0.05586502975542459,20.84346863435821,0.0420039944013863
21.32897558360801,0.1679640805918206,21.32897551235213,0.08377887297938882,21.32897545112631,0.0554772999367491,21.32897539737701,0.04168857231499692
21.82579125387791,0.1672013314810185,21.82579118229072,0.08326837206969322,21.82579112016317,0.05509120022700646,21.82579106572292,0.0413747948259713
22.33417924775941,0.1664389119056729,22.33417917581879,0.08275927516233311,22.33417911277368,0.05470671094880212,22.3341790576411,0.04106264783454251
22.85440911929776,0.1656767645085684,22.85440904697973,0.08225155399077516,22.85440898300176,0.05432381302524915,22.85440892717615,0.04075211767263851
23.38675670125822,0.1649148319263726,23.38675662853707,0.08174518100891653,23.38675656361184,0.05394248797247923,23.3867565070928,0.04044319109491199
23.93150425137683,0.1641530569016328,23.93150417822494,0.08124012939887647,23.93150411233861,0.05356271789174395,23.93150405512628,0.04013585527006439
24.48894060201661,0.1633913823959026,24.4889405284046,0.08073637307701451,24.48894046154412,0.0531844854611787,24.48894040363916,0.03983009777250589
25.05936131331069,0.1626297517035322,25.05936123920729,0.0802338866982826,25.05936117136054,0.05280777392730123,25.05936111276396,0.03952590657438868
25.64306882987195,0.1618681085656406,25.64306875524423,0.079732645659021,25.64306868639969,0.05243256709631062,25.64306862711311,0.03922327003805281
26.2403726411534,0.1611063972837702,26.24037256596645,0.07923262609831153,26.24037249611368,0.05205884932525,26.24037243613914,0.03892217690892377
26.85158944554337,0.1603445628327094,26.85158936976057,0.07873380489799707,26.85158929888993,0.05168660551309329,26.85158923822995,0.0386226163089023
27.47704331828324,0.1595825509719611,27.47704324186627,0.07823615968148079,27.47704316996909,0.05131582109181097,27.47704310862668,0.038324577730291
28.1170658832965,0.1588203083553258,28.11706580620529,0.07773966881141421,28.11706573327378,0.05094648201746962,28.1170656712525,0.03802805103030537
28.77199648902,0.1580577826380717,28.77199641121288,0.07724431138638176,28.77199633724019,0.05057857476141376,28.77199627454411,0.0377330264262242
29.44218238833117,0.1572949225811658,29.44218230976473,0.07675006723668716,29.44218223474503,0.05021208630157809,29.4421821713787,0.03743949449124214
30.12797892266585,0.156531678152046,30.12797884329533,0.07625691691934273,30.12797876722368,0.04984700411397475,30.12797870319223,0.03714744615109909
30.82974971042516,0.1557680006214331,30.82974963020431,0.07576484171236081,30.82974955307673,0.04948331616439808,30.8297494883858,0.03685687268157639
31.54786683977082,0.1550038426556937,31.54786675865189,0.07527382360843866,31.54786668046546,0.04912101090038792,31.54786661512132,0.03656776570696928
32.28271106591115,0.1542391584042949,32.28271098384513,0.07478384530812882,32.28271090459791,0.04876007724349105,32.28271083860736,0.03628011719967147
33.03467201298238,0.1534739035819138,33.03467192991922,0.07429489021257644,33.03467184961003,0.04840050458185965,33.03467178298066,0.0359939194810424
33.80414838063278,0.1527080355447997,33.80414829652129,0.07380694241590609,33.80414821515014,0.04804228276322525,33.80414814788998,0.0357091652237723
34.59154815541837,0.1519415133610262,34.59154807020634,0.07331998669732989,34.59154798777401,0.04768540208828816,34.59154791989199,0.03542584745601966
35.39728882712264,0.1511742978743062,35.39728874075711,0.07283400851304901,35.3972886572655,0.04732985330456228,35.39728858877101,0.03514395956767564
36.2217976101153,0.150406351761091,36.22179752254263,0.07234899398801131,36.22179743799452,0.04697562760071983,36.22179736889798,0.03486349531921436
37.06551166986712,0.1496376395807196,37.06551158103311,0.07186492990758697,37.06551149543222,0.0466227166014818,37.0655114257447,0.03458444885373239
37.92887835474052,0.1488681278184356,37.92887826459064,0.07138180370921592,37.92887817794153,0.04627111236310833,37.92887810767505,0.03430681471297237
38.81235543317985,0.1480977849211397,38.81235534165926,0.07089960347407975,38.81235525396748,0.04592080736954697,38.81235518313499,0.03403058785839512
39.71641133642609,0.1473265813257994,39.71641124347995,0.07041831791884394,39.71641115475201,0.04557179452931035,39.71641108336746,0.03375576369873366
40.64152540688536,0.1465544894804895,40.64152531245894,0.06993793638751405,40.64152522270231,0.04522406717316392,40.64152515078073,0.03348233812598479
41.5881881522828,0.1457814838580936,41.58818805632163,0.06945844884344599,41.58818796554458,0.04487761905272428,41.58818789310224,0.03321030756253912
42.55690150573584,0.1450075409627474,42.55690140818594,0.06897984586154707,42.55690131639773,0.04453244434008769,42.55690124345238,0.03293966902322508
43.54817909188613,0.1442326393291543,43.5481789926941,0.06850211862070148,43.54817889990505,0.04418853762863921,43.54817882647574,0.03267042019762707
44.56254649922995,0.1434567595149611,44.56254639834337,0.06802525889645269,44.56254630456457,0.04384589393522796,44.5625462306721,0.03240255956039961
45.6005415587923,0.1426798840864177,45.60054145615968,0.06754925905397274,45.60054136140323,0.04350450870394412,45.60054128707058,0.0321360865209004
46.66271462929184,0.1419019975975997,46.66271452486293,0.06707411204134718,46.66271442914204,0.04316437781179654,46.66271435439439,0.03187100162906054
47.74962888894866,0.1411230865635051,47.74962878267456,0.06659981138320376,47.7496286860033,0.04282549757667597,47.74962861086897,0.03160730686329791
48.8618606340885,0.140343139427379,48.86186052592197,0.06612635117471292,48.86186042831557,0.04248786476810187,48.86186035282643,0.0313450060407658
49.999999584703,0.139562146522646,49.99999947459843,0.06565372607598785,49.99999937607327,0.04215147662140659,49.99999930026616,0.03108410541448036
51.16464919712676,0.138780100029866,51.16464908504045,0.06518193130691356,51.16464898561404,0.04181633085621843,51.16464890953262,0.03082461456375427
52.35642698399811,0.1379969939291426,52.35642686988862,0.06471096264243556,52.35642676957973,0.0414824257003969,52.35642669327719,0.03056654775922546
53.57596484167244,0.137212823948439,53.57596472550027,0.06424081640834149,53.57596462432913,0.04114975992097459,53.57596454787375,0.03030992612289708
54.82390938526197,0.1364275875082624,54.82390926699014,0.06377148947757186,54.82390916497815,0.04081833286422936,54.82390908846185,0.03005478117384542
56.10092229147964,0.1356412836631927,56.1009221710737,0.06330297926710138,56.10092206824404,0.04048814450782443,56.10092199179891,0.02980116090232103
57.40768064946884,0.1348539130407252,57.407680526897,0.0628352837354367,57.40768042327457,0.04015919552913184,57.40768034710585,0.02954914070981833
58.74487731980531,0.1340654777779036,58.74487719503835,0.06236840138078429,58.74487709065011,0.0398314873955944,58.74487701510495,0.02929884431517979
60.11322130186072,0.1332759814562068,60.11322117487231,0.06190233123995151,60.1132210697475,0.03950502248558897,60.11322099547269,0.02905048660730279
61.51343810972344,0.1324854290351468,61.5134379804903,0.06143707288805274,61.51343787466085,0.03917980425223745,61.5134378029982,0.02880446898549458
62.9462701568762,0.1316938267850134,62.94627002537798,0.06097262643911101,62.94626991887902,0.03885583744883118,62.94626985296293,0.02856161141693412
64.41247714983324,0.130901182219194,64.41247701605253,0.06050899254765819,64.41247690892338,0.03853312844446083,64.41247685694401,0.02832375940683425
65.91283649094643,0.1301075040264635,65.91283635486909,0.06004617241146371,65.91283624715437,0.03821168567469629,65.9128362304762,0.02809525788653348
67.44814369059515,0.1293128020036207,67.44814355221001,0.05958416777554851,67.44814344396163,0.03789152029953243,67.44814349051116,0.02788405505828149
69.01921278897576,0.1285170869888262,69.01921264827492,0.0591229809376793,69.01921253955459,0.03757264718838323,69.01921259744378,0.02769353045115801
70.62687678771663,0.1277203707959566,70.62687664469529,0.05866261475558715,70.6268765355795,0.03725508643753951,70.62687653492193,0.02751606697061157
72.27198809154696,0.1269226661502714,72.27198794620352,0.05820307265621712,72.27198783679134,0.03693886578596896,72.27198779661772,0.02734516404366133
73.95541896025257,0.1261239866256545,73.95541881258863,0.05774435864740283,73.95541870301578,0.0366240246099959,73.95541864647619,0.02717811750038591
75.67806197115996,0.1253243465836582,75.67806182118035,0.05728647733246969,75.67806171164577,0.03631062082740126,75.67806164819558,0.02701380237679362
77.44083049239266,0.1245237611145537,77.44083034010507,0.05682943392842732,77.4408302309235,0.03599874346690649,77.44083016406763,0.02685170071683276
79.24465916715074,0.1237222459805565,79.24465901256636,0.05637323428861661,79.24465890428041,0.03568853700689278,79.24465883517615,0.02669155493433598
81.09050440927147,0.1229198175613677,81.09050425240446,0.05591788493096863,81.09050414604596,0.03538025208605839,81.09050407453506,0.02653323099390745
82.97934491033209,0.1221164928021438,82.97934475119995,0.05546339307343253,82.97934464896134,0.03507436064895268,82.97934457337097,0.02637665880511704
84.91218215856591,0.1213122891639799,84.91218199718887,0.05500976667870344,84.91218190435431,0.03477184328017768,84.91218181975587,0.02622180395311091
86.89004096986345,0.1205072245769698,86.89004080626559,0.05455701451119724,86.89004073726733,0.03447496067955622,86.89004062950296,0.02606865328476572
88.91397003114432,0.119701317395875,88.91396986535295,0.05410514621041725,88.91396985984595,0.03418912412865874,88.91396968949486,0.02591720709716531
90.9850424563847,0.1188945863584252,90.98504228843056,0.05365417238662493,90.98504239541668,0.03392364900162138,90.9850421136906,0.02576747468264715
93.10435635559642,0.1180870505462424,93.10435618551415,0.05320410474739929,93.10435629218526,0.0336800913205446,93.10435601209683,0.02561947167846467
95.27303541705935,0.1172787293483759,95.27303524488823,0.05275495626777265,95.2730352453965,0.03344848569307953,95.27303507299462,0.02547321843492272
97.49222950311612,0.1164696424274106,97.49222932890046,0.05230674142308659,97.49222927019052,0.03322257206123652,97.49222915873202,0.02532873898327574
99.76311525984403,0.1156598096881089,99.7631150836346,0.05185947651408529,99.76311500211769,0.0330000506718553,99.76311491539437,0.0251860603704127
102.0868967409288,0.1148492512485329,102.0868965627843,0.05141318013090241,102.086896472081,0.03277996704544116,102.0868963966771,0.02504521222565391
104.4648060460691,0.1140379874135908,104.4648058660592,0.05096787383172715,104.4648057713424,0.03256187218519333,104.4648057022904,0.02490622647916435
106.898103974253,0.1132260386509423,106.898103792463,0.05052358316308996,106.8981036959434,0.03234553885985816,106.8981036312348,0.02476913718244825
109.3880806922493,0.1124134255692055,109.3880805087878,0.05008033924191896,109.3880804115162,0.03213084765275169,109.3880803502925,0.02463398039965787
111.9360564186718,0.1116001688984006,111.9360562336839,0.04963818129656011,111.9360561361871,0.03191773604292794,111.9360560780918,0.02450079414955156
114.5433821239766,0.1107862894725731,114.5433819376676,0.04919716091664169,114.543381840184,0.03170617371380829,114.5433817851038,0.02436961838485968
117.2114402467636,0.1099718082145456,117.2114400594456,0.04875734950373616,117.2114399619938,0.03149614973091763,117.211439909945,0.02424049500024707
119.9416454267655,0.1091567461227526,119.9416452389483,0.04831885207790731,119.9416451412896,0.03128766548522641,119.9416450923644,0.02411346786295566
122.7354452549064,0.1083411242601205,122.7354450675006,0.04788183460495323,122.7354449689654,0.0310807306138931,122.7354449233043,0.0239885828621524
125.5943210408356,0.1075249637449717,125.5943208556345,0.04744658251808376,125.5943207546542,0.0308753605422624,125.5943207124325,0.02386588797433005
128.5197885983363,0.1067082857439354,128.5197884193115,0.04701363827807794,128.5197883121329,0.03067157495034954,128.5197882735513,0.02374543334304061
131.5133990490304,0.1058911114668658,131.5133988863171,0.04658415976942459,131.5133987630225,0.03046939678824542,131.5133987283038,0.02362727137190431
134.5767396448043,0.1050734621637835,134.5767395286437,0.0461609290944402,134.576739359211,0.03026885162932579,134.5767393285976,0.02351145683032995
137.71143460939,0.1042553591238646,137.7114346338315,0.04575079955898066,137.7114343244353,0.03006996723813021,137.7114342981873,0.02339804697175661
140.9191459995508,0.1034368236765222,140.9191462773339,0.0453641561606767,140.9191457154648,0.02987277327871648,140.9191456938595,0.02328710166452206
144.2015745863249,0.102617877194638,144.2015747923133,0.04499767196925253,144.2015743033454,0.02967730111748544,144.2015742866777,0.0231786835357065
147.5604607567981,0.1017985411000169,147.560460730608,0.04463898960768678,147.5604604751712,0.02948358369121762,147.5604604637531,0.02307285812850906
150.9975854368781,0.1009788368711505,150.9975853116802,0.04428371662933198,150.9975851568598,0.02929165542129819,150.9975851510211,0.02296969407390306
154.5147710355675,0.1001587860533907,154.5147708749524,0.04393065761533461,154.5147707574232,0.02910155216152015,154.5147707575122,0.02286926327749264
158.1138824112267,0.09933841027164873,158.113882235847,0.04357929486674372,158.1138821352333,0.02891331117097254,158.1138821416169,0.02277164112266629
161.7968278603478,0.09851773124574194,161.7968276776895,0.04322936753828051,161.7968275867937,0.02872697110621657,161.7968275998589,0.02267690669131791
165.5655601293589,0.09769677080852419,165.5655599425756,0.04288074142112256,165.5655598585447,0.02854257202876023,165.5655598786982,0.02258514300358875
169.4220774499949,0.09687555092694218,169.4220772606004,0.04253334967258917,169.4220771822346,0.02836015542507063,169.4220772099048,0.02249643727827613
173.3684245987884,0.09605409372616359,173.3684244075927,0.04218716333479678,173.3684243344088,0.02817976423722187,173.3684243700463,0.02241088121576606
177.4066939812351,0.09523242151692828,177.4066937887156,0.04184217591899215,177.4066937205778,0.02800144290288114,177.406693764656,0.02232857130557329
181.5390267412163,0.09441055682626998,181.53902654768,0.04149839495382423,181.5390264846378,0.02782523740377611,181.539026537654,0.02224960916082953
185.767613896261,0.09358852243175329,185.7676137019218,0.04115583713880685,185.7676136441337,0.02765119532211099,185.7676137066104,0.02217410188233908
190.0946974992536,0.09276634139936668,190.0946973042703,0.04081452544866928,190.094697251966,0.02747936590464389,190.0946973244514,0.02210216245514028
194.5225718271986,0.0919440371252013,194.5225716316983,0.04047448733848165,194.5225715851563,0.02730980013433102,194.5225716682261,0.02203391018086383
199.0535845976775,0.09112163338104601,199.0535844017658,0.04013575359414608,199.0535843613041,0.0271425508095964,199.0535844555613,0.0219694711495839
203.6901382136402,0.09029915436403617,203.6901380174091,0.0397983575745983,203.6901379833772,0.02697767263141435,203.6901380894541,0.02190897875531153
208.4346910371901,0.08947662475053542,208.4346908407213,0.03946233469930247,208.4346908134981,0.02681522229850284,208.4346909320566,0.02185257425979643
213.2897586930402,0.08865406975453881,213.2897584964088,0.03912772209374486,213.2897584763992,0.02665525861102547,213.2897586081324,0.02180040740989626
218.2579154023325,0.08783151519113931,218.257915205606,0.0387945583393426,218.2579151932423,0.02649784258329306,218.2579153388749,0.02175263711444387
223.3417953475231,0.08700898754616167,223.3417951507626,0.03846288329399891,223.3417951465026,0.02634303756604537,223.3417953067914,0.02170943218731729
228.5440940690619,0.08618651405425601,228.5440938723204,0.03813273796152086,228.5440938766484,0.02619090937898381,228.5440940523844,0.02167097216430431
233.8675698946046,0.08536412279027829,233.8675696979249,0.03780416439554309,233.8675697113524,0.02604152645431648,233.8675699033597,0.02163744820237534
239.3150454015165,0.08454184278420235,239.3150452049269,0.03747720562832056,239.3150452279925,0.02589495999217568,239.31504543713,0.02160906407115927
244.8894089134434,0.08371970418166232,244.8894087169492,0.03715190561781042,244.8894087502222,0.02575128412886569,244.8894089773825,0.02158603724778188
250.5936160317449,0.08289773849892056,250.5936158353162,0.03682830920848823,250.5936158793949,0.02561057611901386,250.5936161255058,0.02156860012781306
256.4306912026053,0.08207597908364747,256.4306910061507,0.03650646210270701,256.4306910616653,0.02547291653281191,256.4306913276882,0.02155700136691434
262.4037293206557,0.08125446204715939,262.4037291239758,0.03618641084034158,262.4037291915892,0.02533838946967043,262.4037294785206,0.02155150736993153
268.5158973699805,0.08043322833801765,268.5158971726696,0.0358682027851131,268.51589725308,0.02520708278974992,268.5158975619471,0.02155240394669937
274.7704361034129,0.07961232876783765,274.7704359046416,0.03555188611645056,274.7704359985826,0.02507908836499418,274.7704363304446,0.02155999815678444
281.1706617611508,0.07879183731719822,281.1706615591219,0.03523750982607566,281.170661667365,0.02495450235146834,281.1706620233093,0.0215746203688782
287.7199678300991,0.07797189003717908,287.7199676204758,0.03492512371874386,287.7199677438325,0.02483342548500287,287.7199681249725,0.02159662656466994
294.4218268471246,0.07715281186252423,294.4218266174746,0.03461477841675122,294.4218267567974,0.02471596340236692,294.4218271642677,0.0216264009219076
301.2797922605217,0.07633556194538398,301.2797919644747,0.03430652536795679,301.2797921206601,0.02460222699044191,301.2797925556123,0.02166435871715771
308.2975004368027,0.07552289386101607,308.2974998454872,0.03400041685717229,308.2975000194763,0.02449233276614799,308.297500483072,0.02171094959569295
315.4786726009962,0.07471521122995461,315.4786711421286,0.03369650602085823,315.4786713349096,0.02438640329018945,315.4786718283144,0.02176666126421937
322.8271144835148,0.07389444640040048,322.8271134064828,0.03339484686512928,322.8271136190937,0.02428456761804005,322.8271141434653,0.02183202367209837
330.3467233018172,0.07305695047392992,330.346722879915,0.03309549428713027,330.3467231134457,0.02418696179199226,330.3467236699226,0.02190761375869559
338.0414868223365,0.07221302461133121,338.0414865589116,0.03279850409989234,338.041486814505,0.02409372937854763,338.0414874041927,0.02199406085896254
345.9154845304883,0.07136751198777386,345.9154843090374,0.03250393306081938,345.9154845878912,0.02400502205594165,345.9154852118452,0.02209205287689036
353.9728912336529,0.07052215857019832,353.9728910281338,0.03221183890399622,353.9728913315046,0.02392100025718269,353.9728919907081,0.02220234335777663
362.2179790572704,0.06967771531913156,362.2179788599065,0.03192228037654631,362.2179791891113,0.02384183387465121,362.2179798844489,0.02232575961616632
370.6551196511446,0.06883459129953011,370.6551194590728,0.0316353172793002,370.6551198154882,0.02376770303306654,370.6551205477177,0.02246321210791009
379.288786497242,0.06799306145603397,379.2887863092679,0.03135101051207496,379.2887866943356,0.02369879893849724,379.2887874640494,0.02261570527325872
388.1235572793473,0.06715334169658087,388.1235570949497,0.03106942212389888,388.1235575101756,0.02363532481208769,388.1235583177558,0.02278435012470755
397.1641163095805,0.0663156195085204,397.1641161285439,0.03079061536855267,397.1641165755001,0.02357749691831104,397.1641174210672,0.02297037890998242
406.4152570118661,0.0654800677519199,406.4152568341294,0.03051465476584068,406.4152573144572,0.02352554569887333,406.4152581978047,0.02317516224865523
415.8818844633903,0.06464685138859766,415.8818842889768,0.03024160616904449,415.8818848043848,0.0234797170249011,415.8818857249041,0.02340022922159554
425.5690179953003,0.06381613097485328,425.5690178242843,0.0299715368390598,425.5690183765494,0.02344027358178422,425.5690193331386,0.02364729098592021
435.4817938540051,0.06298806455972122,435.4817936864929,0.02970451552576328,435.4817942774612,0.02340749640305816,435.4817952684154,0.02391826859204749
445.6254679244712,0.062162808747932,445.6254677605934,0.02944061255721336,445.6254683921776,0.02338168657203969,445.6254694150604,0.02421532578669639
456.0054185169606,0.06134051930173886,456.0054183568654,0.02917989993734458,456.0054190310445,0.02336316711262914,456.005420082535,0.02454090767948477
466.6271492186787,0.06052135147635532,466.6271490625297,0.0289224514528816,466.627149781344,0.02335228509383416,466.6271508570524,0.02489778619669078
477.4962918118454,0.05970546019527074,477.4962916598218,0.02866834279027027,477.4962924253713,0.02334941397622654,477.4962935196246,0.02528911317712049
488.6186092597446,0.05889300012588232,488.6186091120393,0.02841765166350165,488.6186099264739,0.02335495623280896,488.6186110320695,0.02571848165864944
499.9999987623286,0.05808412569110834,499.999998619148,0.02817045795379294,499.9999994846654,0.02336934628175431,500.0000005925789,0.02618999514016628
