waveVsWave(?x (OS("/M0" "is") / 2e-06) ?y (OS("/M0" "gm") / OS("/M0" "gds"))) (L=1.8e-07) X,waveVsWave(?x (OS("/M0" "is") / 2e-06) ?y (OS("/M0" "gm") / OS("/M0" "gds"))) (L=1.8e-07) Y,waveVsWave(?x (OS("/M0" "is") / 2e-06) ?y (OS("/M0" "gm") / OS("/M0" "gds"))) (L=3.6e-07) X,waveVsWave(?x (OS("/M0" "is") / 2e-06) ?y (OS("/M0" "gm") / OS("/M0" "gds"))) (L=3.6e-07) Y,waveVsWave(?x (OS("/M0" "is") / 2e-06) ?y (OS("/M0" "gm") / OS("/M0" "gds"))) (L=5.4e-07) X,waveVsWave(?x (OS("/M0" "is") / 2e-06) ?y (OS("/M0" "gm") / OS("/M0" "gds"))) (L=5.4e-07) Y,waveVsWave(?x (OS("/M0" "is") / 2e-06) ?y (OS("/M0" "gm") / OS("/M0" "gds"))) (L=7.2e-07) X,waveVsWave(?x (OS("/M0" "is") / 2e-06) ?y (OS("/M0" "gm") / OS("/M0" "gds"))) (L=7.2e-07) Y
0.0004999223157280791,38.01060904467322,0.0005000165462243068,64.0026428398432,0.0004998943846703101,82.19235912507548,0.0005004546075616837,95.31334830818331
0.0005115364625581172,38.15293076730735,0.0005115385914372117,64.18986236970147,0.0005115354051486679,82.38756180088447,0.000511533283098356,95.50021081624195
0.0005234537981434214,38.29533221644462,0.0005234559253792863,64.37782662284371,0.0005234527356227729,82.58095210929808,0.0005234506141007932,95.69453038960214
0.0005356487341343517,38.43741744881921,0.0005356508591509263,64.56449961014846,0.0005356476666161338,82.77246298592344,0.0005356455424608935,95.88659576309894
0.0005481277368771969,38.57918646451427,0.0005481298596469056,64.74989063453371,0.0005481266643092365,82.96211289074313,0.0005481245375001849,96.07643292730775
0.0005608974231388599,38.72063923094938,0.0005608995436335586,64.93400887474697,0.0005608963454681092,83.14992009547971,0.0005608942159845002,96.26406756829026
0.0005739645638105798,38.86177568605884,0.0005739666820015053,65.11686339955602,0.0005739634809830753,83.33590268753585,0.0005739613488040099,96.44952512484893
0.0005873360874978723,39.0025957390908,0.0005873382033556889,65.29846317003289,0.0005873349994587799,83.5200785734803,0.0005873328645631942,96.63283079327694
0.0006010190841942237,39.14309927139172,0.0006010211976890086,65.47881704184944,0.0006010179908878202,83.70246548260539,0.000601015853254488,96.81400953218704
0.0006150208090402896,39.28328613717756,0.0006150229201415106,65.65793376758951,0.0006150197104099586,83.88308097052884,0.0006150175700174943,96.99308606744522
0.0006293486861706414,39.42315616429147,0.0006293507948471882,65.83582199907269,0.0006293475821588886,84.06194242286891,0.0006293454389857587,97.17008489717215
0.0006440103126501836,39.56270915494829,0.0006440124188703371,66.01249028968363,0.0006440092031986146,84.23906705895219,0.0006440070572231352,97.34503029683719
0.0006590134625021662,39.701944886467,0.0006590155662336305,66.18794709672007,0.0006590123475515165,84.4144719355825,0.0006590101987518493,97.51794632441086
0.0006743660908301404,39.84086311199145,0.0006743681920400021,66.36220078374076,0.0006743649703202479,84.58817395084411,0.0006743628186744055,97.68885682558576
0.0006900763380357811,39.97946356119959,0.0006900784366905472,66.53525962293149,0.0006900752119056124,84.76018984795844,0.0006900730573914674,97.85778543907335
0.0007061525341350986,40.11774594100176,0.0007061546302006791,66.70713179747194,0.0007061514023227369,84.93053621917322,0.0007061492449180307,98.0247556019352
0.0007226032031751202,40.25570993622852,0.0007226052966168143,66.87782540391801,0.000722602065617763,85.09922950968969,0.0007225999053000791,98.1897905549943
0.000739437067753411,40.39335521030925,0.0007394391585359131,67.04734845458178,0.0007394359243873779,85.26628602163755,0.0007394337611341812,98.35291334827228
0.0007566630536429376,40.53068140594007,0.0007566651417303597,67.21570887992949,0.0007566619044036784,85.43172191806309,0.0007566597381922898,98.51414684648597
0.0007742902945246317,40.66768814574424,0.0007742923798804895,67.38291453098047,0.0007742891393467268,85.5955532269659,0.0007742869701543513,98.67351373457956
0.0007923281368302075,40.80437503292251,0.0007923302194173954,67.54897318171271,0.0007923269756473479,85.75779584536157,0.0007923248034510565,98.83103652329474
0.0008107861446977044,40.94074165189749,0.000810788224478539,67.71389253147809,0.0008107849774427373,85.91846554336792,0.0008107828022194733,98.98673755477836
0.000829674105042603,41.07678756894794,0.0008296761819787822,67.87768020742386,0.0008296729316474799,86.07757796831642,0.0008296707533740884,99.14063900821051
0.0008490020327468993,41.21251233283797,0.0008490041067995253,68.04034376691797,0.0008490008531427287,86.23514864890633,0.0008489986717959125,99.29276290548302
0.0008687801759691645,41.34791547543885,0.0008687822470987519,68.20189069998452,0.000868778990086191,86.39119299935432,0.0008687768056425695,99.4431311168638
0.0008890190215782804,41.48299651234431,0.0008890210897447237,68.36232843174318,0.0008890178293458846,86.54572632359054,0.0008890156417819494,99.59176536672088
0.0009097293007136677,41.61775494348063,0.0009097313658762631,68.5216643248577,0.0009097281020603695,86.69876381945899,0.0009097259113525232,99.73868723924457
0.0009309219944750843,41.75219025371086,0.000930924056592542,68.67990568199036,0.0009309207893285781,86.85032058294898,0.0009309185954531118,99.88391818417095
0.0009526083397449968,41.88630191343469,0.0009526103987754162,68.83705974826057,0.0009526071280321009,87.00041161244036,0.0009526049309652256,100.0274795225551
0.0009747998351464763,42.02008937918369,0.0009748018910473576,68.99313371371724,0.0009747986167931807,87.14905181295904,0.0009747964165110027,100.1693924525128
0.0009975082471399379,42.15355209421187,0.0009975102998681863,69.14813471581149,0.0009975070220713841,87.2962560004606,0.000997504818549937,100.3096780549931
0.001020745616261888,42.28668948908392,0.001020747665773798,69.30206984188,0.001020744384402383,87.44203890611786,0.00102074217761761,100.4483572995413
0.001044524263508924,42.41950098225921,0.001044526309760209,69.45494613163865,0.001044523024781962,87.58641518062855,0.001044520814709734,100.5854510500608
0.001068856796870568,42.55198598067365,0.001068858839816343,69.60677057967679,0.001068855551198814,87.72939939853518,0.001068853337814926,100.7209800705864
0.001093756118014164,42.6841438803187,0.001093758157608921,69.75755013796756,0.001093754865319428,87.87100606254546,0.001093752648599615,100.8549650310326
0.001119235429125429,42.81597406681922,0.001119237465323107,69.90729171838365,0.001119234169328755,88.0112496078806,0.001119231949248684,100.9874265129454
0.001145308239908579,42.94747591600913,0.001145310272662483,70.05600219521664,0.001145306972930171,88.1501444066183,0.001145304749465459,101.1183850152316
0.001171988374749201,43.07864879450664,0.001171990404012083,70.20368840771557,0.001171987100508495,88.28770477204921,0.001171984873634697,101.2478609598851
0.001199289980044279,43.20949206028791,0.001199292005768257,70.35035716262489,0.00119928869845986,88.42394496304148,0.0011992864681525,101.3758746976865
0.001227227531702636,43.34000506326161,0.001227229553839274,70.49601523673697,0.001227226242692341,88.55887918840547,0.001227224008926902,101.5024465138816
0.001255815842820384,43.47018714584259,0.001255817861320651,70.64066937945344,0.001255814546301264,88.69252161126643,0.001255812309053185,101.6275966338384
0.001285070071534974,43.60003764352727,0.001285072086349239,70.7843263153532,0.001285068767423291,88.82488635344309,0.001285066526667979,101.7513452286811
0.001315005729062219,43.72955588546864,0.00131500774014029,70.92699274677784,0.001315004417273483,88.95598749982199,0.001315002172986344,101.8737124208725
0.001345638687920613,43.85874119505343,0.001345640695211695,71.06867535641771,0.001345637368369557,89.08583910274103,0.00134563512052597,101.9947182898035
0.001376985190347057,43.98759289048132,0.001376987193799796,71.20938080991669,0.001376983862947685,89.21445518635568,0.001376981611523014,102.1143828772814
0.00140906185690882,44.11611028534558,0.001409063856471266,71.34911575848282,0.001409060521574372,89.34184975102788,0.001409058266543981,102.2327261930563
0.001441885695315875,44.24429268921656,0.001441887690935516,71.48788684151039,0.00144188435195886,89.46803677768851,0.001441882093298126,102.3497682202211
0.001475474109438691,44.37213940822855,0.001475476101062443,71.62570068921546,0.001475472757970904,89.59303023220646,0.001475470495655196,102.4655289206352
0.001509844908535952,44.49964974566927,0.001509846896110174,71.76256392528117,0.00150984354886847,89.7168440697525,0.001509841282873187,102.5800282402382
0.001545016316697283,44.62682300257334,0.001545018300167756,71.89848316950999,0.001545014948740485,89.83949223914441,0.001545012679041046,102.6932861143443
0.001581006982505913,44.75365847832052,0.001581008961817863,72.03346504049712,0.001581005606169464,89.96098868719668,0.001581003332741336,102.8053224728664
0.001617835988926362,44.8801554712371,0.001617837964024473,72.16751615830415,0.001617834604119262,90.08134736304521,0.001617832326937929,102.9161572454563
0.001655522863422522,45.00631327920356,0.001655524834250908,72.30064314715145,0.001655521470053105,90.20058222246497,0.001655519189094105,103.0258103666128
0.00169408758831138,45.13213120026671,0.001694089554813595,72.43285263811821,0.001694086186287295,90.31870723217351,0.001694083901526214,103.1343017806815
0.00173355061135785,45.25760853325761,0.001733552573476937,72.56415127185767,0.001733549200586112,90.43573637411151,0.00173354691199861,103.2416514467935
0.001773932856616502,45.38274457841536,0.001773934814294959,72.69454570131791,0.001773931437003515,90.55168364970956,0.001773929144565313,103.3478793437214
0.001815255735525807,45.50753863801811,0.001815257688705561,72.82404259447694,0.001815254306977303,90.66656308412358,0.00181525201066419,103.4530054746383
0.001857541158260631,45.63199001701938,0.00185754310688313,72.95264863709147,0.001857539720681773,90.78038873045737,0.001857537420469645,103.5570498717937
0.001900811545349478,45.75609802369292,0.001900813489355622,73.08037053544831,0.001900810098644831,90.89317467395064,0.001900807794509651,103.6600326010858
0.001945089839562013,45.87986197028445,0.001945091778892171,73.20721501913633,0.001945088383635523,91.00493503613865,0.001945086075553379,103.7619737665255
0.001990399518073655,46.00328117367099,0.001990401452667727,73.33318884381765,0.001990398052828765,91.11568397897764,0.001990395740775841,103.8628935146028
0.002036764604913584,46.126354956029,0.002036766534710906,73.45829879401767,0.002036763130253129,91.2254357089397,0.002036760814205715,103.9628120385285
0.0020842096837024,46.24908264551086,0.002084211608641868,73.58255168591953,0.002084208199528728,91.33420448106847,0.002084205879463275,104.0617495823552
0.002132759910686914,46.3714635769304,0.002132761830706887,73.70595437016628,0.002132758416901817,91.44200460298302,0.002132756092794892,104.1597264449767
0.00218244102807818,46.49349709245708,0.002182442943116529,73.82851373467608,0.002182439524582953,91.54885043885513,0.002182437196411259,104.2567629839892
0.002233279377700328,46.6151825423211,0.002233281287694508,73.95023670746038,0.002233277864395819,91.65475641332506,0.002233275532136203,104.3528796194099
0.002285301914957509,46.73651928552756,0.002285303819844433,74.07113025944923,0.002285300391744057,91.75973701536182,0.002285298055373558,104.4480968372624
0.002338536223125827,46.85750669058076,0.002338538122841992,74.19120140732632,0.002338534689903362,91.86380680208688,0.002338532349399167,104.5424351929874
0.002393010527978523,46.97814413622013,0.002393012422459923,74.31045721636386,0.002393008984646513,91.96698040251793,0.002393006639985976,104.6359153147089
0.002448753712751497,47.09843101216656,0.002448755601933709,74.42890480326804,0.002448752159209002,92.06927252125615,0.002448749810369697,104.728557906332
0.002505795333457678,47.21836671987982,0.00250579721727587,74.54655133901953,0.002505793769603404,92.1706979421149,0.002505791416563079,104.8203837504559
0.002564165634558015,47.33795067332849,0.002564167512946916,74.66340405172478,0.002564164060290259,92.27127153165853,0.0025641617030269,104.9114137111159
0.002623895564997493,47.45718229977089,0.002623897437891334,74.77947022946204,0.002623893980214198,92.37100824267876,0.002623891618705949,105.0016687363204
0.002685016794614549,47.57606104054937,0.002685018661947263,74.89475722313129,0.002685015199213388,92.46992311758531,0.002685012833438644,105.0911698604083
0.002747561730933053,47.69458635189605,0.002747563592638119,75.00927244929844,0.002747560124811332,92.56803129170281,0.002747557754748743,105.1799382061879
0.002811563536345032,47.81275770575264,0.002811565392355538,75.12302339303919,0.002811561919399823,92.66534799649207,0.002811559545028241,105.2679949868662
0.002877056145693889,47.93057459060248,0.002877057995942584,75.23601761077907,0.002877054517821985,92.76188856265168,0.002877052139120526,105.3553615077488
0.002944074284267142,48.04803651231659,0.002944076128686354,75.34826273312311,0.002944072645365059,92.85766842314605,0.00294407026231311,105.4420591677226
0.00301265348620808,48.16514299501353,0.003012655324729825,75.45976646768185,0.003012651836172198,92.95270311609454,0.003012649448749379,105.5281094604854
0.00308283011335662,48.28189358193308,0.003082831945912552,75.57053660188485,0.003082828452083074,93.04700828756978,0.003082826060269326,105.6135339755405
0.003154641374528725,48.39828783632427,0.003154643201050197,75.68058100578311,0.003154639701913513,93.14059969426657,0.003154637305689009,105.6983543989166
0.003228125345245018,48.51432534234829,0.003228127165663048,75.7899076348357,0.003228123661184028,93.23349320604757,0.003228121260529266,105.7825925136461
0.003303320987919035,48.63000570599554,0.00330332280216432,75.89852453268307,0.003303319292307988,93.32570480835226,0.003303316887203773,105.86627019995
0.003380268172515455,48.74532855601807,0.003380269980518429,76.00643983389885,0.003380266465249999,93.41725060446844,0.003380264055677425,105.9494094351457
0.003459007697689745,48.86029354487784,0.003459009499380563,76.11366176672176,0.003459005978665531,93.50814681767035,0.003459003564606013,106.0320322932636
0.003539581312420242,48.9749003497094,0.003539583107728794,76.22019865576389,0.0035395795815328,93.59840979317725,0.003539577162968078,106.1141609443616
0.003622031738143875,49.08914867329886,0.003622033526999795,76.32605892469105,0.003622029995288816,93.68805599998325,0.003622027572200914,106.1958176535338
0.003706402691407664,49.20303824507852,0.003706404473740385,76.43125109887559,0.003706400936480606,93.77710203249569,0.003706398508851929,106.2770247795887
0.003792738907047959,49.31656882213773,0.003792740682786661,76.53578380801487,0.003792737139944536,93.86556461201414,0.00379273470775786,106.3578047734112
0.003881086161909228,49.42974019024952,0.003881087930982921,76.63966578871536,0.00388108438252519,93.95346058802353,0.003881081945763567,106.4381801759781
0.003971491299115664,49.54255216491368,0.003971493061453178,76.74290588703572,0.003971489507346927,94.0408069392934,0.003971487065993787,106.5181736160355
0.004064002252908084,49.65500459241636,0.004064004008438079,76.84551306099172,0.004064000448650602,94.12762077478425,0.004063998002689759,106.5978078074134
0.004158668074059116,49.7670973509063,0.004158669822710088,76.94749638300893,0.004158666257209126,94.21391933435288,0.004158663806624743,106.6771055459856
0.004255538955880816,49.87883035148678,0.004255540697581124,77.04886504233095,0.004255537126334681,94.29971998922983,0.004255534671111266,106.756089706248
0.004354666260837566,49.99020353932585,0.004354667995515508,77.14962834736968,0.004354664418491935,94.38504024229462,0.004354661958614406,106.8347832375211
0.004456102547779342,50.10121689478124,0.004456104275363078,77.24979572800122,0.004456100692531135,94.4698977281064,0.004456098227984754,106.9132091597663
0.004559901599808989,50.21187043454368,0.004559903320226634,77.34937673779595,0.004559899731555427,94.55431021269916,0.004559897262325838,106.9913905590008
0.004666118452798819,50.32216421279594,0.004666120165978446,77.44838105618597,0.004666116571437465,94.63829559313395,0.004666114097510683,107.0693505823137
0.004774809424571337,50.43209832238871,0.004774811130440906,77.54681849055697,0.004774807530000054,94.7218718967965,0.004774805051362496,107.1471124324643
0.004886032144759539,50.54167289603365,0.004886033843247111,77.64469897826696,0.004886030236876696,94.80505728042219,0.004886027753515168,107.224699362066
0.004999845585363282,50.65088810751161,0.004999847276396827,77.74203258858466,0.004999843664067584,94.88787002885699,0.004999841175969189,107.3021346673444
0.005116310092016534,50.75974417289889,0.005116311775524105,77.83882952453736,0.005116308157207226,94.97032855353328,0.005116305664359547,107.3794416814611
0.005235487415983885,50.86824135180858,0.005235489091893566,77.93510012467451,0.005235485467560658,95.05245139065529,0.005235482969951598,107.4566437674042
0.005357440746901559,50.97637994864832,0.005357442415141535,78.03085486472801,0.005357438784764665,95.13425719908594,0.005357436282382502,107.5337643104357
0.00548223474628155,51.08416031389401,0.005482236406780094,78.12610435917341,0.005482232770331784,95.2157647579271,0.005482230263165228,107.6108267100778
0.005609935581796011,51.19158284537868,0.005609937234481472,78.22085936268347,0.005609933591934768,95.29699296378257,0.005609931079972788,107.6878543716746
0.005740610962360211,51.29864798959781,0.005740612607161086,78.31513077146575,0.005740608958489458,95.37796082769258,0.005740606441721498,107.7648706974678
0.005874330174032548,51.40535624302775,0.005874331810877603,78.4089296244809,0.005874328156055089,95.45868747174572,0.005874325634470799,107.84189907723
0.006011164116751336,51.51170815346072,0.006011165745569399,78.50226710453707,0.006011162084570454,95.53919212533521,0.006011159558159956,107.9189628784354
0.006151185341926371,51.61770432135287,0.0061511869626465,78.59515453924489,0.006151183295446177,95.61949412107462,0.006151180764199901,107.9960854359558
0.006294468090907114,51.72334540118631,0.006294469703458646,78.68760340184129,0.006294466030032426,95.69961289035317,0.006294463493941057,108.0732900413099
0.006441088334346048,51.8286321028443,0.00644108993865862,78.77962531186155,0.006441086258982552,95.77956795852305,0.006441083718037133,108.1505999314213
0.006591123812479712,51.93356519299999,0.006591125408483144,78.87123203566009,0.006591121722533789,95.85937893971843,0.006591119176725671,108.2280382769389
0.006744654076347201,52.03814549651577,0.00674465566397177,78.96243548677087,0.006744651971726191,95.93906553128558,0.006744649421047047,108.3056281700727
0.00690176052996961,52.14237389785582,0.006901762109145767,79.05324772610237,0.006901758410581662,96.01864750783376,0.006901755855023245,108.3833926119745
0.007062526473511146,52.24625134250784,0.007062528044169777,79.14368096195514,0.007062524339265246,96.09814471488377,0.007062521778819783,108.4613544996662
0.00722703714744615,52.34977883841606,0.007227038709518522,79.23374754985994,0.007227034998252283,96.17757706211914,0.007227032432912114,108.5395366124973
0.007395379777754707,52.45295745742238,0.007395381331172526,79.32345999222441,0.007395377613523776,96.25696451622899,0.007395375043281539,108.6179615981657
0.007567643622171094,52.55578833671699,0.007567645166866508,79.41283093778509,0.007567641442814982,96.33632709333828,0.007567638867663326,108.6966519582864
0.007743920017509245,52.65827268029498,0.007743921553414872,79.50187318085209,0.007743917822940863,96.41568485101978,0.007743915242872766,108.7756300335276
0.007924302428090963,52.76041176042083,0.007924303955139853,79.59059966034368,0.007924300218224135,96.49505787987908,0.0079242976332326,108.8549179883044
0.008108886495301634,52.86220691909666,0.008108888013427424,79.67902345859689,0.008108884270051306,96.57446629472049,0.008108881680129474,108.9345377950699
0.008297770088300892,52.96365956953576,0.008297771597437661,79.76715779995344,0.008297767847583,96.65393022526951,0.00829776525272409,109.0145112181757
0.008491053355913882,53.06477119763873,0.008491054855996371,79.85501604910657,0.008491051099645458,96.73346980647767,0.008491048499842767,109.0948597973459
0.008688838779731587,53.16554336347081,0.008688840270695199,79.94261170920414,0.008688836507830802,96.81310516837335,0.008688833903077538,109.1756048307567
0.008891231228448131,53.26597770274018,0.008891232710228736,80.02995841969928,0.008891228940834137,96.89285642548157,0.008891226331123556,109.2567673577391
0.009098338013463114,53.36607592827437,0.009098339485997298,80.11706995393892,0.009098335710056164,96.97274366581095,0.009098333095381479,109.3383681411272
0.009310268945779944,53.46583983149415,0.00931027040900491,80.20396021648493,0.00931026662650144,97.05278693938611,0.009310264006855647,109.4204276492561
0.009527136394228879,53.56527128388355,0.009527137848082529,80.29064324015872,0.009527134059001328,97.13300624635268,0.00952713143437732,109.502966037633
0.009749055345046449,53.66437223845293,0.009749056789467433,80.37713318279756,0.009749052993793469,97.21342152463008,0.009749050364183914,109.5860031303012
0.009976143462842748,53.76314473119489,0.009976144897770557,80.46344432372329,0.009976141095489081,97.29405263714456,0.009976138460886564,109.6695584009077
0.010208521152989,53.86159088252995,0.01020852257836363,80.54959105990568,0.01020851876946036,97.37491935861186,0.01020851612985688,109.7536509535009
0.01044631162545752,53.95971289874067,0.01044631304121992,80.63558790181939,0.01044630922568089,97.45604136189566,0.0104463065810683,109.8382995030853
0.01068964096014976,54.05751307339188,0.01068964236624172,80.72144946898429,0.01068963854405316,97.53743820394247,0.01068963589442287,109.9235223559324
0.01093863817374543,54.15499378873464,0.01093863957010935,80.8071904851829,0.01093863574125785,97.61912931128921,0.0109386330866007,110.0093373897054
0.01119343528810875,54.25215751709224,0.01119343667468809,80.89282577334585,0.01119343283916028,97.70113396516257,0.01119343017946677,110.0957620333952
0.01145416740028831,54.34900682222529,0.01145416877702719,80.97837025010062,0.01145416493481004,97.78347128616605,0.01145416227006982,110.182813247098
0.01172097275414714,54.445544360673,0.01172097412099063,81.06383891997427,0.01172097027207117,97.86616021857449,0.01172096760227351,110.2705075016762
0.01199399281366152,54.54177288306949,0.01199399417055564,81.14924686924495,0.01199399031492092,97.94921951423255,0.01199398764005418,110.3588607583066
0.01227337233792738,54.6376952354307,0.01227337368481892,81.23460925943702,0.01227336982245607,98.03266771608052,0.01227336714250787,110.4478884479684
0.01255925945791288,54.7333143604105,0.01255926079474957,81.31994132045111,0.01255925692564572,98.11652314130836,0.01255925424060284,110.5376054508749
0.01285180575499992,54.82863329852155,0.01285180708173029,81.40525834332472,0.01285180320587244,98.20080386416164,0.0128518005157207,110.6280260759057
0.01315116634135414,54.92365518931918,0.01315116765792792,81.49057567261924,0.01315116377530296,98.28552769840084,0.01315116108002707,110.7191640400439
0.01345749994216814,55.01838327254475,0.01345750124853574,81.5759086984264,0.01345749735913025,98.37071217943465,0.01345749465871388,110.8110324478678
0.01377096897981886,55.1128208892237,0.01377097027593164,81.66127284799259,0.01377096637973206,98.45637454614892,0.01377096367415768,110.9036437711233
0.01409173965998673,55.20697148271786,0.01409174094579696,81.74668357695202,0.01409173704278927,98.54253172243779,0.0140917343320381,110.9970098284086
0.01441998205977965,55.3008385997253,0.01441998333524057,81.83215636017187,0.01441997942541034,98.62920029846212,0.01441997670946216,111.0911417649975
0.01475587021791047,55.39442589122569,0.01475587148297624,81.91770668220147,0.01475586756630854,98.71639651165216,0.0147558648451417,111.186050032852
0.01509958222697441,55.48773711336715,0.01509958348159994,82.00335002732527,0.01509957955807936,98.80413622747076,0.01509957683167064,111.2817443708377
0.01545130032787622,55.58077612829045,0.01545130157201746,82.08910186921646,0.01545129764162767,98.89243491997024,0.01545129490995226,111.3782337851897
0.0158112110064568,55.67354690488654,0.01581121224007044,82.17497766019312,0.0158112083027945,98.98130765214776,0.01581120556582579,111.4755265302511
0.01617950509237006,55.76605351948275,0.01617950631541377,82.26099282007132,0.0161795023712338,99.07076905614188,0.01617949962894324,111.5736300895301
0.01655637786026387,55.85830015645422,0.01655637907269611,82.34716272462119,0.01655637512159321,99.16083331327286,0.01655637237395036,111.6725511570982
0.01694202913331705,55.95029110875523,0.01694203033509694,82.43350269362243,0.01694202637705136,99.2515141339764,0.0169420236240236,111.7722956193703
0.01733666338918796,56.04203077836608,0.01733666458027561,82.520027978523,0.01733666061526596,99.34282473763241,0.01733665785681867,111.8728685372937
0.01774048986843191,56.13352367665153,0.0177404910487878,82.60675374970312,0.01774048707679186,99.43477783233359,0.017740484312888,111.9742741289817
0.01815372268544248,56.22477442462404,0.01815372385502816,82.69369508334741,0.01815371987602198,99.52738559461601,0.01815371710662212,112.0765157528251
0.01857658094197862,56.31578775310926,0.01857658210075594,82.78086694792991,0.0185765781147141,99.62065964917278,0.01857657533977624,112.1795958911061
0.01900928884333455,56.40656850280655,0.01900928999126623,82.86828419031606,0.01900928599816159,99.71461104859198,0.01900928321764116,112.28351613416
0.01945207581721717,56.49712162424095,0.01945207695426623,82.95596152148973,0.01945207295406972,99.80925025314325,0.01945207016791936,112.3882771650903
0.01990517663539066,56.58745217760001,0.01990517776152081,83.04391350190797,0.01990517375420159,99.90458711063702,0.01990517096237098,112.4938787450955
0.02036883153815679,56.67756533245045,0.02036883265333178,83.13215452649557,0.02036882863885669,100.0006308363977,0.0203688258412926,112.6003196994065
0.02084328636173232,56.7674663673297,0.02084328746591653,83.22069880928498,0.02084328344425029,100.0973899933763,0.02084328064089626,112.7075979038877
0.02132879266859545,56.85716066920575,0.02132879376175332,83.30956036771259,0.02132878973285825,100.1948724724357,0.02132878692365462,112.8157102723006
0.02182560788086735,56.94665373279976,0.02182560896296352,83.39875300658244,0.02182560492679915,100.293085472836,0.02182560211168288,112.9246527442848
0.02233399541680062,57.03595115976641,0.02233399648779957,83.4882903017058,0.02233399244432285,100.3920354829587,0.02233398962322734,113.0344202740459
0.02285422483044709,57.1250586577244,0.02285422589031364,83.5781855832349,0.02285422183947859,100.4917282612981,0.02285421901233343,113.1450068197998
0.02338657195457925,57.21398203913304,0.02338657300327775,83.66845191869756,0.02338656894503526,100.5921688177495,0.02338656611176666,113.2564053339788
0.02393131904694047,57.30272722000731,0.02393132008443498,83.75910209575301,0.02393131601873274,100.6933613952321,0.02393131317926251,113.3686077542178
0.02448875493990136,57.39130021846588,0.02448875596615557,83.85014860468065,0.02448875189293743,100.795309451671,0.02448874904718379,113.4816049951417
0.02505917519360269,57.47970715310584,0.02505917620857962,83.94160362062091,0.02505917212778648,100.8980156423796,0.02505916927566301,113.5953869409712
0.02564288225266539,57.56795424119782,0.02564288325632762,84.03347898558303,0.02564287916789597,101.0014818028588,0.0256428763093123,113.7099424389471
0.02624018560655109,57.65604779669516,0.02624018659885996,84.1257861902419,0.02624018250272255,101.1057089320615,0.02624017963758362,113.8252592936025
0.02685140195365647,57.74399422805127,0.02685140293457265,84.21853635553904,0.02685139883065773,101.2106971761348,0.02685139595886412,113.9413242618779
0.02747685536923223,57.83180003583791,0.02747685633871481,84.31174021411198,0.02747685222694642,101.3164458126868,0.02747684934839382,114.0581230490907
0.02811687747721055,57.91947181015917,0.02811687843521758,84.40540809157157,0.02811687431551502,101.4229532355863,0.02811687143009424,114.1756403057679
0.02877180762603832,58.00701622785409,0.02877180857252586,84.49954988764922,0.02877180444480356,101.5302169403446,0.02877180155240075,114.2938596253441
0.02944199306860271,58.09444004948212,0.02944199400352522,84.59417505723815,0.02944198986769255,101.6382335100894,0.0294419869681883,114.4127635427223
0.03012778914634968,58.18175011608447,0.03012779006965969,84.68929259135149,0.03012778592562064,101.7469986021652,0.03012778301889059,114.5323335337011
0.0308295594776912,58.26895334571666,0.03082956038933861,84.78491099802265,0.03082955623699185,101.8565069353844,0.03082955332290617,114.6525500152681
0.03154767615079944,58.35605672974425,0.03154767705073224,84.88103828317419,0.03154767288997042,101.9667522779478,0.03154766996839365,114.7733923467481
0.03228251992089457,58.44306732889721,0.03228252080905715,84.97768193147854,0.03228251663976718,102.0777274360612,0.03228251371055861,114.8948388318081
0.03303448041212401,58.52999226907674,0.03303448128845871,85.07484888724004,0.03303447711052102,102.1894242432702,0.03303447417353367,115.0168667213026
0.03380395632414854,58.61683873690846,0.03380395718859359,85.17254553532594,0.03380395300188257,102.3018335505266,0.03380395005696388,115.1394522169595
0.03459135564353627,58.70361397503643,0.03459135649602681,85.27077768217075,0.03459135230040986,102.414945217008,0.03459134934740107,115.2625704758838
0.03539709586008405,58.79032527715322,0.03539709670055088,85.36955053688644,0.03539709249588834,102.5287481017111,0.03539708953462496,115.3861956158737
0.03622160418817447,58.87697998275981,0.03622160501654471,85.46886869250498,0.03622160080269028,102.6432300558266,0.03622159783300116,115.5103007215327
0.03706531779329254,58.96358547165107,0.03706531860948811,85.56873610738248,0.03706531438628775,102.7583779159089,0.03706531140799536,115.6348578511562
0.03792868402381482,59.05014915812239,0.03792868482775337,85.66915608679457,0.03792868059504512,102.8741774978606,0.03792867760796584,115.7598380443774
0.03881216064820035,59.13667848489096,0.03881216143979366,85.7701312647538,0.03881215719740823,102.9906135917331,0.03881215420135128,115.8852113305562
0.0397162160977054,59.22318091673051,0.03971621687686004,85.87166358607573,0.03971621262461965,103.1076699573546,0.03971620961938802,116.0109467378855
0.04064132971475178,59.30966393381319,0.04064133048136811,85.97375428872657,0.04064132621908679,103.2253293207894,0.0406413232044763,116.1370123031884
0.04158799200708076,59.39613502475613,0.04158799276105269,86.07640388648019,0.0415879884885359,103.3435733716385,0.04158798546433565,116.2633750823906
0.04255670490782648,59.48260167936873,0.04255670564904149,86.17961215191488,0.04255670136608567,103.4623827611753,0.04255669833207749,116.3900011616429
0.04354798204164814,59.56907138109913,0.04354798276998591,86.28337809977764,0.04354797847637835,103.5817371013297,0.04354797543233734,116.516855669056
0.04456234899705963,59.65555159917612,0.04456234971239215,86.38769997074755,0.04456234540791118,103.7016149645055,0.04456234235360471,116.6439027870362
0.04560034360510441,59.74204978044497,0.04560034430729564,86.49257521562524,0.04560033999170972,103.8219938842369,0.04560033692689786,116.7711057651821
0.04666251622451999,59.82857334089626,0.04666251691342503,86.59800047997552,0.0466625125864929,103.9428503566799,0.04666250951092875,116.8984269337199
0.04774943003354555,59.91512965688558,0.04774943070901114,86.70397158925375,0.04774942637048119,104.0641598429278,0.04774942328390955,117.0258277174499
0.04886166132852741,60.00172605604464,0.04886166199038939,86.81048353444024,0.04886165764000024,104.1858967721438,0.04886165454215907,117.1532686501607
0.04999979982947712,60.08836980788298,0.0499998004775621,86.91753045820951,0.04999979611504151,104.3080345455082,0.04999979300566062,117.2807093895058
0.05116444899275079,60.17506811408192,0.0511644496268739,87.0251056416617,0.05116444525193929,104.4305455409537,0.05116444213074064,117.4081087322831
0.0523562263310079,60.26182809848047,0.0523562269509737,87.13320149163782,0.05235622256333115,104.5534011186911,0.05235621943002895,117.5354246301111
0.05357576374062617,60.34865679675652,0.05357576434622742,87.24180952864478,0.05357575994557182,104.6765716275046,0.05357575679987182,117.6626142054533
0.05482370783674056,60.43556114580444,0.05482370842775727,87.35092037540983,0.05482370401377214,104.8000264117979,0.05482370085537291,117.7896337679758
0.05610072029608681,60.52254797281362,0.05610072087228613,87.4605237460911,0.05610071644464359,104.9237338193769,0.05610071327323496,117.916438831187
0.0574074782078321,60.6096239840499,0.05740747876896768,87.57060843615811,0.05740747432732784,105.047661209953,0.05740747114259163,118.0429841293508
0.05874467443257713,60.69679575334674,0.05874467497838808,87.68116231296584,0.05874467052239855,105.1717749643411,0.05874466732400836,118.1692236346306
0.06011301796971678,60.78406971030821,0.06011301849992809,87.79217230703804,0.06011301402922527,105.2960404943343,0.06011301081684569,118.2951105744317
0.06151323433336588,60.87145212823363,0.06151323484768609,87.90362440407719,0.06151323036189307,105.4204222532332,0.06151322713518143,118.420597448924
0.06294606593703168,60.95894911176655,0.06294606643515442,88.01550363771503,0.06294606193388197,105.5448837470087,0.06294605869248612,118.5456360487052
0.06441227248725517,61.04656658427908,0.06441227296885603,88.12779408301773,0.06441226845170188,105.6693875460664,0.06441226519526158,118.6701774725826
0.06591263138641401,61.13431027499715,0.06591263185115215,88.24047885075764,0.06591262731770182,105.7938952975982,0.06591262404584763,118.7941721454438
0.06744793814491491,61.22218570587729,0.06744793859243133,88.35354008246239,0.0674479340422557,105.9183677384861,0.06744793075461034,118.9175698361934
0.06901900680298162,61.31019817824444,0.0690190072328974,88.46695894624931,0.06901900266555516,106.0427647087389,0.06901899936173206,119.0403196757193
0.07062667036227004,61.39835275920152,0.07062667077418777,88.58071563345258,0.07062666618922357,106.1670451654305,0.07062666286882693,119.1623701748827
0.07227178122753668,61.48665426782129,0.0722717816210388,88.6947893560511,0.07227177701798329,106.2911671971142,0.07227177368060954,119.2836692424876
0.07395521165859648,61.57510726113487,0.07395521203324383,88.80915834489733,0.0739552074116144,106.415088038686,0.07395520405685015,119.404164203218
0.07567785423280421,61.66371601992823,0.07567785458813636,88.9237998487519,0.07567784994743626,106.538764086667,0.07567784657485914,119.5238018155262
0.07744062231831228,61.75248453436092,0.07744062265384637,89.03869013412613,0.07744061799356435,106.6621509148805,0.07744061460274318,119.6425282894376
0.07924445055835022,61.84141648942281,0.07924445087357999,89.1538044859272,0.07924444619319058,106.7852032904924,0.07924444278368489,119.7602893042659
0.08109029536678436,61.93051525024332,0.08109029566118015,89.26911720890855,0.0810902909601436,106.9078751903879,0.0810902875315041,119.8770300262154
0.08297913543522267,62.01978384726957,0.08297913570822962,89.38460162991875,0.08297913098599112,107.0301198178584,0.08297912753775862,119.9926951258512
0.08491197225192731,62.10922496133164,0.08491197250296575,89.5002301009435,0.08491196775895589,107.1518896195683,0.08491196429066258,120.1072287954292
0.08688983063282008,62.19884090861133,0.08688983086128317,89.61597400293421,0.08688982609491791,107.2731363027791,0.08688982260608624,120.2205747660672
0.08891375926485064,62.28863362553407,0.08891375947010544,89.73180375041528,0.08891375468078554,107.3938108527959,0.08891375117092824,120.3326763247447
0.09098483126202543,62.37860465360286,0.0909848314434115,89.84768879685839,0.09098482663052276,107.5138635506205,0.09098482309914369,120.4434763311234
0.09310414473438727,62.46875512419449,0.09310414489121517,89.9635976408135,0.0931041400541274,107.6332439907773,0.09310413650072102,120.5529172341738
0.09527282337024705,62.55908574333855,0.09527282350179886,90.0794978327847,0.09527281863986768,107.7519010992902,0.0952728150639176,120.6609410886076
0.09749201703197878,62.64959677650029,0.09749201713750552,90.19535598283365,0.09749201225007054,107.8697831517839,0.09749200865105168,120.7674895711003
0.09976290236569071,62.74028803338976,0.09976290244441424,90.31113776890027,0.09976289753079848,107.9868377916935,0.09976289390817587,120.8725039963015
0.1020866834251,62.8311588528188,0.1020866834762092,90.42680794581938,0.1020866785357221,108.1030120485471,0.102086674888951,120.9759253326393
0.1044645923099374,62.9222080876296,0.1044645923325897,90.54233035501892,0.1044645873645229,108.2182523563116,0.1044645836930482,121.0776942178924
0.1068978898192217,63.01343408971787,0.1068978898125418,90.65766793487938,0.1068978848161719,108.3325045717763,0.1068978811194296,121.1777509745597
0.1093878661197542,63.10483469517331,0.1093878660828318,90.77278273173788,0.1093878610574201,108.4457139929493,0.1093878573348353,121.276035624997
0.1119358414301801,63.19640720956372,0.1119358413620723,90.88763591151167,0.1119358363068629,108.5578253774614,0.1119358325578504,121.3724879063505
0.114543166720987,63.28814839338474,0.1145431666207148,91.0021877719248,0.1145431615349359,108.6687829609432,0.1145431577589011,121.467047285266
0.1172112244308082,63.3800544477014,0.1172112242973555,91.11639775531322,0.1172112191802192,108.7785304753741,0.1172112153765572,121.5596529723944
0.1199414291994058,63.47212100000508,0.1199414290317228,91.23022446198753,0.1199414238824248,108.887011167379,0.1199414200505201,121.6502439366934
0.1227352286177385,63.56434309031236,0.1227352284147351,91.34362566412894,0.1227352232324554,108.994167816461,0.1227352193716814,121.7387589195338
0.1255941039954848,63.65671515752836,0.1255941037560354,91.4565583201958,0.1255940985399362,109.0999427531588,0.1255940946496574,121.8251364486153
0.1285195711464622,63.74923102610203,0.1285195708693999,91.56897858981657,0.1285195656186283,109.2042778771135,0.1285195616981969,121.9093148517032
0.1315131811923222,63.84188389299601,0.1315131808764444,91.68084184914876,0.1315131755901286,109.3071146750443,0.1315131716388879,121.9912322702064
0.1345765213849852,63.9346663149977,0.1345765210290456,91.79210270667042,0.1345765157062991,109.4083942386079,0.1345765117235804,122.0708266725866
0.1377112159482136,64.0275701963935,0.1377112155509267,91.90271501939209,0.1377112101908457,109.5080572821526,0.1377112061759696,122.1480358676356
0.1409189269388021,64.12058677703361,0.1409189264988417,92.01263190945485,0.1409189211005047,109.6060441603437,0.1409189170527811,122.2227975176236
0.1442013551278218,64.2137066208081,0.1442013546438186,92.12180578109628,0.1442013492062872,109.7022948856727,0.144201345125016,122.2950491513277
0.1475602409023871,64.3069196045594,0.1475602403729312,92.23018833795615,0.1475602348952501,109.7967491458266,0.1475602307797184,122.3647281769771
0.1509973651884391,64.40021490745393,0.1509973646120757,92.3377306007024,0.150997359093273,109.8893463209375,0.1509973549427571,122.4317718951077
0.1545145503950102,64.49358100083448,0.1545145497702408,92.44438292494995,0.1545145442093263,109.9800255006906,0.1545145400230928,122.4961175113688
0.1581136613804912,64.58700563857539,0.1581136607057738,92.55009501945136,0.1581136551017411,110.0687255013071,0.1581136508790435,122.5577021492815
0.1617966064414048,64.68047584796201,0.1617966057151533,92.65481596453549,0.1617966000669768,110.1553848823921,0.161796595807057,122.6164628629825
0.1655653383242095,64.77397792111374,0.1655653375447914,92.75849423077378,0.1655653318514294,110.2399419636592,0.1655653275535177,122.6723366499718
0.1694218552606699,64.86749740697056,0.1694218544264059,92.86107769785043,0.1694218486867988,110.3223348415316,0.1694218443501156,122.7252604638836
0.1733682020273456,64.96101910386182,0.1733682011365131,92.96251367361741,0.1733681953495824,110.4025014056235,0.1733681909733347,122.7751712273056
0.1774064710297627,65.05452705267372,0.1774064700805897,93.06274891331314,0.1774064642452405,110.4803793551137,0.177406459828624,122.8220058446771
0.1815388034118303,65.14800453063421,0.1815388024024989,93.16172963892546,0.181538796517617,110.5559062150163,0.1815387920598152,122.8657012152771
0.1857673901911059,65.24143404572791,0.1857673891197498,93.25940155868092,0.1857673831842036,110.6290193523568,0.1857673786843872,122.9061942463439
0.1900944734204996,65.33479733175815,0.1900944722852042,93.35570988664308,0.1900944662978441,110.6996559922651,0.1900944617551729,122.9434218663444
0.1945223473770419,65.42807534406791,0.1945223461758459,93.45059936240075,0.194522340135504,110.7677532339991,0.1945223355491232,122.9773210384216
0.1990533597783418,65.52124825593224,0.199053358509232,93.54401427083288,0.1990533524147199,110.8332480669053,0.1990533477837654,123.0078287740477
0.2036899130273703,65.61429545563286,0.2036899116882872,93.63589846193594,0.2036899055384012,110.8960773863404,0.2036899008619945,123.0348821469194
0.2084344654862575,65.70719554422524,0.2084344640750891,93.72619537069544,0.2084344578686051,110.9561780095527,0.2084344531458537,123.0584183071113
0.2132895327797365,65.79992633400548,0.2132895312943217,93.8148480369947,0.2132895250299978,111.0134866915598,0.2132895202599986,123.0783744955339
0.2182576891289696,65.89246484768466,0.2182576875670993,93.90179912554581,0.2182576812436721,111.0679401410203,0.2182576764255096,123.094688058713
0.2233415687164325,65.98478731827709,0.2233415670758435,93.98699094583164,0.2233415606920332,111.1194750361285,0.2233415558247769,123.1072964639295
0.2285438670825894,66.07686918970556,0.2285438653609696,94.07036547205287,0.2285438589154767,111.1680280405465,0.2285438539981826,123.1161373147538
0.233867342555107,66.16868511812787,0.2338673407500942,94.15186436306956,0.2338673342415983,111.2135358193971,0.2338673292733106,123.1211483670012
0.2393148177113581,66.26020897398566,0.2393148158205346,94.23142898232882,0.2393148092476985,111.2559350553318,0.2393148042274491,123.1222675451458
0.2448891808749832,66.35141384477633,0.2448891788958838,94.30900041777656,0.2448891722573488,111.2951624647041,0.2448891671841534,123.1194329592236
0.2505933876473274,66.44227203854778,0.2505933855774304,94.38451950174495,0.2505933788718197,111.3311548138596,0.2505933737446823,123.112582922268
0.2564304624745264,66.53275508811235,0.2564304603112628,94.45792683081446,0.2564304535371779,111.3638489355768,0.2564304483550895,123.1016559682957
0.2624035002511219,66.62283375597799,0.2624034979918667,94.52916278564614,0.2624034911478909,111.3931817456763,0.262403485909826,123.0865908708975
0.2685156679610045,66.71247803999081,0.2685156656030829,94.59816755078531,0.268515658687776,111.4190902598224,0.2685156533926999,123.0673266624553
0.2747702063565987,66.80165717968403,0.2747702038972785,94.66488113443327,0.2747701969091855,111.4415116105482,0.2747701915560446,123.0438026540266
0.281170431677144,66.89033966332485,0.2811704291136451,94.72924338819254,0.2811704220512868,111.4603830645227,0.2811704166390166,123.0159584559342
0.2877197374070186,66.97849323565256,0.287719734736505,94.7911940267837,0.2877197275983809,111.4756420400943,0.2877197221259037,122.9837339990967
0.2944215960750011,67.06608490629647,0.2944215932945839,94.85067264773942,0.294421586079177,111.487226125131,0.2944215805453952,122.9470695571324
0.3012795610954574,67.15308095886479,0.3012795582021914,94.90761875108007,0.3012795509079608,111.4950730951915,0.3012795453117704,122.9059057692791
0.3082972686524009,67.23944696069134,0.308297265643293,94.96197175897679,0.308297258268678,111.499120932051,0.3082972526089571,122.8601836641659
0.3154784396274559,67.32514777322885,0.3154784364994546,95.01367103540642,0.3154784290428749,111.4993078426133,0.3154784233184856,122.8098446844726
0.3228268815727102,67.41014756307392,0.3228268783227097,95.06265590580971,0.3228268707825601,111.4955722782401,0.3228268649923553,122.7548307125146
0.3303464907295269,67.49440981360988,0.3303464873543704,95.10886567675891,0.3303464797290292,111.4878529545213,0.3303464738718427,122.6950840967888
0.3380412540943947,67.57789733725264,0.3380412505908706,95.15223965564459,0.3380412428786903,111.4760888715267,0.338041236953343,122.6305476795249
0.3459152515328741,67.66057228828221,0.3459152478977167,95.1927171703958,0.3459152400970308,111.460219334561,0.345915234102331,122.5611648252678
0.3539726579428069,67.74239617624444,0.3539726541726911,95.23023758923884,0.3539726462818141,111.4401839754576,0.3539726402165531,122.4868794505386
0.3622177454678888,67.82332987990479,0.3622177415594411,95.26474034051571,0.3622177335766619,111.4159227744442,0.3622177274396196,122.4076360546045
0.3706548857628327,67.90333366173658,0.3706548817126222,95.29616493256864,0.3706548736362089,111.3873760826073,0.3706548674261478,122.3233797513961
0.3792885523112626,67.98236718292482,0.3792885481158038,95.32445097370822,0.379288539944005,111.3544846449926,0.3792885336596762,122.2340563026068
0.3881233227976243,68.06038951886708,0.388123318453377,95.34953819228217,0.3881233101844189,111.317189624371,0.3881233038245566,122.1396121520102
0.3971638815343289,68.13735917515274,0.3971638770376991,95.37136645685732,0.3971638686697856,111.2754326257037,0.397163862233112,122.0399944610311
0.4064150219454432,68.21323410399907,0.4064150172927795,95.3898757965344,0.4064150088240909,111.2291557213376,0.4064150023093158,121.9351511455975
0.415881649108216,68.28797172112743,0.4158816442958148,95.40500642141211,0.4158816357245133,111.1783014769656,0.4158816291303253,121.8250309143182
0.4255687823538241,68.36152892305664,0.4255687773779255,95.41669874321978,0.4255687687021506,111.1228129783843,0.425568762027232,121.7095833080037
0.43548155792869,68.43386210479589,0.4354815527854771,95.42489339613718,0.435481544003345,111.0626338590773,0.4354815372463619,121.5887587405727
0.445625231717773,68.50492717791596,0.445625226403378,95.42953125782073,0.4456252175129847,110.997708328665,0.4456252106725892,121.4625085413624
0.4560051820313276,68.57467958897878,0.4560051765418222,95.4305534706583,0.4560051675412437,110.9279812022438,0.4560051606160729,121.3307849988827
0.4666269124565419,68.643074338307,0.4666269067879484,95.42790146327133,0.4666268976752365,110.853397930653,0.4666268906639164,121.1935414060244
0.4774960547756202,68.71006599907155,0.4774960489238966,95.42151697228771,0.4774960396970829,110.7739046316974,0.4774960325982277,121.0507321067622
0.4886183719518178,68.77560873668007,0.4886183659128792,95.41134206440609,0.4886183565699732,110.689448122361,0.4886183493821805,120.9023125443595
0.4999997611850546,68.83965632844613,0.4999997549547497,95.39731915877458,0.4999997454937454,110.5999759520358,0.4999997382156005,120.7482393111021
0.5116462570386807,68.90216218352006,0.5116462506128069,95.37939104970772,0.5116462410316687,110.5054364368009,0.5116462336617471,120.5884701995783
0.5235640346390741,68.96307936306452,0.5235640280133789,95.35750092976252,0.5235640183100567,110.4057786947794,0.5235640108469195,120.4229642555117
0.5357594129497955,69.02236060065569,0.5357594061199605,95.3315924131999,0.5357593962923839,110.3009526826022,0.5357593887345802,120.2516818321686
0.5482388581219633,69.07995832289328,0.5482388510836218,95.30160955985357,0.5482388411296969,110.1909092330035,0.5482388334757644,120.0745846463384
0.5610089869227046,69.13582467020328,0.5610089796714354,95.26749689943256,0.5610089695890508,110.0756000935772,0.5610089618375184,119.8916358358937
0.5740765702434544,69.1899115178158,0.5740765627747814,95.22919945627747,0.5740765525618033,109.9549779667182,0.5740765447111867,119.7028000189313
0.587448536689968,69.24217049690448,0.587448528999354,95.18666277460125,0.5874485186536381,109.828996550772,0.5874485107024372,119.5080433544897
0.6011319762559573,69.29255301587101,0.6011319683388142,95.13983294423366,0.60113195785819,109.6976105824143,0.601131949804902,119.3073336048327
0.6151341440822988,69.34101028176174,0.6151341359339895,95.08865662689583,0.6151341253162681,109.5607758802825,0.6151341171593775,119.1006401992858
0.6294624643038167,69.38749332180282,0.629462455919639,95.03308108303153,0.6294624451626193,109.4184493898768,0.6294624369005986,118.8879342996065
0.6441245339856413,69.43195300504148,0.6441245253608485,94.97305419921611,0.6441245144623041,109.2705892297484,0.6441245060936218,118.6691888668637
0.6591281271512853,69.47434006408119,0.6591281182810708,94.90852451617052,0.6591281072387677,109.1171547389867,0.6591280987618779,118.4443787297963
0.6744811989045283,69.5146051169008,0.6744811897840317,94.83944125740328,0.6744811785957179,108.9581065260221,0.6744811700090683,118.2134806546123
0.6901918896473211,69.55269868874662,0.6901918802716325,94.76575435850404,0.6901918689350323,108.7934065187474,0.6901918602370644,117.9764734161833
0.706268529395925,69.58857123408968,0.7062685197600823,94.68741449711349,0.7062685082729186,108.6230180159732,0.7062684994620597,117.7333378705874
0.7227196421976205,69.62217315863776,0.722719632296604,94.60437312359258,0.7227196206565755,108.4469057402092,0.7227196117312557,117.4840570289345
0.7395539506502385,69.65345484139736,0.7395539404789774,94.51658249241214,0.7395539286837762,108.2650358917845,0.7395539196424153,117.2286161324154
0.7567803805270178,69.68236665677678,0.756780370080399,94.42399569428829,0.7567803581277017,108.0773762042911,0.7567803489687083,116.9670027284877
0.774408065509172,69.70885899672648,0.7744080547820179,94.3265666890817,0.7744080426694879,107.8838960013538,0.7744080333912726,116.6992067481258
0.7924463520286642,69.73288229291067,0.7924463410157587,94.22425033948451,0.7924463287410526,107.6845662547081,0.7924463193420146,116.4252205840293
0.8109048042238364,69.75438703890768,0.8109047929199054,94.11700244551267,0.8109047804806716,107.4793596435725,0.810904770959209,116.1450391696919
0.8297932090104211,69.7733238124344,0.8297931974101507,94.00477977982374,0.8297931848040219,107.2682506152966,0.8297931751585289,115.858660059213
0.8491215812707055,69.78964329759467,0.849121569368729,93.88754012387912,0.8491215565933374,107.051215447257,0.8491215468222065,115.5660835077276
0.8689001691635581,69.80329630714928,0.8689001569544582,93.76524230496454,0.8689001440074257,106.8282323099693,0.8689001341090427,115.2673125523139
0.8891394595581201,69.81423380480689,0.8891394470364401,93.63784623408939,0.8891394339153889,106.599281331384,0.8891394238881377,114.9623530932329
0.9098501835940976,69.82240692753797,0.9098501707543381,93.50531294477297,0.9098501574568819,106.3643446623196,0.9098501472991414,114.6512139753365
0.9310433223715545,69.82776700791136,0.931043309208168,93.36760463273673,0.9310432957319171,106.1234065429846,0.931043285442075,114.3339070694685
0.9527301127732305,69.83026559645664,0.9527300992806271,93.22468469650876,0.9527300856231906,105.8764533705339,0.9527300751996242,114.0104473536748
0.9749220534224817,69.8298544840553,0.9749220395950332,93.07651777895248,0.9749220257540228,105.6234737675968,0.9749220151951159,113.680852994017
0.9976309107800116,69.82648572436338,0.9976308966120538,92.92306980972629,0.9976308825850836,105.3644586517039,0.9976308718892104,113.3451454247817
1.020868725382604,69.82011165627125,1.020868710868432,92.76430804867918,1.020868696653111,105.099401305539,1.020868685818658,113.0033494278482
1.044647818227167,69.81068492640506,1.044647803361038,92.60020113018699,1.044647788954992,104.8282974479233,1.044647777980337,112.6554932109815
1.068980797303499,69.79815851167558,1.068980782079638,92.43071910842684,1.068980767480491,104.5511453054437,1.068980756364018,112.3016084847848
1.093880564279194,69.78248574188126,1.093880548691805,92.2558335035926,1.093880533897186,104.2679456846165,1.09388052263728,111.9417305380452
1.119360321340312,69.76362032237263,1.119360305383555,92.07551734904219,1.1193602903911,103.9787020444731,1.119360278986151,111.5758983111876
1.145433578191301,69.74151635678507,1.14543356185932,91.88974523937249,1.145433546666689,103.6834205694483,1.145433535115081,111.2041544675279
1.172114159218069,69.71612836984936,1.172114142504981,91.69849337940931,1.172114127109831,103.3821102424326,1.172114115409959,110.8265454620229
1.199416210817837,69.68741133028767,1.199416193717731,91.50173963410022,1.199416178117743,103.0747829178479,1.199416166268002,110.4431216071759
1.227354208899731,69.65532067380471,1.227354191406692,91.2994635792903,1.227354175599554,102.7614533945922,1.227354163598341,110.0539371357636
1.255942966560137,69.61981232618423,1.255942948668217,91.09164655336218,1.255942932651637,102.4421394886859,1.255942920497359,109.6590502600249
1.285197641936756,69.5808427264999,1.285197623640008,90.87827170971339,1.285197607411718,102.1168621054408,1.285197595102775,109.2585232269406
1.315133746245698,69.53836885045224,1.315133727538159,90.65932407004168,1.315133711095902,101.7856453109689,1.315133698630706,108.8524223692279
1.345767152005683,69.49234823384126,1.345767132881389,90.43479057840514,1.345767116222937,101.4485164028247,1.345767103599902,108.4408181516548
1.377114101453911,69.44273899618686,1.37711408190689,90.20466015601814,1.377114065030037,101.1055059795686,1.37711405224758,108.0237852122709
1.409191215157875,69.38949986450807,1.409191195182153,89.96892375673839,1.409191178084722,100.7566480090297,1.40919116514126,107.6014023981467
1.442015500827804,69.33259019727197,1.442015480417433,89.72757442319879,1.442015463097262,100.4019798950276,1.442015449991225,107.1737527952004
1.475604362334417,69.27197000852502,1.475604341483441,89.48060734352676,1.475604323938408,100.0415425423022,1.475604310668218,106.7409237516869
1.509975608936639,69.20759999221804,1.509975587639125,89.22801990859335,1.509975569867134,99.6753804193954,1.509975556431222,106.3030068949222
1.545147464724333,69.13944154673645,1.54514744297437,88.96981176972544,1.545147424973351,99.30354161920154,1.545147411370152,105.8600981408085
1.581138578280943,69.06745679964813,1.581138556072632,88.7059848968082,1.581138537840565,98.92607791690803,1.581138524068516,105.4122976957307
1.617968032571221,68.99160863268061,1.617968009898711,88.43654363669958,1.617967991433589,98.54304482502204,1.617967977491127,104.9597100503882
1.655655355059279,68.91186070693857,1.655655331916737,88.1614947718718,1.655655313216604,98.15450164517733,1.655655299102169,104.5024439651461
1.694220528062282,68.82817748837454,1.694220504443924,87.88084757918551,1.694220485506861,97.76051151639712,1.694220471218893,104.0406124464761
1.73368399934537,68.74052427352264,1.733683975245466,87.59461388869856,1.733683956069579,97.361141459485,1.733683941606524,103.5743327140856
1.774066692963316,68.64886721550766,1.774066668376174,87.30280814240162,1.77406664895962,96.95646241719894,1.774066634319921,103.1037261583345
1.815390020354734,68.5531733503398,1.815389995274726,87.00544745276339,1.815389975615703,96.54654928986162,1.815389960797797,102.6289182875635
1.857675891694706,68.45341062350495,1.857675866116283,86.70255166096504,1.857675846213022,96.13148096604522,1.85767583121535,102.150038664973
1.900946727511873,68.34954791686134,1.900946701429537,86.39414339469027,1.90094668128032,95.71134034796947,1.900946666101324,101.667220834713
1.945225470576062,68.24155507585144,1.945225443984398,86.08024812533137,1.945225423587549,95.28621437123689,1.945225408225671,101.1806022368798
1.990535598062864,68.12940293703819,1.990535570956555,85.76089422446343,1.990535550310434,94.8561940185337,1.9905355347641,100.6903241111356
2.036901134001543,68.01306335597376,2.036901106375355,85.43611301942839,2.036901085478368,94.42137432691356,2.036901069746011,100.19653138871
2.084346662012889,67.89250923540828,2.084346633861688,85.1059388478625,2.084346612712289,93.98185438828941,2.084346596792337,99.69937257257931
2.132897338343774,67.76771455384551,2.132897309662543,84.77040911099235,2.132897288259233,93.53773734274547,2.132897272150105,99.19899960565728
2.182578905205355,67.63865439445081,2.182578875989187,84.42956432551435,2.182578854330499,93.08913036430255,2.182578838030611,98.69556772688625
2.233417704421898,67.50530497431804,2.233417674666011,84.08344817386455,2.233417652750536,92.63614463875419,2.233417636258294,98.1892353151638
2.285440691397588,67.36764367409678,2.285440661097331,83.73210755267483,2.285440638923699,92.17889533321502,2.285440622237505,97.68016372109149
2.338675449408641,67.2256490679854,2.3386754185595,83.37559261920381,2.338675396126377,91.71750155702365,2.338675379244624,97.16851708660118
2.393150204228288,67.07930095408983,2.393150172825909,83.01395683552256,2.393150150132015,91.25208631365173,2.393150133053083,96.65446215256466
2.448893839092508,66.9285803851497,2.448893807132674,82.6472570102228,2.448893784176772,90.78277644329852,2.44889376689904,96.13816805456747
2.505935910014272,66.77346969963121,2.505935877492948,82.27555333741083,2.505935854273827,90.30970255585179,2.505935836795655,95.61980610709092
2.564306661454506,66.6139525531824,2.564306628367834,81.89890943273994,2.564306604884339,89.83299895393142,2.564306587204076,95.09954957641993
2.624037042358183,66.4500139504506,2.624037008702468,81.51739236622396,2.624036984953477,89.35280354574488,2.624036967069471,94.57757344266739
2.685158722563757,66.28164027725356,2.685158688335521,81.13107269157261,2.685158664319949,88.86925774752001,2.685158646230521,94.05405415138308
2.747704109595042,66.10881933309888,2.747704074790978,80.74002447177611,2.747704050507785,88.3825063753082,2.747704032211255,93.52916935528842
2.811706365844021,65.93154036404195,2.811706330461063,80.34432530066256,2.811706305909227,87.89269752598099,2.811706287403895,93.00309764676082
2.877199426154045,65.74979409587311,2.877199390189318,79.94405632014802,2.877199365367863,87.39998244729102,2.87719934665202,92.47601828176708
2.944218015812488,65.56357276761911,2.944217979263359,79.5393022328887,2.944217954171335,86.90451539690049,2.944217935243252,91.9481108960191
3.012797668962607,65.37287016534546,3.012797631826673,79.13015131004514,3.012797606463157,86.40645349033097,3.012797587321096,91.41955521421015
3.08297474744415,65.17768165624284,3.082974709719259,78.71669539386387,3.082974684083374,85.90595653783275,3.082974664725576,90.89053075325531
3.154786460072977,64.97800422297561,3.154786421757215,78.29902989477797,3.154786395848088,85.40318687022879,3.15478637627277,90.3612165205344
3.228270882369576,64.77383649827392,3.2282708434613,77.8772537827289,3.228270817278077,84.89830915383823,3.228270797483459,89.83179070820718
3.30346697674725,64.56517879974193,3.303466937245073,77.45146957241268,3.303466910786947,84.3914901946452,3.3034668907712,89.30243038472423
3.380414613170507,64.35203316485554,3.380414573073323,77.02178330215327,3.380414546339479,83.88289873193905,3.380414526100789,88.77331118472694
3.459154590294623,64.13440338612091,3.459154549601619,76.58830450611117,3.459154522591276,83.37270522171444,3.459154502127777,88.24460699857222
3.539728657097666,63.91229504635815,3.539728615808308,76.1511461795405,3.539728588520691,82.86108161018778,3.539728567830509,87.71648966276574
3.622179535016343,63.68571555407603,3.622179493130384,75.71042473681317,3.622179465564727,82.34820109784791,3.622179444645952,87.18912865262826
3.706550940597408,63.45467417889719,3.706550898114928,75.26625996193846,3.706550870270481,81.83423789453748,3.706550849121183,86.66269077854093
3.792887608676879,63.21918208699046,3.792887565598241,74.81877495131891,3.792887537474254,81.31936696611776,3.792887516092483,86.13733988714212
3.881235316098922,62.97925237646578,3.88123527242483,74.3680960484933,3.881235244020556,80.80376377335281,3.881235222404307,85.61323656885425
3.971640905987412,62.73490011267906,3.971640861718881,73.91435277063599,3.971640833033576,80.28760400370767,3.971640811180822,85.09053787312058
4.064152312582771,62.48614236339549,4.064152267721111,73.45767772659744,4.064152238754045,79.77106329683069,4.064152216662714,84.56939703272184
4.158818586657273,62.23299823375242,4.158818541204174,72.99820652629359,4.158818511954594,79.25431696455395,4.15881848962257,84.04996319851615
4.255689921522534,61.97548890095991,4.25568987547998,72.53607768127122,4.255689845947122,78.73753970631405,4.255689823372244,83.53238118592
4.354817679642548,61.71363764867397,4.354817633012865,72.07143249630663,4.354817603195976,78.22090532095088,4.354817580376019,83.01679123439963
4.4562544198668,61.44746990097108,4.456254372652666,71.60441495191719,4.456254342550965,77.7045864159102,4.456254319483653,82.50332878118608
4.560053925297693,61.17701325585024,4.560053877502112,71.13517157770411,4.560053847114812,77.18875411491976,4.5600538237978,81.99212425036606
4.666271231807007,60.9022975181826,4.66627118343333,70.66385131647009,4.666271152759625,76.67357776526768,4.666271129190469,81.48330285841821
4.774962657216696,60.62335473202628,4.774962608268604,70.19060537909937,4.774962577307652,76.1592246458443,4.774962553483867,80.97698443718495
4.886185831159277,60.34021921221496,4.886185781640815,69.71558709022155,4.886185750391764,75.64585967715487,4.886185726310749,80.47328327516598
4.999999725633935,60.05292757513,4.999999675549452,69.23895172472649,4.999999644011402,75.13364513453433,4.99999961967046,79.97230797792339
5.116464686274106,59.7615187685554,5.116464635628326,68.76085633523871,5.116464603800367,74.62274036581624,5.116464579196689,79.47416134827101
5.235642464343681,59.46603410051289,5.235642413141645,68.28145957070863,5.235642381022822,74.11330151472619,5.235642356153482,78.97894028680163
5.357596249478274,59.16651726696848,5.357596197725345,67.80092148632735,5.35759616531465,73.6054812512678,5.357596140176593,78.48673571318444
5.482390703189162,58.86301437829691,5.482390650891061,67.31940334502008,5.482390618187441,73.09942851036723,5.482390592777461,77.99763250853448
5.610091993147781,58.55557398438457,5.610091940310533,66.83706741083026,5.610091907312868,72.59528824002709,5.610091881627624,77.51170947902102
5.740767828268623,58.24424709824709,5.740767774898566,66.35407673455845,5.740767741605688,72.09320116021426,5.740767715641659,77.02903934075412
5.874487494609404,57.92908721803242,5.874487440713196,65.87059493207457,5.874487407123866,71.59330353367235,5.874487380877345,76.549688725846
6.011321892107487,57.61015034727395,6.011321837692098,65.38678595578418,6.011321803804979,71.09572694980021,6.011321777272081,76.07371820941937
6.151343572171938,57.28749501325488,6.151343517244613,64.90281385977916,6.151343483058291,70.60059812268931,6.151343456234946,75.60118235719406
6.294626776151251,56.96118228333908,6.294626720719551,64.41884255926718,6.294626686232511,70.10803870434029,6.294626659114404,75.13212979316363
6.441247474697104,56.63127577911686,6.441247418768862,63.9350355849255,6.441247383979466,69.61816511400826,6.441247356562078,74.66660328674408
6.591283408045008,56.29784168821418,6.591283351628299,63.45155583288622,6.591283316534795,69.13108838454251,6.591283288813368,74.20463985866436
6.744814127233186,55.96094877360262,6.744814070336344,62.96856531110726,6.744814034936841,68.64691402649045,6.744814006906376,73.7462709047568
6.901921036281562,55.62066838024908,6.901920978913235,62.48622488294408,6.901920943205676,68.16574191064329,6.901920914860893,73.29152233670006
7.062687435353388,55.27707443893534,7.062687377522368,62.00469400877851,7.062687341504531,67.68766616958365,7.062687312839927,72.84041473868366
7.227198564921901,54.93024346707686,7.22719850663726,61.52413048661414,7.227198470306742,67.212775118694,7.227198441316483,72.39296353886991
7.395541650966116,54.58025456636457,7.395541592237072,61.04469019258675,7.395541555591247,66.74115119695752,7.395541526269293,71.9491791944632
7.567805951219043,54.22718941705181,7.56780589205506,60.56652682237664,7.567805855091093,66.27287092776997,7.567805825431045,71.50906738913456
7.744082802493497,53.87113226870384,7.744082742904173,60.08979163454573,7.744082705618949,65.8080048998507,7.744082675614179,71.0726292414971
7.924465669109892,53.51216992722799,7.924465609105011,59.61463319684515,7.924465571495182,65.34661776822142,7.924465541138749,70.63986152329163
8.109050192452434,53.15039173799767,8.109050132041894,59.14119713656513,8.109050094103807,64.88876827509119,8.109050063388484,70.21075688591532
8.297934241679354,52.78588956488523,8.297934180873158,58.66962589600954,8.297934142602841,64.43450929036695,8.297934111521103,69.78530409390989
8.491217965614419,52.4187577650168,8.491217904422692,58.20005849418865,8.491217865815816,63.98388787138342,8.491217834359901,69.36348826402408
8.689003845847237,52.04909315906266,8.689003784280185,57.73263029581876,8.689003745332068,63.53694534132988,8.689003713493888,68.94529110847033
8.891396751070285,51.676994996879,8.891396689138126,57.26747278871474,8.891396649843715,63.09371738573913,8.891396617614928,68.53069118101628
9.098503992681714,51.30256491831839,9.09850393039474,56.80471337063853,9.098503890748528,62.65423416629387,9.098503858120568,68.11966412457872
9.310435381683268,50.92590690903057,9.310435319051738,56.34447514664773,9.310435279047823,62.21852045110916,9.310435246011831,67.71218291902595
9.527303286903509,50.54712725107698,9.527303223937697,55.88687673794911,9.527303183569655,61.7865957605551,9.527303150116582,67.30821812793748
9.749222694577302,50.16633446819237,9.749222631287401,55.43203210322424,9.749222590548351,61.35847452759867,9.749222556668917,66.90773814313347
9.976311269312998,49.78363926552868,9.976311205709106,54.98005037333877,9.976311164591682,60.93416627157445,9.97631113027642,66.51070942583448
10.20868941647975,49.39915446372849,10.20868935257192,54.53103570029152,10.20868931106815,60.51367578422465,10.20868927630741,66.11709674339146
10.44648034604813,49.01299492718312,10.44648028184617,54.0850871211891,10.4464802399476,60.0970033267983,10.44648020473162,65.72686340059288
10.68981013791752,48.62527748634096,10.68981007343116,53.64229843795734,10.68981003112875,59.68414483695558,10.68980999544757,65.33997146463437
10.93880780876552,48.2361208539463,10.93880774400424,53.20275811341928,10.93880770128831,59.27509214419197,10.93880766513196,64.95638198291635
11.1936053804542,47.84564553510128,11.19360531542722,52.76654918427791,11.19360527228758,58.86983319247486,11.19360523564593,64.57605519291965
11.45433795002985,47.45397373106083,11.45433788474607,52.33374919144988,11.45433784117188,58.46835226877767,11.45433780403485,64.19895072349368
11.72114376135321,47.06122923668811,11.72114369582126,51.90443012809365,11.72114365180104,58.07063023619464,11.72114361415846,63.8250277869766
11.99416427839825,46.66753733151714,11.99416421262636,51.47865840557276,11.99416416814805,57.67664477033243,11.99416412998978,63.45424536165344
12.27354426025816,46.27302466439171,12.27354419425414,51.05649483748755,12.27354414930504,57.28637059769639,12.27354411062101,63.08656236414365
12.55943183789863,45.87781913167289,12.5594317716698,50.63799464179763,12.55943172623662,56.89977973481733,12.55943168701681,62.72193781139227
12.85197859269872,45.48204974903265,12.85197852625194,50.22320746094849,12.85197848032079,56.51684172690673,12.85197844055526,62.36033097202135
13.15133963682147,45.08584651687902,13.15133957016298,49.8121773998036,13.15133952371938,56.13752388487395,13.15133948339837,62.00170150687656
13.45767369545629,44.68934027948781,13.45767362859175,49.40494308107394,13.45767358162063,55.76179151959432,13.45767354073451,61.64600959868172
13.77114319097724,44.29266257794605,13.77114312391161,49.00153771782986,13.77114307639737,55.38960817237788,13.77114303493671,61.29321607078197
14.09191432906142,43.89594549704719,14.09191426179896,48.60198920257586,14.09191421372546,55.02093584065526,14.0919141716811,60.94328249503079
14.42015718681355,43.4993215063113,14.42015711935774,48.20632021226831,14.42015707070837,54.65573519796867,14.42015702807133,60.59617128893444
14.75604580294303,43.10292329534204,14.75604573529647,47.81454832856345,14.75604568605421,54.29396580743133,14.75604564281575,60.25184580222997
15.09975827004154,42.70688360376838,15.09975820220598,47.42668617249317,15.09975815235331,53.9355863278967,15.09975810850506,59.91027039312703
15.45147682901013,42.31133504606031,15.45147676098633,47.04274155268546,15.45147671050542,53.58055471215997,15.4514766660393,59.57141049449296
15.8113879656858,41.9164099315466,15.81138789747352,46.66271762617507,15.81138784634617,53.22882839659513,15.8113878012544,59.23523267030593
16.17968250971857,41.52224008000785,16.17968244131648,46.2866130707825,16.17968238952432,52.88036448171412,16.17968234379952,58.90170466274029
16.55655573575221,41.12895663325519,16.55655566715781,45.91442226798625,16.55655561468214,52.53511990321645,16.55655556831732,58.57079543028296
16.94220746696106,40.7366898631541,16.94220739817072,45.54613549516733,16.94220734499276,52.19305159317734,16.94220729798126,58.24247517730984
17.33684218099925,40.34556897658993,17.33684211200807,45.18173912606697,17.33684205810886,51.85411663110484,17.33684201044446,57.91671537557489
17.74066911841726,39.95572191791904,17.74066904921897,44.82121583827559,17.74066899457964,51.51827238467077,17.74066894625649,57.59348877808522
18.15390239360406,39.56727516948867,18.15390232419105,44.46454482655155,18.15390226879265,51.18547663999661,18.15390221980541,57.27276942585079
18.57676110831351,39.18035355085068,18.57676103867671,44.11170202076517,18.57676098250042,50.85568772144583,18.57676093284412,56.95453264800694
19.00946946783483,38.79508001733456,19.00946939796372,43.76266030726542,19.00946934099084,50.52886460094373,19.00946929066101,56.63875505581645
19.45225689986929,38.41157545868042,19.45225682975183,43.41738975248037,19.45225677196393,50.20496699690614,19.45225672095651,56.32541453105733
19.90535817617591,38.02995849847062,19.90535810579841,43.07585782758431,19.90535804717734,49.88395546292239,19.9053579954887,56.0144902093039
20.36901353705038,37.65034529512822,20.36901346639758,42.73802963309599,20.36901340692554,49.5657914663886,20.36901335455253,55.70596245860112
20.84346881870376,37.27284934528076,20.84346874775872,42.40386812231056,20.84346868741825,49.25043745734084,20.84346863435821,55.39981285402608
21.32897558360801,36.897581290311,21.32897551235213,42.07333432251306,21.32897545112631,48.93785692778158,21.32897539737701,55.09602414861566
21.82579125387791,36.52464872693783,21.82579118229072,41.74638755297566,21.82579112016317,48.62801446183401,21.82579106572292,54.79458024112965
22.33417924775941,36.15415602268436,22.33417917581879,41.42298563879735,22.33417911277368,48.32087577709491,22.3341790576411,54.49546614109597
22.85440911929776,35.78620413709962,22.85440904697973,41.10308511970922,22.85440898300176,48.01640775758703,22.85440892717615,54.19866793157113
23.38675670125822,35.42089044960502,23.38675662853707,40.78664145303646,23.38675656361184,47.71457847873843,23.3867565070928,53.90417273002264
23.93150425137683,35.05830859483252,23.93150417822494,40.47360921007754,23.93150411233861,47.41535722483782,23.93150405512628,53.61196864772181
24.48894060201661,34.69854830631245,24.4889405284046,40.16394226523704,24.48894046154412,47.11871449943134,24.48894040363916,53.32204474800566
25.05936131331069,34.34169526935209,25.05936123920729,39.85759397732192,25.05936117136054,46.82462202913891,25.05936111276396,53.03439100374603
25.64306882987195,33.98783098392255,25.64306875524423,39.55451736248902,25.64306868639969,46.53305276137645,25.64306862711311,52.74899825433234
26.2403726411534,33.63703263833927,26.24037256596645,39.25466525840693,26.24037249611368,46.24398085647388,26.24037243613914,52.46585816244917
26.85158944554337,33.2893729944835,26.85158936976057,38.95799047927282,26.85158929888993,45.95738167467978,26.85158923822995,52.18496317090055
27.47704331828324,32.94492028526496,27.47704324186627,38.66444596139976,27.47704316996909,45.6732317585406,27.47704310862668,51.90630645970251
28.1170658832965,32.60373812497264,28.11706580620529,38.37398489916258,28.11706573327378,45.39150881113392,28.1170656712525,51.62988190363646
28.77199648902,32.26588543309977,28.77199641121288,38.08656087116326,28.77199633724019,45.11219167062817,28.77199627454411,51.35568403042492
29.44218238833117,31.93141637216009,29.44218230976473,37.80212795654396,29.44218223474503,44.83526028162596,29.4421821713787,51.08370797966016
30.12797892266585,31.60038029994121,30.12797884329533,37.52064084144165,30.12797876722368,44.56069566373634,30.12797870319223,50.81394946258474
30.82974971042516,31.27282173655702,30.82974963020431,37.24205491564053,30.82974955307673,44.28847987780076,30.8297494883858,50.54640472279044
31.54786683977082,30.94878034657951,31.54786675865189,36.96632635953582,31.54786668046546,44.01859599018059,31.54786661512132,50.28107049786816
32.28271106591115,30.62829093643873,32.28271098384513,36.69341222157603,32.28271090459791,43.75102803549212,32.28271083860736,50.01794398200801
33.03467201298238,30.3113834671864,33.03467192991922,36.42327048640168,33.03467184961003,43.48576097815282,33.03467178298066,49.75702278951052
33.80414838063278,29.99808308262392,33.80414829652129,36.15586013394176,33.80414821515014,43.22278067307856,33.80414814788998,49.49830491913186
34.59154815541837,29.68841015269584,34.59154807020634,35.89114118977081,34.59154798777401,42.9620738258481,34.59154791989199,49.24178871914523
35.39728882712264,29.3823803319534,35.39728874075711,35.62907476706476,35.3972886572655,42.70362795262371,35.39728858877101,48.98747285295178
36.2217976101153,29.08000463279236,36.22179752254263,35.36962310052564,36.22179743799452,42.44743134009398,36.22179736889798,48.73535626502579
37.06551166986712,28.78128951307426,37.06551158103311,35.11274957267047,37.06551149543222,42.19347300567673,37.0655114257447,48.48543814692108
37.92887835474052,28.48623697764478,37.92887826459064,34.85841873290347,37.92887817794153,41.94174265819396,37.92887810767505,48.23771790300086
38.81235543317985,28.19484469317183,38.81235534165926,34.60659630980672,38.81235525396748,41.69223065920759,38.81235518313499,47.9921951154809
39.71641133642609,27.90710611564082,39.71641124347995,34.35724921709964,39.71641115475201,41.44492798517567,39.71641108336746,47.74886950829742
40.64152540688536,27.62301062976208,40.64152531245894,34.11034555372485,40.64152522270231,41.19982619056806,40.64152515078073,47.50774090922661
41.5881881522828,27.34254369947178,41.58818805632163,33.86585459852568,41.58818796554458,40.9569173720533,41.58818789310224,47.26880920960286
42.55690150573584,27.06568702864103,42.55690140818594,33.62374679998016,42.55690131639773,40.71619413384978,42.55690124345238,47.03207432092726
43.54817909188613,26.79241873104731,43.5481789926941,33.38399376145643,43.54817889990505,40.47764955430988,43.54817882647574,46.7975361276611
44.56254649922995,26.5227135086125,44.56254639834337,33.14656822244796,44.56254630456457,40.24127715379086,44.5625462306721,46.56519443565033
45.6005415587923,26.25654283687014,45.60054145615968,32.91144403624013,45.60054136140323,40.00707086384787,45.60054128707058,46.33504891608244
46.66271462929184,25.99387515659221,46.66271452486293,32.67859614444844,46.66271442914204,39.77502499777561,46.66271435439439,46.10709904596617
47.74962888894866,25.73467607048327,47.74962878267456,32.44800054885552,47.7496286860033,39.54513422251809,47.74962861086897,45.88134404851769
48.8618606340885,25.47890854383672,48.86186052592197,32.21963428095912,48.86186042831557,39.31739353196999,48.86186035282643,45.65778284189683
49.999999584703,25.22653310804594,49.99999947459843,31.99347536962593,49.99999937607327,39.09179822170909,49.99999930026616,45.43641401534639
51.16464919712676,24.97750806586821,51.16464908504045,31.76950280722735,51.16464898561404,38.86834386523409,51.16464890953262,45.21723587414666
52.35642698399811,24.73178969735675,52.35642686988862,31.54769651461297,52.35642676957973,38.64702629184685,52.35642669327719,45.00024664271485
53.57596484167244,24.48933246539922,53.57596472550027,31.32803730525771,53.57596462432913,38.42784156643169,53.57596454787375,44.78544502055445
54.82390938526197,24.2500892198366,54.82390926699014,31.11050684889505,54.82390916497815,38.21078597156848,54.82390908846185,44.57283152557822
56.10092229147964,24.01401139917436,56.1009221710737,30.89508763492864,56.10092206824404,37.9958559927252,56.10092199179891,44.36241162894949
57.40768064946884,23.78104922894891,57.407680526897,30.68176293589147,57.40768042327457,37.78304830778134,57.40768034710585,44.1542031097694
58.74487731980531,23.55115191586449,58.74487719503835,30.47051677120048,58.74487709065011,37.57235978297029,58.74487701510495,43.94825383810851
60.11322130186072,23.32426783687714,60.11322117487231,30.26133387143386,60.1132210697475,37.36378747873007,60.11322099547269,43.74468691828704
61.51343810972344,23.10034472246663,61.5134379804903,30.05419964333898,61.51343787466085,37.15732867133007,61.5134378029982,43.54382259998827
62.9462701568762,22.87932983340603,62.94627002537798,29.84910013576046,62.94626991887902,36.95298090024708,62.94626985296293,43.34652806058109
64.41247714983324,22.66117013041049,64.41247701605253,29.64602200666391,64.41247690892338,36.75074205850414,64.41247685694401,43.15522023944567
65.91283649094643,22.44581243612065,65.91283635486909,29.44495249141855,65.91283624715437,36.55061055625493,65.9128362304762,42.97575343187689
67.44814369059515,22.2332035889519,67.44814355221001,29.24587937249521,67.44814344396163,36.35258561213935,67.44814349051116,42.81039701825329
69.01921278897576,22.02329058841516,69.01921264827492,29.04879095073541,69.01921253955459,36.15666777331022,69.01921259744378,42.62356578491921
70.62687678771663,21.81602073159301,70.62687664469529,28.853676018355,70.6268765355795,35.96285985692565,70.62687653492193,42.38457956010245
72.27198809154696,21.61134174052647,72.27198794620352,28.66052383386518,72.27198783679134,35.77116869543837,72.27198779661772,42.1130106063419
73.95541896025257,21.4092018803438,73.95541881258863,28.46932409912828,73.95541870301578,35.58160847731563,73.95541864647619,41.82782026924
75.67806197115996,21.20955006803139,75.67806182118035,28.28006693882431,75.67806171164577,35.39420740641243,75.67806164819558,41.53728622703209
77.44083049239266,21.01233597181578,77.44083034010507,28.09274288269289,77.4408302309235,35.20902165517209,77.44083016406763,41.2448082576533
79.24465916715074,20.81751010119044,79.24465901256636,27.90734285105225,79.24465890428041,35.02616641606217,79.24465883517615,40.95189430557295
81.09050440927147,20.62502388768161,81.09050425240446,27.72385814430124,81.09050414604596,34.84589013094759,81.09050407453506,40.65927165839269
82.97934491033209,20.43482975650534,82.97934475119995,27.54228043741742,82.97934464896134,34.66876702063039,82.97934457337097,40.36731361935634
84.91218215856591,20.24688118931934,84.91218199718887,27.36260178092737,84.91218190435431,34.49623812939214,84.91218181975587,40.07621814262652
86.89004096986345,20.06113277832234,86.89004080626559,27.18481461053023,86.89004073726733,34.33216529377555,86.89004062950296,39.78608941659153
88.91397003114432,19.87754027199688,88.91396986535295,27.00891176863974,88.91396985984595,34.18588616541474,88.91396968949486,39.49697808791152
90.9850424563847,19.69606061282914,90.98504228843056,26.83488654280611,90.98504239541668,34.062741418097,90.9850421136906,39.20890243061914
93.10435635559642,19.51665196737499,93.10435618551415,26.66273272867438,93.10435629218526,33.92096092914929,93.10435601209683,38.92186011918928
95.27303541705935,19.33927374906794,95.27303524488823,26.49244472951091,95.2730352453965,33.72966914441307,95.27303507299462,38.63583508911488
97.49222950311612,19.16388663419092,97.49222932890046,26.32401771157819,97.49222927019052,33.50978049821322,97.49222915873202,38.3508016960756
99.76311525984403,18.99045257145183,99.7631150836346,26.15744784695918,99.76311500211769,33.27861280691567,99.76311491539437,38.06672732305444
102.0868967409288,18.81893478561816,102.0868965627843,25.9927326969441,102.086896472081,33.04333254155419,102.0868963966771,37.78357406092249
104.4648060460691,18.64929777567598,104.4648058660592,25.82987182781812,104.4648057713424,32.80682291051266,104.4648057022904,37.50129981690355
106.898103974253,18.48150730798569,106.898103792463,25.66886782302534,106.8981036959434,32.57034945467125,106.8981036312348,37.21985905897319
109.3880806922493,18.31553040490798,109.3880805087878,25.50972799531788,109.3880804115162,32.33451865099386,109.3880803502925,36.9392033222348
111.9360564186718,18.15133532937304,111.9360562336839,25.35246738480982,111.9360561361871,32.09964076666314,111.9360560780918,36.65928155579735
114.5433821239766,17.98889156586105,114.5433819376676,25.19711422860809,114.543381840184,31.86588050170677,114.5433817851038,36.38004036032476
117.2114402467636,17.82816979825378,117.2114400594456,25.04372043611385,117.2114399619938,31.63332534756548,117.211439909945,36.10142414903639
119.9416454267655,17.66914188500687,119.9416452389483,24.89238283950788,119.9416451412896,31.40201910105512,119.9416450923644,35.82337525402247
122.7354452549064,17.51178083207996,122.7354450675006,24.7432893521546,122.7354449689654,31.17197940980933,122.7354449233043,35.54583399272286
125.5943210408356,17.35606076404562,125.5943208556345,24.59682767255849,125.5943207546542,30.94320748220061,125.5943207124325,35.26873870482878
128.5197885983363,17.20195689378371,128.5197884193115,24.45386628171348,128.5197883121329,30.71569372006419,128.5197882735513,34.99202576679913
131.5133990490304,17.04944549114909,131.5133988863171,24.31655370235431,131.5133987630225,30.4894211198283,131.5133987283038,34.71562958910658
134.5767396448043,16.89850385098354,134.5767395286437,24.19068848718363,134.576739359211,30.26436739747612,134.5767393285976,34.43948259989539
137.71143460939,16.74911026082578,137.7114346338315,24.09059615156426,137.7114343244353,30.0405063552113,137.7114342981873,34.16351521773122
140.9191459995508,16.60124396865687,140.9191462773339,24.02464606073956,140.9191457154648,29.81780878207556,140.9191456938595,33.88765581541473
144.2015745863249,16.45488515100465,144.2015747923133,23.94015568437913,144.2015743033454,29.59624305940575,144.2015742866777,33.61183067632326
147.5604607567981,16.31001488171929,147.560460730608,23.8088378033132,147.5604604751712,29.37577557425494,147.5604604637531,33.33596394437629
150.9975854368781,16.16661510172741,150.9975853116802,23.65377719945542,150.9975851568598,29.15637100478201,150.9975851510211,33.05997756845182
154.5147710355675,16.02466859007173,154.5147708749524,23.49007465003225,154.5147707574232,28.93799251834905,154.5147707575122,32.78379124188141
158.1138824112267,15.88415893655506,158.113882235847,23.32351274897671,158.1138821352333,28.72060190885026,158.1138821416169,32.50732233750586
161.7968278603478,15.74507051633081,161.7968276776895,23.15634697543078,161.7968275867937,28.50415969090018,161.7968275998589,32.23048583866122
165.5655601293589,15.60738846682581,165.5655599425756,22.9895504180555,165.5655598585447,28.28862516281347,165.5655598786982,31.95319426638362
169.4220774499949,15.47109866745028,169.4220772606004,22.82358341194561,169.4220771822346,28.07395644659237,169.4220772099048,31.67535760305887
173.3684245987884,15.33618772265695,173.3684244075927,22.65867881957734,173.3684243344088,27.86011051066415,173.3684243700463,31.39688321269557
177.4066939812351,15.20264294907208,177.4066937887156,22.49495898393631,177.4066937205778,27.64704317943948,177.406693764656,31.11767575796776
181.5390267412163,15.0704523676601,181.53902654768,22.33248828808888,181.5390264846378,27.43470913261316,181.539026537654,30.83763711414417
185.767613896261,14.9396047022375,185.7676137019218,22.171298703345,185.7676136441337,27.22306189632704,185.7676137066104,30.55666628000506
190.0946974992536,14.81008938617779,190.0946973042703,22.01140305637761,190.094697251966,27.01205382775058,190.0946973244514,30.27465928584262
194.5225718271986,14.68189657993927,194.5225716316983,21.85280231413468,194.5225715851563,26.8016360942288,194.5225716682261,29.99150909859843
199.0535845976775,14.55501720324155,199.0535844017658,21.69548977791644,199.0535843613041,26.59175864785494,199.0535844555613,29.70710552424992
203.6901382136402,14.4294429875565,203.6901380174091,21.53945359756927,203.6901379833772,26.38237019611182,203.6901380894541,29.42133510748491
208.4346910371901,14.30516655745362,208.4346908407213,21.38467833173731,208.4346908134981,26.17341816906803,208.4346909320566,29.1340810287515
213.2897586930402,14.18218155392625,213.2897584964088,21.23114594526794,213.2897584763992,25.96484868349722,213.2897586081324,28.84522299874974
218.2579154023325,14.06048282030318,218.257915205606,21.07883646314058,218.2579151932423,25.75660650420141,218.2579153388749,28.55463715044066
223.3417953475231,13.94006668385494,223.3417951507626,20.92772840841944,223.3417951465026,25.54863500275335,223.3417953067914,28.26219592864754
228.5440940690619,13.82093138770192,228.5440938723204,20.77779910070834,228.5440938766484,25.34087611382186,228.5440940523844,27.96776797732623
233.8675698946046,13.70307776577136,233.8675696979249,20.62902486229169,233.8675697113524,25.13327028920806,233.8675699033597,27.67121802458296
239.3150454015165,13.58651032363719,239.3150452049269,20.48138116181492,239.3150452279925,24.92575644968944,239.31504543713,27.37240676551372
244.8894089134434,13.47123902210583,244.8894087169492,20.33484271482797,244.8894087502222,24.71827193474967,244.8894089773825,27.07119074293738
250.5936160317449,13.35728232860991,250.5936158353162,20.18938355395792,250.5936158793949,24.51075245026064,250.5936161255058,26.7674222260833
256.4306912026053,13.24467266677704,256.4306910061507,20.04497707730387,256.4306910616653,24.30313201415094,256.4306913276882,26.46094908727953
262.4037293206557,13.13346665983783,262.4037291239758,19.90159608093566,262.4037291915892,24.09534290012901,262.4037294785206,26.1516146766655
268.5158973699805,13.02376560073225,268.5158971726696,19.75921277958545,268.51589725308,23.88731557947983,268.5158975619471,25.83925769491963
274.7704361034129,12.91575949445104,274.7704359046416,19.61779881841166,274.7704359985826,23.67897866098277,274.7704363304446,25.52371206394659
281.1706617611508,12.80983070582221,281.1706615591219,19.47732527789234,281.170661667365,23.47025882898773,281.1706620233093,25.2048067954097
287.7199678300991,12.70682582029928,287.7199676204758,19.33776267332906,287.7199677438325,23.26108077969295,287.7199681249725,24.88236585691222
294.4218268471246,12.6088637277598,294.4218266174746,19.19908095004144,294.4218267567974,23.05136715567261,294.4218271642677,24.55620803553155
301.2797922605217,12.52200999181828,301.2797919644747,19.0612494750444,301.2797921206601,22.84103847871182,301.2797925556123,24.22614679827883
308.2975004368027,12.46384945123475,308.2974998454872,18.92423702579325,308.2975000194763,22.63001308101469,308.297500483072,23.89199014890072
315.4786726009962,12.45337681983349,315.4786711421286,18.78801177643008,315.4786713349096,22.41820703486495,315.4786718283144,23.55354048024729
322.8271144835148,12.43307364838444,322.8271134064828,18.652541281854,322.8271136190937,22.20553408083374,322.8271141434653,23.21059442120514
330.3467233018172,12.37144051676226,330.346722879915,18.5177924598541,330.3467231134457,21.99190555464598,330.3467236699226,22.86294267694451
338.0414868223365,12.29195893215979,338.0414865589116,18.38373157148036,338.041486814505,21.77723031283776,338.0414874041927,22.51036986095536
345.9154845304883,12.20681344129768,345.9154843090374,18.25032419978216,345.9154845878912,21.56141465736117,345.9154852118452,22.15265431708883
353.9728912336529,12.12002068074136,353.9728910281338,18.11753522700428,353.9728913315046,21.34436225932013,353.9728919907081,21.7895679296138
362.2179790572704,12.03300833083698,362.2179788599065,17.98532881030259,362.2179791891113,21.12597408205276,362.2179798844489,21.42087591923771
370.6551196511446,11.9463507384189,370.6551194590728,17.85366835602433,370.6551198154882,20.90614830381211,370.6551205477177,21.04633662327245
379.288786497242,11.86030221788317,379.2887863092679,17.72251649256207,379.2887866943356,20.68478024033856,379.2887874640494,20.66570125890241
388.1235572793473,11.77498176086084,388.1235570949497,17.59183504180577,388.1235575101756,20.46176226766431,388.1235583177558,20.27871367024683
397.1641163095805,11.69044515048026,397.1641161285439,17.46158498917519,397.1641165755001,20.23698374554753,397.1641174210672,19.88511006328339
406.4152570118661,11.6067161294443,406.4152568341294,17.33172645222301,406.4152573144572,20.01033094199401,406.4152581978047,19.4846187388269
415.8818844633903,11.52380105124956,415.8818842889768,17.20221864778559,415.8818848043848,19.78168695939815,415.8818857249041,19.07695984441254
425.5690179953003,11.44169626270818,425.5690178242843,17.07301985765079,425.5690183765494,19.55093166292005,425.5690193331386,18.66184518401448
435.4817938540051,11.36039204572896,435.4817936864929,16.94408739270799,435.4817942774612,19.31794161181211,435.4817952684154,18.23897815462742
445.6254679244712,11.27987482709053,445.6254677605934,16.8153775555377,445.6254683921776,19.0825899945215,445.6254694150604,17.80805392819623
456.0054185169606,11.20012846949854,456.0054183568654,16.6868456013961,456.0054190310445,18.84474656852978,456.005420082535,17.36876007776766
466.6271492186787,11.12113505289337,466.6271490625297,16.55844569754381,466.627149781344,18.60427760604679,466.6271508570524,16.92077797612053
477.4962918118454,11.04287536166368,477.4962916598218,16.43013088086553,477.4962924253713,18.36104584686136,477.4962935196246,16.46378550118085
488.6186092597446,10.96532919629359,488.6186091120393,16.30185301372322,488.6186099264739,18.11491045987434,488.6186110320695,15.99746190646398
499.9999987623286,10.88847557700349,499.999998619148,16.17356273798312,499.9999994846654,17.86572701510594,500.0000005925789,15.52149621519865