waveVsWave(?x OS("/M0" "vgs") ?y OS("/M0" "gmoverid")) (L=1.8e-07) X,waveVsWave(?x OS("/M0" "vgs") ?y OS("/M0" "gmoverid")) (L=1.8e-07) Y,waveVsWave(?x OS("/M0" "vgs") ?y OS("/M0" "gmoverid")) (L=3.6e-07) X,waveVsWave(?x OS("/M0" "vgs") ?y OS("/M0" "gmoverid")) (L=3.6e-07) Y,waveVsWave(?x OS("/M0" "vgs") ?y OS("/M0" "gmoverid")) (L=5.4e-07) X,waveVsWave(?x OS("/M0" "vgs") ?y OS("/M0" "gmoverid")) (L=5.4e-07) Y,waveVsWave(?x OS("/M0" "vgs") ?y OS("/M0" "gmoverid")) (L=7.2e-07) X,waveVsWave(?x OS("/M0" "vgs") ?y OS("/M0" "gmoverid")) (L=7.2e-07) Y
-0.2092189179411998,25.3423908594714,-0.204962603401335,25.48520709310253,-0.2113217269234013,25.41744791444452,-0.2155981244994944,25.31327515303491
-0.2101020387953354,25.33811007099516,-0.2058429154501484,25.47823013473381,-0.2122166825078262,25.40868873572828,-0.2164543034642457,25.3037809243951
-0.2109878461240358,25.33377326850918,-0.2067330951977824,25.47111086749721,-0.2131123616982071,25.39984866764813,-0.2173552024773904,25.293714724593
-0.2118738868018835,25.32939189147861,-0.2076235617944964,25.46392444446482,-0.214008376141591,25.39093114650661,-0.21825647716695,25.28356615588231
-0.2127601617503811,25.32496554103143,-0.2085143173645372,25.4566704155296,-0.2149047285087164,25.38193580388879,-0.2191581307769668,25.27333497424105
-0.2136466719017982,25.3204938162433,-0.2094053640034488,25.44934833264641,-0.2158014214925434,25.37286227767886,-0.2200601663294823,25.26302094909826
-0.2145334182137812,25.31597631409415,-0.210296703834153,25.44195774953606,-0.2166984578103033,25.36371021229118,-0.2209625868666369,25.25262386095998
-0.2154204016692771,25.31141262949852,-0.2111883390067875,25.43449822183972,-0.2175958402032321,25.35447925892908,-0.2218653954502592,25.24214350173889
-0.2163076232764658,25.30680235533683,-0.2120802716985433,25.42696930727735,-0.218493571436297,25.34516907584804,-0.2227685951614478,25.23157967508725
-0.217195084068694,25.30214508248782,-0.2129725041135044,25.41937056581067,-0.2193916542979193,25.33577932862348,-0.2236721891001461,25.22093219673429
-0.218082785104414,25.29744039986346,-0.2138650384824876,25.41170155980932,-0.2202900915996899,25.32630969042338,-0.2245761803847055,25.21020089482653
-0.2189707274671278,25.29268789444432,-0.2147578770628806,25.40396185422126,-0.2211888861760818,25.31675984228527,-0.2254805721514384,25.19938561027215
-0.2198589122653316,25.28788715131731,-0.2156510221384822,25.39615101674741,-0.2220880408841541,25.30712947339786,-0.2263853675541618,25.18848619708844
-0.2207473406324694,25.28303775371432,-0.2165444760193391,25.38826861801985,-0.2229875586032515,25.29741828138722,-0.2272905697637315,25.17750252275247
-0.2216360137268836,25.27813928305355,-0.217438241041584,25.38031423178489,-0.2238874422346948,25.2876259726077,-0.2281961819675624,25.16643446855498
-0.2225249327317744,25.27319131898122,-0.2183323195672711,25.37228743508948,-0.2247876947014666,25.27775226243677,-0.2291022073691407,25.15528192995648
-0.2234140988551603,25.26819343941582,-0.2192267139842103,25.36418780847253,-0.2256883189478893,25.26779687557489,-0.2300086491875213,25.14404481694682
-0.2243035133298399,25.26314522059436,-0.2201214267057985,25.35601493615983,-0.2265893179392919,25.25775954634927,-0.2309155106568177,25.13272305440632
-0.2251931774133582,25.25804623711963,-0.2210164601708513,25.34776840626381,-0.2274906946616744,25.24764001902232,-0.2318227950256746,25.12131658246972
-0.2260830923879766,25.2528960620099,-0.2219118168434291,25.33944781098745,-0.2283924521213587,25.23743804810385,-0.2327305055567335,25.10982535689139
-0.2269732595606433,25.24769426675002,-0.222807499212661,25.33105274683211,-0.229294593344634,25.22715339866794,-0.2336386455260804,25.09824934941276
-0.2278636802629659,25.24244042134553,-0.2237035097925679,25.32258281481065,-0.2301971213773915,25.21678584667355,-0.2345472182226849,25.08658854813073
-0.2287543558511889,25.23713409437698,-0.2245998511218787,25.31403762066379,-0.2311000392847498,25.206335179289,-0.2354562269478244,25.07484295786712
-0.2296452877061688,25.23177485305799,-0.2254965257638453,25.3054167750822,-0.232003350150672,25.19580119522065,-0.2363656750144931,25.06301260053921
-0.2305364772333554,25.22636226329451,-0.2263935363060519,25.29671989393172,-0.2329070570775706,25.18518370504508,-0.2372755657468018,25.05109751553013
-0.2314279258627727,25.22089588974603,-0.2272908853602216,25.28794659848435,-0.2338111631859046,25.17448253154463,-0.2381859024793584,25.03909776005968
-0.2323196350490009,25.21537529588967,-0.2281885755620165,25.27909651565264,-0.2347156716137631,25.16369751004704,-0.2390966885566397,25.02701340955467
-0.2332116062711589,25.20980004408571,-0.2290866095708342,25.27016927822929,-0.2356205855164413,25.15282848876776,-0.2400079273323443,25.01484455801859
-0.2341038410328928,25.20416969564595,-0.2299849900695983,25.26116452513094,-0.236525908066002,25.14187532915587,-0.2409196221687346,25.00259131839997
-0.2349963408623599,25.19848381090399,-0.2308837197645441,25.2520819016467,-0.2374316424508289,25.13083790624249,-0.2418317764359621,24.99025382295923
-0.2358891073122151,25.19274194928788,-0.2317828013849983,25.24292105969108,-0.238337791875165,25.11971610899255,-0.2427443935113787,24.97783222363347
-0.2367821419596012,25.18694366939553,-0.232682237683151,25.23368165806125,-0.2392443595586418,25.1085098406586,-0.2436574767788333,24.96532669239879
-0.2376754464061344,25.18108852907204,-0.2335820314338239,25.22436336269936,-0.2401513487357934,25.09721901913728,-0.2445710296279533,24.9527374216294
-0.2385690222778958,25.17517608548986,-0.2344821854342307,25.21496584695874,-0.2410587626555611,25.0858435773279,-0.2454850554534107,24.94006462445319
-0.2394628712254201,25.16920589523124,-0.2353827025037294,25.20548879187499,-0.2419666045807829,25.07438346349278,-0.2463995576541735,24.92730853510328
-0.2403569949236823,25.16317751437373,-0.2362835854835688,25.19593188644143,-0.2428748777876706,25.06283864161934,-0.2473145396327416,24.91446940926464
-0.241251395072092,25.15709049857753,-0.237184837236627,25.18629482788889,-0.2437835855652744,25.05120909178331,-0.2482300047943682,24.90154752441541
-0.2421460733944774,25.15094440317642,-0.2380864606471422,25.17657732197011,-0.2446927312149325,25.0394948105133,-0.2491459565462644,24.88854318016249
-0.243041031639079,25.14473878327047,-0.2389884586204349,25.16677908324808,-0.2456023180497087,25.02769581115593,-0.2500623982967904,24.87545669857004
-0.243936271578534,25.13847319382263,-0.239890834082622,25.15689983538934,-0.2465123493938146,25.01581212424126,-0.2509793334546311,24.86228842448106
-0.2448317950098671,25.13214718975699,-0.2407935899803224,25.14693931146071,-0.2474228285820192,25.00384379784836,-0.2518967654279551,24.84903872583068
-0.2457276037544767,25.12576032606088,-0.2416967292803527,25.13689725423101,-0.2483337589590422,24.9917908979707,-0.2528146976235603,24.83570799395059
-0.2466236996581204,25.11931215788943,-0.2426002549694157,25.1267734164763,-0.2492451438789345,24.97965350888062,-0.2537331334460056,24.822296643864
-0.247520084590902,25.11280224067294,-0.2435041700537772,25.11656756128952,-0.2501569867044438,24.96743173349272,-0.2546520762967239,24.8088051145703
-0.2484167604472536,25.10623013022803,-0.2444084775589335,25.1062794623938,-0.2510692908063648,24.95512569372578,-0.2555715295731253,24.79523386931801
-0.2493137291459198,25.0995953828709,-0.2453131805292701,25.09590890445985,-0.251982059562875,24.94273553086249,-0.2564914966676832,24.78158339586626
-0.2502109926299374,25.09289755553451,-0.2462182820277081,25.08545568342681,-0.2528952963588551,24.9302614059071,-0.2574119809670068,24.76785420673248
-0.2511085528666162,25.08613620588863,-0.2471237851353423,25.07491960682724,-0.2538090045851953,24.91770349993946,-0.2583329858509003,24.75404683942673
-0.2520064118475158,25.07931089246318,-0.2480296929510657,25.06430049411488,-0.2547231876380847,24.90506201446609,-0.2592545146914087,24.74016185667081
-0.2529045715884215,25.07242117477472,-0.2489360085911847,25.05359817699644,-0.2556378489182869,24.89233717176694,-0.2601765708518504,24.72619984660129
-0.2538030341293174,25.06546661345648,-0.2498427351890236,25.04281249976613,-0.2565529918304001,24.87952921523761,-0.261099157685837,24.71216142295572
-0.2547018015343578,25.05844677039171,-0.2507498758945144,25.03194331964349,-0.2574686197821012,24.86663840972615,-0.2620222785362809,24.69804722524076
-0.2556008758918362,25.05136120885052,-0.2516574338737776,25.02099050711413,-0.2583847361833755,24.85366504186426,-0.2629459367343923,24.68385791888098
-0.2565002593141508,25.04420949363,-0.2525654123086902,25.00995394627278,-0.2593013444457299,24.84060942039178,-0.2638701355986635,24.66959419534733
-0.2573999539377669,25.03699119119823,-0.2534738143964403,24.99883353516939,-0.2602184479813925,24.82747187647413,-0.2647948784338443,24.65525677226421
-0.2582999619231785,25.02970586984153,-0.2543826433490695,24.98762918615702,-0.2611360502024958,24.81425276401153,-0.2657201685299069,24.64084639349377
-0.2592002854548652,25.02235309981554,-0.2552919023930027,24.97634082624192,-0.2620541545202453,24.80095245994011,-0.2666460091610003,24.62636382919613
-0.2601009267412437,25.01493245350001,-0.2562015947685656,24.96496839743583,-0.2629727643440731,24.78757136452301,-0.2675724035844,24.61180987586444
-0.261001888014621,25.00744350555702,-0.2571117237294871,24.9535118571089,-0.2638918830807779,24.77410990163165,-0.2684993550394463,24.59718535633332
-0.2619031715311382,24.99988583309351,-0.2580222925423887,24.94197117834496,-0.2648115141336469,24.76056851901584,-0.2694268667464779,24.58249111975947
-0.2628047795707145,24.99225901582708,-0.2589333044862618,24.93034635029691,-0.265731660901569,24.74694768856189,-0.27035494190576,24.56772804157274
-0.2637067144369856,24.98456263625574,-0.2598447628519289,24.91863737854331,-0.2666523267781287,24.73324790653801,-0.2712835836964067,24.55289702339679
-0.2646089784572365,24.97679627983211,-0.2607566709414919,24.90684428544508,-0.2675735151506886,24.71946969382604,-0.2722127952753011,24.5379989929373
-0.2655115739823337,24.9689595351407,-0.2616690320677659,24.89496711050222,-0.2684952293994596,24.70561359613825,-0.273142579776011,24.52303490383672
-0.2664145033866485,24.9610519940797,-0.2625818495536989,24.8830059107103,-0.2694174728965553,24.69168018421863,-0.2740729403077058,24.50800573549381
-0.2673177690679771,24.95307325204684,-0.263495126731776,24.87096076091601,-0.2703402490050357,24.67767005402765,-0.2750038799540711,24.49291249284651
-0.2682213734474583,24.94502290812893,-0.2644088669434095,24.85883175417184,-0.2712635610779388,24.66358382690875,-0.2759354017722269,24.47775620611645
-0.2691253189694809,24.93690056529567,-0.2653230735383147,24.84661900208898,-0.2721874124572992,24.64942214973643,-0.2768675087916461,24.46253793051388
-0.2700296081015907,24.92870583059759,-0.2662377498738697,24.83432263518804,-0.2731118064731568,24.63518569504421,-0.2778002040130798,24.44725874590085
-0.270934243334388,24.92043831536811,-0.2671528993144607,24.82194280324792,-0.2740367464425544,24.62087516113132,-0.2787334904074867,24.43191975641152
-0.2718392271814221,24.91209763542961,-0.2680685252308126,24.80947967565091,-0.2749622356685262,24.60649127214731,-0.2796673709149711,24.41652209002761
-0.2727445621790783,24.90368341130403,-0.2689846309993029,24.79693344172497,-0.2758882774390758,24.59203477815274,-0.2806018484437292,24.40106689810746
-0.2736502508864593,24.89519526842695,-0.2699012200012618,24.78430431108155,-0.2768148750261477,24.57750645515546,-0.2815369258690077,24.38555535486706
-0.2745562958852594,24.8866328373671,-0.2708182956222578,24.77159251394913,-0.2777420316845889,24.56290710512039,-0.2824726060320752,24.36998865681105
-0.2754626997796339,24.87799575404862,-0.271735861251365,24.75879830150127,-0.2786697506511056,24.54823755595207,-0.2834088917392079,24.35436802211235
-0.2763694651960591,24.86928365997872,-0.2726539202804181,24.74592194617919,-0.2795980351432141,24.53349866144837,-0.2843457857606928,24.3386946899386
-0.2772765947831874,24.86049620247908,-0.2735724761032516,24.73296374200772,-0.2805268883581857,24.51869130122391,-0.2852832908298506,24.32296991972329
-0.2781840912116951,24.85163303492142,-0.2744915321149224,24.71992400490417,-0.2814563134719885,24.50381638060199,-0.2862214096420805,24.3071949903804
-0.2790919571741197,24.84269381696771,-0.2754110917109185,24.70680307297961,-0.2823863136382274,24.48887483047326,-0.2871601448539278,24.29137119946055
-0.2800001953846947,24.83367821481416,-0.2763311582863532,24.69360130683122,-0.2833168919870808,24.47386760712002,-0.288099499082179,24.2754998622469
-0.2809088085791713,24.82458590143968,-0.2772517352351442,24.68031908982585,-0.2842480516242396,24.4587956920043,-0.2890394749029852,24.25958231078905
-0.2818177995146358,24.81541655685862,-0.2781728259491763,24.66695682837315,-0.2851797956298454,24.44366009151844,-0.2899800748510182,24.24361989287341
-0.2827271709693171,24.80616986837745,-0.2790944338174528,24.653514952188,-0.2861121270574318,24.4284618366963,-0.2909213014186596,24.22761397092838
-0.2836369257423845,24.79684553085577,-0.2800165622252309,24.63999391454121,-0.2870450489328704,24.41320198288396,-0.2918631570552277,24.21156592086215
-0.2845470666537389,24.78744324697148,-0.2809392145531422,24.62639419249765,-0.2879785642533219,24.39788160936777,-0.2928056441662459,24.19547713083232
-0.2854575965437944,24.77796272748997,-0.2818623941763028,24.61271628714081,-0.2889126759861942,24.38250181895864,-0.2937487651127513,24.17934899994504
-0.2863685182732492,24.76840369153714,-0.2827861044634064,24.59896072378305,-0.2898473870681109,24.36706373753035,-0.2946925222106529,24.16318293688234
-0.2872798347228485,24.75876586687705,-0.2837103487758068,24.5851280521602,-0.2907827004038879,24.35156851351089,-0.295636917730137,24.14698035845624
-0.2881915487931381,24.74904899019267,-0.2846351304665886,24.57121884661015,-0.2917186188655261,24.33601731732434,-0.2965819538951275,24.13074268808812
-0.2891036634042063,24.73925280737124,-0.2855604528796232,24.55723370623361,-0.2926551452912158,24.32041134078241,-0.2975276328827989,24.11447135421164
-0.290016181495417,24.72937707379297,-0.2864863193486151,24.5431732550366,-0.2935922824843602,24.30475179642331,-0.2984739568231545,24.09816778859829
-0.2909291060251324,24.71942155462351,-0.2874127331961382,24.52903814205323,-0.2945300332126148,24.28903991679658,-0.2994209277986621,24.08183342460408
-0.2918424399704243,24.70938602511044,-0.2883396977326584,24.51482904144771,-0.2954684002069521,24.27327695369206,-0.3003685478439617,24.06546969533603
-0.2927561863267756,24.69927027088258,-0.2892672162555512,24.50054665259453,-0.2964073861607455,24.25746417731115,-0.3013168189456397,24.04907803173762
-0.2936703481077698,24.68907408825358,-0.2901952920481057,24.48619170013548,-0.2973469937288817,24.24160287537908,-0.3022657430420816,24.032659860592
-0.2945849283447703,24.67879728452797,-0.2911239283785232,24.47176493401223,-0.2982872255269011,24.22569435219582,-0.3032153220234002,24.01621660244184
-0.2954999300865868,24.66843967831102,-0.2920531284989079,24.45726712947351,-0.299228084130168,24.20973992762465,-0.3041655577314475,23.99974966942555
-0.2964153563991319,24.65800109982142,-0.2929828956442504,24.44269908705513,-0.3001695720730764,24.19374093601617,-0.3051164519599137,23.9832604630285
-0.2973312103650636,24.64748139120654,-0.2939132330314054,24.42806163253184,-0.3011116918482899,24.17769872506645,-0.3060680064545156,23.96675037174908
-0.2982474950834173,24.63688040686131,-0.2948441438580658,24.41335561683965,-0.3020544459060237,24.16161465460744,-0.3070202229132808,23.95022076867897
-0.2991642136692259,24.62619801374838,-0.2957756313017328,24.39858191596703,-0.3029978366533672,24.14549009532824,-0.3079731029869304,23.93367300899743
-0.3000813692531239,24.61543409172193,-0.2967076985186821,24.3837414308138,-0.3039418664536517,24.1293264274256,-0.3089266482793662,23.91710842737914
-0.3009989649809446,24.60458853385276,-0.2976403486429313,24.36883508701597,-0.3048865376258687,24.11312503918212,-0.3098808603482639,23.90052833531603
-0.3019170040132981,24.59366124675579,-0.2985735847852051,24.3538638347354,-0.3058318524441381,24.09688732547061,-0.3108357407057796,23.88393401835279
-0.3028354895251413,24.58265215091924,-0.2995074100319024,24.33882864841238,-0.3067778131372327,24.08061468618351,-0.3117912908193727,23.86732673323662
-0.303754424705331,24.57156118103507,-0.3004418274440661,24.32373052648004,-0.3077244218881614,24.06430852458542,-0.312747512112749,23.8507077049819
-0.3046738127561661,24.56038828633127,-0.3013768400563579,24.30857049103866,-0.3086716808338139,24.04797024558838,-0.3137044059669309,23.83407812384987
-0.3055936568929134,24.54913343090427,-0.3023124508760364,24.29334958748833,-0.3096195920646727,24.03160125394749,-0.3146619737214544,23.81743914224499
-0.3065139603433236,24.53779659405299,-0.3032486628819451,24.27806888411875,-0.3105681576245922,24.01520295237698,-0.3156202166757043,23.80079187152841
-0.3074347263471282,24.52637777061258,-0.3041854790235063,24.26272947165396,-0.3115173795106541,23.99877673958467,-0.316579136090384,23.78413737875031
-0.3083559581555273,24.51487697128853,-0.3051229022197306,24.24733246275087,-0.312467259673098,23.98232400822462,-0.3175387331891317,23.76747668330241
-0.3092776590306587,24.50329422299056,-0.3060609353582326,24.23187899144972,-0.3134178000153338,23.96584614276658,-0.3184990091602831,23.75081075349253
-0.310199832245057,24.49162956916584,-0.3069995812942661,24.21637021257459,-0.3143690023940389,23.94934451728184,-0.3194599651587848,23.73414050304315
-0.3111224810810935,24.47988307013129,-0.3079388428497745,24.20080730108297,-0.3153208686193454,23.93282049314489,-0.3204216023082662,23.71746678751623
-0.3120456088304067,24.46805480340433,-0.3088787228124579,24.18519145136171,-0.3162734004551202,23.91627541665009,-0.3213839217032686,23.70079040066678
-0.3129692187933124,24.45614486403212,-0.3098192239348649,24.16952387646868,-0.3172265996193417,23.8997106165434,-0.3223469244116435,23.6841120707281
-0.3138933142782041,24.44415336491846,-0.3107603489335036,24.15380580731776,-0.3181804677845808,23.88312740146859,-0.3233106114771147,23.66743245663147
-0.3148178986009353,24.43208043714783,-0.311702100487981,24.13803849180578,-0.3191350065785847,23.86652705732819,-0.3242749839220169,23.65075214416359
-0.3157429750841887,24.41992623030661,-0.3126444812401694,24.1222231938796,-0.3200902175849749,23.84991084455925,-0.325240042750208,23.63407164206581
-0.3166685470568296,24.40769091280058,-0.3135874937934029,24.10636119254188,-0.3210461023440563,23.83327999532382,-0.3262057889501653,23.61739137807816
-0.3175946178532443,24.39537467216789,-0.3145311407117084,24.09045378079374,-0.3220026623537477,23.81663571061522,-0.3271722234982608,23.6007116949332
-0.3185211908126639,24.38297771538797,-0.3154754245190716,24.0745022645125,-0.3229598990706355,23.79997915728016,-0.3281393473622289,23.58403284630337
-0.3194482692784741,24.37050026918446,-0.3164203476987424,24.05850796126346,-0.3239178139111554,23.78331146495798,-0.329107161504822,23.56735499270709
-0.3203758565975077,24.3579425803228,-0.3173659126925825,24.04247219904348,-0.3248764082529059,23.76663372293784,-0.3300756668876608,23.55067819737807
-0.3213039561193247,24.34530491590106,-0.318312121900457,24.02639631495532,-0.3258356834360996,23.74994697693502,-0.3310448644752808,23.5340024221036
-0.3222325711954779,24.33258756363358,-0.3192589776796744,24.01028165381108,-0.3267956407651553,23.73325222578817,-0.3320147552393813,23.51732752303701
-0.3231617051787605,24.31979083212707,-0.3202064823444777,23.99412956666317,-0.3277562815104349,23.71655041807872,-0.3329853401632723,23.50065324649029
-0.3240913614224439,24.30691505114771,-0.321154638165591,23.97794140926167,-0.3287176069101325,23.69984244867479,-0.3339566202465301,23.48397922471288
-0.3250215432794976,24.2939605718796,-0.3221034473698225,23.96171854043652,-0.3296796181723149,23.68312915520159,-0.3349285965098574,23.46730497166311
-0.325952254101797,24.28092776717261,-0.3230529121397301,23.94546232040335,-0.3306423164771228,23.66641131444069,-0.3359012700001525,23.45062987877893
-0.3268834972393166,24.26781703177995,-0.3240030346133511,23.92917410899182,-0.3316057029791331,23.64968963866096,-0.3368746417957893,23.43395321075472
-0.3278152760393109,24.25462878258363,-0.3249538168840012,23.91285526379526,-0.3325697788098894,23.6329647718839,-0.3378487130121071,23.41727410133156
-0.3287475938454791,24.24136345880796,-0.3259052610001456,23.89650713824051,-0.3335345450806022,23.61623728608695,-0.3388234848071165,23.40059154910811
-0.3296804539971199,24.22802152221931,-0.3268573689653471,23.88013107957729,-0.3345000028850236,23.59950767734775,-0.3397989583874148,23.38390441337996
-0.3306138598282726,24.21460345731185,-0.3278101427382918,23.86372842678589,-0.335466153302501,23.58277636193352,-0.3407751350143169,23.36721141001539
-0.3315478146668458,24.2011097714781,-0.3287635842329029,23.84730050840267,-0.3364329974012128,23.56604367233911,-0.3417520160102021,23.35051110737512
-0.3324823218337343,24.18754099516327,-0.3297176953185379,23.83084864026284,-0.3374005362415895,23.54930985327868,-0.3427296027650704,23.33380192228513
-0.3334173846419248,24.17389768200245,-0.3306724778202821,23.81437412315963,-0.338368770879923,23.53257505763483,-0.3437078967433171,23.31708211607022
-0.3343530063955915,24.16018040893975,-0.3316279335193355,23.79787824042001,-0.3393377023721693,23.5158393423706,-0.3446868994907153,23.30034979065757
-0.3352891903891817,24.14638977632803,-0.3325840641535021,23.78136225539628,-0.3403073317779461,23.49910266440923,-0.3456666126416139,23.28360288475857
-0.3362259399064893,24.13252640800849,-0.3335408714177819,23.76482740887368,-0.3412776601647272,23.48236487648703,-0.3466470379263424,23.2668391701382
-0.3371632582197235,24.11859095136863,-0.3344983569650744,23.74827491639417,-0.342248688612238,23.4656257229854,-0.3476281771788248,23.25005624798076
-0.3381011485885654,24.10458407737769,-0.3354565224069936,23.73170596549631,-0.343220418217056,23.44888483574749,-0.3486100323443997,23.2332515453612
-0.3390396142592209,24.09050648059834,-0.3364153693148013,23.71512171287197,-0.3441928500974123,23.43214172988612,-0.3495926054878431,23.21642231183092
-0.3399786584634634,24.07635887917313,-0.3373748992204617,23.69852328144039,-0.3451659853982048,23.41539579958937,-0.3505758988015917,23.19956561612775
-0.3409182844176739,24.062142014785,-0.3383351136178245,23.68191175734019,-0.3461398252962167,23.39864631393048,-0.3515599146141628,23.18267834301873
-0.341858495321874,24.04785665258994,-0.3392960139639363,23.66528818684058,-0.3471143710055469,23.38189241268936,-0.3525446553987681,23.16575719028545
-0.342799294358757,24.03350358112088,-0.3402576016804888,23.64865357317278,-0.3480896237832518,23.36513310219258,-0.3535301237821171,23.14879866586076
-0.3437406846927149,24.01908361216151,-0.3412198781554054,23.63200887328304,-0.3490655849351985,23.34836725117984,-0.3545163225534047,23.1317990851261
-0.3446826694688649,24.00459758058824,-0.3421828447445736,23.61535499450905,-0.3500422558221312,23.33159358670423,-0.35550325467348,23.11475456837846
-0.345625251812075,23.99004634417944,-0.3431465027737235,23.59869279118142,-0.351019637865952,23.31481069007445,-0.3564909232841911,23.09766103847605
-0.3465684348259896,23.9754307833902,-0.3441108535404593,23.58202306115227,-0.3519977325562118,23.29801699284699,-0.3574793317178977,23.08051421867105
-0.3475122215920592,23.96075180109112,-0.345075898316449,23.56534654225358,-0.3529765414568169,23.28121077287692,-0.3584684835071519,23.06330963063841
-0.3484566151685728,23.94601032226999,-0.3460416383497729,23.54866390868737,-0.3539560662129464,23.26439015043516,-0.3594583823945345,23.04604259270901
-0.349401618589694,23.93120729369442,-0.347008074867438,23.53197576735099,-0.3549363085581789,23.24755308440162,-0.3604490323426444,23.02870821831514
-0.3503472348645065,23.9163436835343,-0.3479752090780617,23.51528265410033,-0.3559172703218334,23.2306973685424,-0.3614404375442353,23.01130141465643
-0.3512934669760646,23.90142048094231,-0.3489430421747277,23.49858502995433,-0.3568989534365123,23.21382062788026,-0.3624326024324898,22.99381688159376
-0.352240317880457,23.88643869559095,-0.3499115753380182,23.48188327724459,-0.3578813599458548,23.19692031516725,-0.3634255316914263,22.97624911077831
-0.3531877905058789,23.87139935716463,-0.350880809739228,23.46517769571363,-0.3588644920124917,23.17999370746851,-0.3644192302664322,22.958592385023
-0.3541358877517211,23.85630351480502,-0.3518507465437599,23.44846849856625,-0.3598483519262015,23.16303790286641,-0.3654137033749114,22.94084077792253
-0.3550846124876708,23.84115223650847,-0.3528213869147097,23.43175580847834,-0.3608329421122638,23.14604981729413,-0.366408956517045,22.92298815372838
-0.3560339675528339,23.82594660847326,-0.3537927320166396,23.41503965356764,-0.361818265140007,23.12902618150784,-0.3674049954866521,22.90502816748458
-0.3569839557548735,23.81068773439568,-0.3547647830195475,23.39831996333177,-0.3628043237315477,23.11196353820639,-0.368401826382146,22.88695426542936
-0.3579345798691727,23.795376734713,-0.3557375411030297,23.38159656455858,-0.3637911207707132,23.09485823930795,-0.3693994556175757,22.86875968566756
-0.3588858426380201,23.78001474579175,-0.3567110074606452,23.36486917721431,-0.3647786593121494,23.07770644339213,-0.3703978899337452,22.8504374591183
-0.3598377467698226,23.76460291905969,-0.3576851833044796,23.34813741031548,-0.3657669425906036,23.06050411331674,-0.371397136409404,22.83198041074131
-0.3607902949383461,23.74914242008011,-0.3586600698699147,23.33140075779063,-0.3667559740303803,23.04324701401765,-0.3723972024724977,22.81338116104564
-0.3617434897819896,23.73363442756622,-0.3596356684206012,23.31465859433805,-0.3677457572549614,23.02593071050074,-0.3733980959114731,22.79463212788316
-0.3626973339030917,23.718080132335,-0.3606119802536425,23.29791017128619,-0.3687362960967908,23.00855056603374,-0.3743998248866263,22.77572552852903
-0.3636518298672748,23.70248073619807,-0.3615890067049838,23.28115461246368,-0.3697275946072098,22.99110174054663,-0.3754023979414907,22.75665338205076
-0.3646069802028289,23.68683745078847,-0.3625667491550142,23.26439091008607,-0.3707196570665447,22.97357918924816,-0.3764058240142507,22.73740751196679
-0.3655627874001379,23.67115149632185,-0.3635452090343791,23.24761792066613,-0.3717124879943323,22.95597766146627,-0.3774101124491778,22.71797954919498
-0.3665192539111533,23.65542410029042,-0.3645243878300051,23.23083436095607,-0.3727060921596845,22.9382916997196,-0.3784152730080781,22.69836093529052
-0.3674763821489127,23.63965649608844,-0.3655042870913361,23.21403880392886,-0.3737004745917778,22.92051563902734,-0.3794213158817454,22.67854292597274
-0.3684341744871156,23.62384992156743,-0.3664849084367836,23.19722967480658,-0.3746956405904658,22.90264360646364,-0.3804282517014113,22.65851659493886
-0.369392633259749,23.60800561752054,-0.3674662535603874,23.18040524714433,-0.3756915957370037,22.88466952096325,-0.3814360915501835,22.63827283796303
-0.3703517607607776,23.5921248260938,-0.3684483242386905,23.16356363897776,-0.3766883459048798,22.86658709338377,-0.3824448469744703,22.61780237727726
-0.3713115592438898,23.57620878912385,-0.3694311223378222,23.14670280904257,-0.3776858972707442,22.84838982683033,-0.3834545299953751,22.59709576623153
-0.3722720309223144,23.56025874640052,-0.3704146498207928,23.12982055307485,-0.378684256325428,22.83007101724724,-0.3844651531200649,22.57614339422859
-0.3732331779687044,23.54427593385339,-0.3713989087549954,23.11291450020091,-0.3796834298850451,22.81162375428136,-0.3854767293530978,22.55493549192885
-0.3741950025150931,23.52826158166125,-0.3723839013199151,23.09598210942518,-0.3806834251021673,22.79304092242091,-0.386489272207708,22.53346213672045
-0.3751575066529302,23.51221691228342,-0.3733696298150406,23.07902066622542,-0.3816842494770674,22.77431520241317,-0.387502795717042,22.51171325844827
-0.3761206924331937,23.4961431384125,-0.3743560966679802,23.06202727926381,-0.3826859108690177,22.75543907296402,-0.388517314445338,22.48967864539588
-0.377084561866591,23.48004146084725,-0.3753433044427723,23.04499887722344,-0.3836884175076412,22.73640481272157,-0.3895328434990486,22.46734795051313
-0.3780491169238456,23.46391306628563,-0.3763312558483958,23.02793220577841,-0.3846917780043015,22.71720450254556,-0.3905493985378956,22.44471069788223
-0.3790143595360782,23.44775912503695,-0.377319953747469,23.0108238247073,-0.3856960013635298,22.69783002806381,-0.3915669957858601,22.42175628941389
-0.3799802915952826,23.43158078865311,-0.3783094011651387,22.99367010515838,-0.3867010969944753,22.67827308251601,-0.3925856520420974,22.39847401176553
-0.3809469149549054,23.41537918747852,-0.3792996012981511,22.97646722707562,-0.3877070747223739,22.6585251698852,-0.393605384691778,22.37485304347213
-0.3819142314305277,23.39915542811892,-0.3802905575241045,22.95921117679432,-0.3887139448000283,22.63857760831579,-0.3946262117168517,22.35088246228043
-0.3828822428006584,23.3829105908285,-0.3812822734108721,22.94189774481488,-0.3897217179192893,22.61842153381725,-0.3956481517067283,22.32655125267696
-0.3838509508076402,23.36664572681632,-0.3822747527261994,22.92452252376319,-0.3907304052225338,22.5980479042512,-0.3966712238688799,22.30184831359894
-0.3848203571586739,23.35036185547188,-0.3832679994474602,22.90708090654603,-0.3917400183141293,22.57744750359964,-0.3976954480393566,22.27676246631825
-0.3857904635269656,23.33405996151057,-0.3842620177715734,22.8895680847096,-0.3927505692718816,22.5566109465112,-0.3987208446932213,22.25128246248703
-0.3867612715529989,23.31774099203968,-0.3852568121250715,22.8719790470088,-0.3937620706584555,22.53552868312117,-0.3997474349548975,22.22539699233375
-0.3877327828459411,23.30140585354599,-0.3862523871743122,22.8543085781953,-0.3947745355327639,22.51419100414162,-0.4007752406084353,22.19909469299852
-0.3887049989851816,23.28505540880591,-0.3872487478358322,22.83655125803129,-0.3957879774613207,22.49258804621622,-0.4018042841076932,22.17236415699555
-0.3896779215220125,23.26869047371964,-0.3882458992868314,22.81870146053607,-0.396802410529548,22.47070979753419,-0.4028345885864395,22.14519394079113
-0.3906515519814526,23.25231181407073,-0.389243846975782,22.8007533534723,-0.3978178493530358,22.44854610369757,-0.4038661778683732,22.11757257348481
-0.3916258918642193,23.23592014221288,-0.3902425966331571,22.78270089807776,-0.3988343090887478,22.42608667383476,-0.4048990764770675,22.08948856558181
-0.3926009426488548,23.21951611368592,-0.3912421542822679,22.76453784904916,-0.3998518054461684,22.40332108695337,-0.4059333096458411,22.06093041784415
-0.3935767057940074,23.2031003237632,-0.3922425262502069,22.74625775478262,-0.4008703546983876,22.38023879852447,-0.4069689033275563,22.03188663020815
-0.3945531827408755,23.18667330393288,-0.3932437191788836,22.72785395787675,-0.4018899736931194,22.35682914729027,-0.4080058842043532,22.0023457107561
-0.3955303749158157,23.17023551831548,-0.3942457400361503,22.70931959590208,-0.402910679863651,22.33308136228599,-0.4090442796973206,21.97229618472939
-0.3965082837331213,23.15378736002118,-0.3952485961270071,22.6906476024414,-0.4039324912397202,22.30898457006741,-0.4100841179761108,21.94172660357109
-0.3974869105979735,23.13732914744947,-0.3962522951048784,22.67183070840445,-0.4049554264583168,22.28452780213401,-0.4111254279685037,21.91062555398542
-0.3984662569095683,23.1208611205351,-0.3972568449829543,22.65286144361999,-0.4059795047744097,22.2597000025379,-0.4121682393699249,21.8789816670022
-0.399446324064427,23.10438343694346,-0.3982622541455894,22.63373213870748,-0.4070047460715949,22.23449003566819,-0.4132125826529269,21.8467836270341
-0.4004271134598896,23.0878961682201,-0.3992685313597477,22.61443492723087,-0.408031170872666,22.20888669420006,-0.4142584890766392,21.81402018091478
-0.4014086264977932,23.07139929589763,-0.4002756857864893,22.59496174813524,-0.4090588003501059,22.18287870719759,-0.4153059906961929,21.78068014690653
-0.4023908645883478,23.05489270756557,-0.4012837269924907,22.57530434846749,-0.4100876563364986,22.15645474835904,-0.416355120372133,21.74675242366562
-0.4033738291541999,23.03837619290709,-0.402292664961589,22.555454286381,-0.4111177613348669,22.1296034443929,-0.4174059117798206,21.71222599915449
-0.404357521634698,23.02184943970794,-0.4033025101063437,22.53540293442416,-0.41214913852893,22.10231338351345,-0.4184583994188389,21.67708995948966
-0.405341943490354,23.00531202984301,-0.4043132732796098,22.51514148311135,-0.4131818117932902,22.07457312404326,-0.4195126186224105,21.64133349771483
-0.4063270962075118,22.98876343524576,-0.4053249657861133,22.494660944775,-0.4142158057035439,22.04637120311137,-0.4205686055668343,21.60494592248889
-0.4073129813032166,22.97220301386665,-0.4063375993940213,22.47395215769653,-0.4152511455463277,22.01769614543418,-0.421626397280954,21.56791666667899
-0.4082996003302934,22.95563000562642,-0.4073511863465045,22.4530057905131,-0.4162878573292963,21.98853647216753,-0.4226860316556691,21.53023529584879
-0.4092869548826341,22.93904352837055,-0.4083657393732787,22.43181234689701,-0.4173259677910388,21.95888070981735,-0.4237475474534973,21.49189151663295
-0.4102750466006959,22.92244257383155,-0.4093812717021257,22.41036217050343,-0.4183655044109407,21.92871739919667,-0.4248109843182002,21.45287518498914
-0.4112638771772104,22.90582600360597,-0.4103977970703827,22.38864545018199,-0.4194064954189904,21.89803510441685,-0.4258763827844845,21.41317631431871
-0.4122534483631066,22.88919254515278,-0.411415329736398,22.36665222544708,-0.4204489698055422,21.8668224219008,-0.4269437842877901,21.37278508344852
-0.4132437619736495,22.87254078782082,-0.4124338844909454,22.34437239220083,-0.4214929573310375,21.83506798940607,-0.4280132311741769,21.33169184446611
-0.4142348198947903,22.85586917891257,-0.4134534766685938,22.32179570870269,-0.4225384885356935,21.80276049504603,-0.429084766710323,21.28988713040112
-0.4152266240897349,22.83917601979176,-0.4144741221590269,22.29891180177861,-0.4235855947491638,21.76988868629715,-0.4301584350936458,21.2473616627464
-0.4162191766057248,22.82245946204298,-0.4154958374183093,22.27571017326247,-0.4246343081001811,21.73644137898084,-0.4312342814625623,21.20410635881238
-0.4172124795810355,22.80571750369096,-0.416518639480095,22.25218020666184,-0.4256846615261884,21.70240746620852,-0.4323123519068961,21.16011233890915
-0.4182065352521855,22.788947985488,-0.4175425459667756,22.22831117403975,-0.4267366887829678,21.66777592727869,-0.4333926934784507,21.11537093335079
-0.4192013459613624,22.77214858727753,-0.4185675751005644,22.20409224310357,-0.4277904244542743,21.63253583651513,-0.4344753542017576,21.06987368927713
-0.4201969141640578,22.75531682444253,-0.4195937457145151,22.17951248449198,-0.428845903961486,21.59667637203548,-0.4355603830850154,21.02361237728856
-0.4211932424369147,22.73845004444709,-0.4206210772634744,22.15456087924997,-0.4299031635732813,21.56018682444021,-0.4366478301312342,20.97657899788995
-0.4221903334857824,22.72154542347982,-0.4216495898349633,22.12922632648232,-0.4309622404153464,21.52305660541169,-0.4377377463495973,20.92876578774006
-0.4231881901539774,22.70459996320785,-0.4226793041599919,22.10349765117479,-0.4320231724801336,21.48527525621385,-0.438830183767057,20.88016522570362
-0.4241868154307491,22.68761048764997,-0.4237102416238014,22.07736361217275,-0.4330859986366742,21.44683245608332,-0.4399251954401773,20.83077003870318
-0.4251862124599453,22.6705736401777,-0.4247424242765407,22.05081291030578,-0.4341507586404578,21.40771803050283,-0.441022835467237,20.78057320736885
-0.4261863845488756,22.65348588065305,-0.4257758748438694,22.02383419664755,-0.4352174931433936,21.36792195934877,-0.4421231590006127,20.72956797148382
-0.4271873351773692,22.63634348271164,-0.4268106167374977,21.99641608089922,-0.4362862437038604,21.32743438490462,-0.4432262222594494,20.67774783522476
-0.4281890680070219,22.61914253119978,-0.4278466740656599,21.96854713988478,-0.4373570527968613,21.28624561973261,-0.44433208254264,20.62510657219559
-0.4291915868906306,22.60187891977399,-0.4288840716435229,21.94021592614666,-0.4384299638242934,21.24434615439645,-0.4454407982421253,20.5716382302546
-0.430194895881808,22.5845483486717,-0.4299228350035376,21.91141097662969,-0.4395050211253466,21.20172666502842,-0.4465524288565308,20.5173371361345
-0.4311989992447736,22.56714632266096,-0.4309629904057319,21.88212082144137,-0.4405822699870432,21.1583780207341,-0.447667035005155,20.46219789985543
-0.4322039014643191,22.54966814917785,-0.4320045648479518,21.85233399267653,-0.4416617566549319,21.11429129082951,-0.4487846784423246,20.40621541893189
-0.4332096072559357,22.53210893665913,-0.4330475860760548,21.82203903329419,-0.4427435283439505,21.06945775190455,-0.4499054220721337,20.34938488237403
-0.4342161215761076,22.51446359307807,-0.43409208259406,21.79122450603468,-0.4438276332494708,21.02386889470811,-0.4510293299635797,20.29170177448483
-0.4352234496327534,22.496726824691,-0.435138083674262,21.7598790023651,-0.4449141205585374,20.97751643085024,-0.4521564673661136,20.23316187845452
-0.4362315968958241,22.47889313500178,-0.4361856193673115,21.72799115144105,-0.4460030404613184,20.93039229931725,-0.4532869007256197,20.17376127975404
-0.4372405691080359,22.46095682395112,-0.437234720512274,21.69554962907293,-0.4470944441627784,20.8824886727961,-0.4544206977008407,20.11349636932974
-0.438250372295744,22.44291198733735,-0.4382854187466696,21.66254316668505,-0.4481883838945913,20.83379796380488,-0.4555579271802637,20.05236384660145
-0.4392610127799439,22.42475251647511,-0.4393377465165031,21.62896056025632,-0.4492849129273053,20.78431283062666,-0.4566986592994839,19.99036072226682
-0.440272497187393,22.40647209809768,-0.4403917370862926,21.59479067923078,-0.450384085582777,20.73402618304416,-0.4578429654590597,19.92748432091444
-0.4412848324618515,22.38806421450856,-0.4414474245491049,21.56002247538715,-0.451485957246887,20.68293118787362,-0.4589909183428791,19.86373228344889
-0.4422980258754268,22.36952214398745,-0.4425048438366064,21.5246449916568,-0.4525905843825542,20.63102127429622,-0.4601425919370503,19.79910256933091
-0.4433120850400216,22.35083896145524,-0.4435640307291393,21.48864737087892,-0.453698024543064,20.57829013898571,-0.4612980615493334,19.73359345863619
-0.4443270179188747,22.33200753940217,-0.4446250218658334,21.45201886448321,-0.4548083363857232,20.52473175103204,-0.4624574038291307,19.66720355393617
-0.4453428328381868,22.31302054908317,-0.4456878547547614,21.41474884108999,-0.4559215796858613,20.47034035666001,-0.4636206967880514,19.59993178200464
-0.4463595384988259,22.29387046198311,-0.4467525677831512,21.37682679501781,-0.4570378153511889,20.41511048374381,-0.4647880198210663,19.53177739535391
-0.4473771439881034,22.27454955155526,-0.4478192002276666,21.33824235468961,-0.4581571054365337,20.35903694611671,-0.4659594537282696,19.46273997360468
-0.448395658791614,22.25504989523468,-0.4488877922647623,21.29898529092845,-0.459279513158966,20.30211484767776,-0.4671350807372656,19.39281942469328
-0.4494150928051321,22.2353633767285,-0.4499583849811331,21.25904552513412,-0.460405102913332,20.24433958629576,-0.4683149845261947,19.32201598592074
-0.4504354563465565,22.21548168858393,-0.451031020384262,21.21841313733269,-0.4615339402882104,20.18570685751218,-0.4694992502474176,19.25033022484766
-0.4514567601678969,22.19539633503476,-0.4521057414130847,21.1770783740912,-0.4626660920823067,20.12621265804466,-0.4706879645518731,19.17776304003929
-0.4524790154672966,22.17509863512623,-0.4531825919487804,21.13503165629007,-0.4638016263213052,20.06585328909288,-0.4718812156141268,19.10431566166477
-0.4535022339010817,22.15457972611734,-0.454261616825703,21.09226358674653,-0.4649406122751898,20.00462535944925,-0.4730790931581286,19.02998965195519
-0.4545264275958301,22.13383056716006,-0.4553428618424655,21.04876495768254,-0.4660831204760569,19.94252578841649,-0.4742816884836947,18.95478690552446
-0.4555516091604588,22.11284194325282,-0.4564263737731926,21.00452675803103,-0.4672292227364281,19.87955180853515,-0.4754890944937311,18.87870964955747
-0.4565777916983147,22.09160446946666,-0.4575122003789518,20.95954018057515,-0.4683789921680874,19.81570096812378,-0.476701405722219,18.80176044386948
-0.4576049888192715,22.07010859544055,-0.4586003904193829,20.91379662891517,-0.4695325032014559,19.75097113363468,-0.4779187183629743,18.7239421808415
-0.4586332146518204,22.04834461014243,-0.4596909936645335,20.86728772425845,-0.4706898316055197,19.68536049182884,-0.4791411302992019,18.64525808523528
-0.4596624838551526,22.0263026468922,-0.46078406090692,20.82000531202815,-0.471851054508331,19.6188675517732,-0.4803687411338633,18.56571171389232
-0.4606928116312277,22.00397268864147,-0.4618796439738277,20.77194146828694,-0.4730162504180959,19.55149114666398,-0.4816016522208704,18.48530695532077
-0.4617242137368225,21.98134457350518,-0.4629777957398624,20.72308850597221,-0.47418549924487,19.48323043547973,-0.4828399666971284,18.40404802917448
-0.4627567064955564,21.95840800053919,-0.4640785701397734,20.67343898093993,-0.4753588823228745,19.41408490446783,-0.48408378951544,18.32193948562773
-0.4637903068098905,21.9351525357575,-0.4651820221815584,20.62298569781468,-0.4765364824334541,19.34405436846866,-0.4853332274782942,18.23898620464941
-0.4648250321730922,21.91156761838253,-0.4662882079598689,20.57172171564348,-0.4777183838286909,19.27313897208101,-0.4865883892725524,18.15519339518059
-0.4658609006811705,21.88764256732065,-0.4673971846697311,20.51964035335202,-0.4789046722556942,19.2013391906734,-0.487849385505051,18.07056659421876
-0.4668979310447694,21.86336658785577,-0.4685090106205976,20.46673519500181,-0.4800954349815818,19.12865583124469,-0.4891163287391407,17.98511166581197
-0.4679361426010258,21.83872877855235,-0.4696237452507457,20.4130000948474,-0.4812907608191728,19.0550900331389,-0.4903893335321752,17.89883479996652
-0.4689755553253832,21.8137181383593,-0.4707414491420412,20.35842918219299,-0.4824907401534062,18.980643268618,-0.491668516473972,17.81174251147088
-0.4700161898433657,21.78832357390581,-0.4718621840350792,20.30301686604858,-0.4836954649685068,18.90531734329695,-0.4929539962262579,17.72384163863903
-0.4710580674423073,21.76253390697945,-0.4729860128447227,20.24675783958545,-0.4849050288759151,18.82911439644526,-0.4942458935631202,17.63513934197574
-0.4721012100830382,21.73633788217699,-0.4741129996760538,20.1896470843917,-0.4861195271429966,18.75203690115934,-0.4955443314124812,17.54564310276644
-0.4731456404115275,21.70972417471771,-0.4752432098407546,20.13167987452875,-0.4873390567225546,18.67408766440937,-0.4968494348986086,17.45536072159421
-0.4741913817704861,21.68268139840871,-0.4763767098739335,20.07285178038978,-0.4885637162831582,18.59526982696554,-0.4981613313856836,17.36430031678583
-0.4752384582109248,21.65519811375188,-0.4775135675514166,20.01315867236177,-0.4897936062403077,18.51558686320704,-0.4994801505224431,17.27247032278894
-0.4762868945036758,21.62726283618123,-0.4786538519075181,19.95259672429261,-0.4910288287884568,18.43504258081802,-0.5008060242879089,17.17987948848214
-0.4773367161508784,21.59886404441975,-0.4797976332533105,19.89116241676557,-0.4922694879339051,18.35364112037466,-0.5021390870382243,17.08653687541959
-0.4783879493974288,21.56999018894454,-0.480944983195408,19.82885254018328,-0.4935156895285857,18.27138695482675,-0.503479475554613,16.99245185601132
-0.4794406212424025,21.54062970054866,-0.4820959746552846,19.76566419766352,-0.4947675413047616,18.18828488887792,-0.5048273290924736,16.89763411164052
-0.4804947594504481,21.51077099898837,-0.4832506818891427,19.70159480774983,-0.4960251529106521,18.10434005826771,-0.5061827894316293,16.80209363071847
-0.4815503925631637,21.48040250170403,-0.484409180508349,19.63664210693975,-0.4972886359470081,18.01955792895934,-0.5075460009277435,16.70584070667805
-0.4826075499104536,21.44951263260319,-0.4855715475004578,19.5708041520336,-0.4985581040046534,17.93394429623624,-0.5089171105649197,16.60888593590574
-0.4836662616218783,21.41808983089415,-0.4867378612508391,19.50407932230733,-0.4998336727030119,17.84750528371076,-0.5102962680094942,16.51124021561282
-0.4847265586379987,21.38612255995853,-0.4879082015649288,19.43646632151281,-0.5011154597296399,17.76024734224795,-0.511683625665041,16.41291474164518
-0.4857884727217254,21.35359931625101,-0.4890826496911209,19.36796417970883,-0.5024035848807806,17.67217724880735,-0.5130793387285966,16.31392100623149
-0.4868520364696765,21.3205086382152,-0.4902612883443189,19.29857225492704,-0.5036981701029628,17.58330210520557,-0.5144835652481174,16.21427079566936
-0.4879172833235559,21.28683911520391,-0.4914442017301657,19.22829023467604,-0.5049993395356565,17.49362933680221,-0.515896466181184,16.11397618794785
-0.4889842475815598,21.25257939639284,-0.4926314755699714,19.15711813728787,-0.5063072195550113,17.40316669111133,-0.5173182054549554,16.01304955030616
-0.4900529644098155,21.21771819967666,-0.4938231971263571,19.08505631311079,-0.5076219388186911,17.31192223634082,-0.5187489500273894,15.91150353672605
-0.4911234698538707,21.18224432053633,-0.4950194552296336,19.0121054455522,-0.5089436283118234,17.21990435986148,-0.5201888699497315,15.80935108535687
-0.4921958008502354,21.14614664086758,-0.4962203403049368,18.93826655197592,-0.5102724213940852,17.12712176660773,-0.5216381384302828,15.70660541587076
-0.4932699952379918,21.10941413775956,-0.4974259444001334,18.86354098445801,-0.5116084538479377,17.03358347741138,-0.5230969318994476,15.60328002674609
-0.4943460917704794,21.0720358922141,-0.4986363612145266,18.78793043040475,-0.5129518639280344,16.93929882726965,-0.5245654300760696,15.49938869247595
-0.4954241301270725,21.03400109779533,-0.4998516861283679,18.71143691303772,-0.5143027924118111,16.84427746354895,-0.5260438160350538,15.39494546069949
-0.4965041509250547,20.99529906920031,-0.5010720162332101,18.63406279174908,-0.5156613826512837,16.74852934412479,-0.5275322762762789,15.28996464925215
-0.4975861957316072,20.95591925074161,-0.5022974503631075,18.55581076233201,-0.517027780626065,16.65206473545862,-0.529031000794796,15.18446084313167
-0.4986703070759253,20.91585122473271,-0.5035280891266938,18.47668385708982,-0.518402134997616,16.55489421061223,-0.5305401831523102,15.07844889137623
-0.4997565284614698,20.87508471976794,-0.5047640349401534,18.39668544482771,-0.5197845971647519,16.45702864719931,-0.5320600205499424,14.9719439038499
-0.500844904378374,20.83360961888875,-0.5060053920611072,18.31581923073148,-0.5211753213204129,16.35847922527448,-0.5335907139022602,14.86496124793179
-0.5019354803160165,20.7914159676285,-0.5072522666234336,18.2340892561366,-0.5225744645097168,16.25925742515906,-0.5351324679125686,14.75751654510352
-0.5030283027757736,20.74849398192872,-0.5085047666730462,18.15149989819172,-0.5239821866893064,16.15937502520313,-0.5366854911494492,14.64962566743031
-0.5041234192839681,20.70483405591943,-0.5097630022046498,18.0680558694199,-0.5253986507880026,16.0588440994829,-0.5382499961245306,14.54130473393019
-0.5052208784050289,20.66042676955741,-0.5110270851994927,17.98376221718161,-0.5268240227687795,15.95767701543187,-0.539826199371471,14.4325701068257
-0.5063207297548771,20.61526289611602,-0.5122971296641396,17.89862432304257,-0.5282584716920664,15.8558864314047,-0.5414143215261322,14.32343838767224
-0.5074230240145523,20.56933340952116,-0.5135732516702869,17.81264790204959,-0.5297021697803916,15.75348529417166,-0.5430145874079209,14.21392641335646
-0.5085278129440987,20.52262949152768,-0.514855569395636,17.72583900191817,-0.5311552924843741,15.65048683634172,-0.5446272261022633,14.1040512519587
-0.5096351493967246,20.47514253873184,-0.5161442031658554,17.63820400213423,-0.5326180185500682,15.54690457371188,-0.5462524710441876,13.99383019847205
-0.5107450873332537,20.42686416941509,-0.5174392754976442,17.54974961297303,-0.534090530087673,15.44275230254,-0.5478905601029715,13.8832807703713
-0.5118576818368836,20.37778623021539,-0.5187409111429238,17.46048287443823,-0.5355730126416054,15.33804409673801,-0.5495417356678176,13.77242070302416
-0.5129729891282722,20.32790080262213,-0.5200492371341774,17.37041115512315,-0.5370656552619391,15.23279430498267,-0.5512062447345083,13.66126794493725
-0.5140910665809637,20.2772002092921,-0.52136438283096,17.27954215099687,-0.538568650577216,15.12701754773963,-0.5528843389929923,13.54984065282875
-0.5152119727371798,20.22567702018312,-0.5226864799675994,17.18788388411702,-0.5400821948686225,15.02072871419735,-0.5545762749158456,13.43815718651968
-0.5163357673239881,20.17332405850338,-0.5240156627021084,17.09544470127163,-0.5416064881455285,14.91394295910658,-0.556282313847549,13.32623610363523
-0.5174625112698681,20.12013440647445,-0.5253520676663339,17.00223327255111,-0.5431417342223883,14.80667569952046,-0.5580027220945125,13.21409615410765
-0.5185922667216958,20.06610141090645,-0.5266958340173584,16.90825858985247,-0.5446881407969877,14.69894261143106,-0.559737771015778,13.10175627447179
-0.5197250970621621,20.01121868858407,-0.5280471034901801,16.81352996531649,-0.5462459195300322,14.59075962629659,-0.561487737114321,12.98923558194433
-0.5208610669276481,19.95548013146277,-0.5294060204516875,16.71805702969951,-0.5478152861260606,14.48214292745399,-0.5632529021288684,12.87655336827732
-0.5220002422265744,19.89887991167483,-0.5307727319559539,16.62184973067989,-0.5493964604156669,14.3731089464113,-0.5650335531261401,12.76372909337699
-0.5231426901582439,19.84141248634485,-0.5321473878008678,16.52491833110039,-0.5509896664390124,14.26367435901325,-0.5668299825934213,12.65078237867798
-0.5242884792322016,19.78307260221527,-0.5335301405861215,16.42727340714623,-0.5525951325306009,14.15385608147415,-0.5686424885313546,12.53773300026408
-0.5254376792881279,19.72385530008226,-0.5349211457725758,16.32892584645922,-0.5542130914052952,14.04367126627092,-0.570471374546849,12.42460088172503
-0.5265903615162886,19.66375591904304,-0.5363205617430209,16.22988684618753,-0.5558437802455403,13.93313729788941,-0.5723169499459793,12.31140608674067
-0.5277465984785605,19.60277010055575,-0.5377285498643507,16.13016791097068,-0.5574874407897592,13.82227178841671,-0.5741795298267562,12.19816881138211
-0.5289064641300574,19.54089379231318,-0.5391452745511682,16.02978085085896,-0.5591443194218826,13.71109257297167,-0.5760594351716277,12.08490937612088
-0.5300700338413731,19.47812325193238,-0.5405709033308392,15.92873777916617,-0.5608146672619665,13.59961770496597,-0.5779569929395738,11.97164821753629
-0.5312373844214675,19.41445505046195,-0.5420056069100097,15.8270511102545,-0.5624987402578536,13.48786545118712,-0.5798725361576433,11.85840587971198
-0.5324085941412162,19.34988607570913,-0.543449559242603,15.72473355724957,-0.5641967992778183,13.37585428669558,-0.5818064040117736,11.74520300531229
-0.5335837427576442,19.28441353538959,-0.5449029375993091,15.62179812968407,-0.56590911020414,13.2636028895266,-0.5837589419367282,11.63206032632997
-0.5347629115388717,19.21803496010175,-0.5463659226385802,15.51825813106749,-0.5676359440275403,13.15113013518841,-0.5857305017049779,11.51899865449639
-0.5359461832897869,19.15074820612959,-0.547838698479143,15.41412715637952,-0.5693775769424101,13.03845509094724,-0.5877214415143419,11.40603887134622
-0.5371336423784789,19.08255145807572,-0.5493214527740402,15.30941908948406,-0.571134290442751,12.92559700989024,-0.5897321260741979,11.29320191792917
-0.5383253747634456,19.01344323132889,-0.5508143767862057,15.2041481004609,-0.5729063714187506,12.81257532475606,-0.5917629266900633,11.18050878416109
-0.5395214680216045,18.94342237436875,-0.5523176654655848,15.09832864285142,-0.5746941122538947,12.6994096415243,-0.5938142213463389,11.06798049780847
-0.5407220113771338,18.87248807091135,-0.5538315175278017,14.99197545081438,-0.5764978109225265,12.58611973275328,-0.5958863947870028,10.95563811309996
-0.5419270957311602,18.80063984189898,-0.5553561355343788,14.88510353618785,-0.5783177710877452,12.47272553065656,-0.5979798385940298,10.84350269896023
-0.543136813692328,18.72787754733806,-0.5568917259745083,14.77772818545256,-0.5801543021995292,12.35924711990827,-0.6000949512633109,10.73159532686149
-0.5443512596082671,18.65420138798865,-0.5584384993483742,14.669864956592,-0.5820077195929714,12.24570473016698,-0.6022321382778333,10.61993705828981
-0.5455705295979911,18.57961190690943,-0.5599966702520229,14.56152967584399,-0.583878344586493,12.13211872830832,-0.6043918121778842,10.50854893182359
-0.5467947215852476,18.50410999086208,-0.5615664574637735,14.4527384343382,-0.5857665045799036,12.01850961035637,-0.6065743926280271,10.39745194982344
-0.5480239353328498,18.42769687157876,-0.5631480840321601,14.34350758461386,-0.5876725331521628,11.90489799310378,-0.6087803064806048,10.28666706473326
-0.5492582724780173,18.35037412689656,-0.5647417773653924,14.23385373701144,-0.5895967701586917,11.79130460541103,-0.6110099878355071,10.17621516499433
-0.5504978365687483,18.27214368176309,-0.5663477693223198,14.12379375593166,-0.5915395618280725,11.67775027917529,-0.6132638780959532,10.06611706057529
-0.5517427331012574,18.19300780911671,-0.5679662963048786,14.01334475595509,-0.5935012608579686,11.56425593995958,-0.6155424260200231,9.956393468122572
-0.5529930695585026,18.11296913064559,-0.5695975993519997,13.90252409781513,-0.5954822265100859,11.45084259727318,-0.6178460877676821,9.84706499573757
-0.5542489554498318,18.0320306174291,-0.5712419242349507,13.79134938421666,-0.5974828247039885,11.33753133449487,-0.6201753269430366,9.738152127388695
-0.5555105023517781,17.95019559046553,-0.572899521554076,13.67983845549286,-0.5995034281095759,11.22434329843065,-0.6225306146315679,9.62967520696818
-0.5567778239500321,17.86746772108982,-0.5745706468369054,13.56800938509156,-0.6015444162380139,11.1112996884985,-0.6249124294320871,9.5216544220059
-0.5580510360826216,17.78385103128477,-0.5762555606375863,13.45588047488296,-0.6036061755309106,10.99842174553326,-0.6273212574831675,9.414109787054285
-0.5593302567843308,17.69934989388941,-0.5779545286375911,13.34347025027992,-0.605689099447515,10.8857307402049,-0.6297575924838117,9.307061126760786
-0.5606156063323848,17.61396903270796,-0.5796678217476545,13.23079745516139,-0.6077935885497125,10.77324796104527,-0.6322219357081262,9.200528058646775
-0.5619072072934366,17.52771352252257,-0.5813957162108774,13.11788104659,-0.609920050584577,10.66099470207818,-0.6347147960137831,9.094529975614124
-0.5632051845718835,17.4405887890132,-0.5831384937069359,13.004740189314,-0.612068900564243,10.54899225004932,-0.6372366898440636,8.989086028203328
-0.5645096654595472,17.35260060858758,-0.5848964414573279,12.89139425004356,-0.6142405608428441,10.43726187125352,-0.6397881412232962,8.88421510662956
-0.5658207796867487,17.26375510812422,-0.586669852331577,12.77786279149142,-0.6164354611902649,10.32582479795778,-0.6423696817455182,8.779935822625944
-0.5671386594748118,17.17405876463122,-0.5884590249543122,12.66416556616758,-0.618654038862446,10.21470221442002,-0.6449818505562153,8.676266491125681
-0.5684634395900272,17.08351840482338,-0.5902642638131346,12.55032250991742,-0.6208967386679782,10.10391524250491,-0.6476251943270077,8.573225111818108
-0.5697952573991114,16.99214120462021,-0.5920858793671682,12.43635373519252,-0.6231640130307197,9.993484926899436,-0.6503002672231928,8.470829350615865
-0.5711342529261949,16.89993468856667,-0.593924188156195,12.32227952404344,-0.6254563220481644,9.883432219932802,-0.6530076308640698,8.369096521073718
-0.5724805689113712,16.8069067291792,-0.595779512910253,12.20812032082369,-0.6277741335452953,9.773777966006856,-0.6557478542760138,8.268043565802145
-0.5738343508708443,16.71306554621831,-0.5976521826595818,12.09389672459345,-0.6301179231236498,9.66454288564514,-0.6585215138382949,8.167687037921672
-0.5751957471587077,16.6184197058896,-0.5995425328447783,11.97962948121261,-0.6324881742053323,9.555747559170637,-0.6613291932216816,8.068043082606698
-0.5765649090303884,16.52297811997459,-0.6014509054270265,11.86533947511175,-0.6348853780717107,9.447412410024493,-0.6641714833199048,7.969127418770067
-0.5779419907077958,16.42675004489213,-0.6033776489982492,11.75104772073032,-0.6373100338965363,9.339557687740243,-0.6670489821741028,7.870955320942418
-0.5793271494462047,16.32974508069175,-0.6053231188910264,11.63677535361109,-0.6397626487732413,9.232203450590236,-0.6699622948904134,7.773541601402561
-0.5807205456029112,16.23197316997914,-0.6072876772881062,11.52254362114071,-0.6422437377361692,9.12536954792375,-0.6729120335509307,7.676900592617411
-0.5821223427076991,16.13344459677421,-0.6092716933313373,11.40837387292529,-0.6447538237755126,9.019075602218471,-0.6758988171182871,7.581046130052237
-0.5835327075351453,16.03416998530201,-0.6112755432298311,11.29428755079174,-0.6472934378457424,8.913340990870061,-0.678923271334182,7.485991535413567
-0.584951810178808,15.93416029871578,-0.6132996103671562,11.18030617840456,-0.6498631188673325,8.808184827746965,-0.6819860286122286,7.391749600388717
-0.5863798241273257,15.83342683775223,-0.6153442854073614,11.06645135048933,-0.6524634137216001,8.703625944540638,-0.6850877279255438,7.298332570947441
-0.5878169263424671,15.73198123931764,-0.6174099663996049,10.95274472165412,-0.6550948772385072,8.599682871944253,-0.6882290146895678,7.205752132271707
-0.5892632973391632,15.62983547500409,-0.6194970588811701,10.83920799480053,-0.6577580721772931,8.496373820695736,-0.6914105406406517,7.114019394380647
-0.5907191212675584,15.527001849534,-0.6216059759786268,10.72586290911746,-0.6604535691998337,8.39371666252408,-0.6946329637110151,7.023144878517573
-0.5921845859971124,15.42349299913156,-0.6237371385068948,10.61273122765092,-0.6631819468366562,8.291728911040948,-0.697896947900724,6.933138504366087
-0.5936598832027882,15.31932188981842,-0.62589097506596,10.49983472444421,-0.6659437914455719,8.190427702622312,-0.7012031631474025,6.844009578161416
-0.5951452084533553,15.21450181563172,-0.6280679221349745,10.38719517124421,-0.668739697162926,8.089829777327948,-0.7045522851944475,6.755766781762064
-0.5966407613018438,15.10904639676126,-0.6302684241634777,10.27483432377027,-0.6715702658475038,7.989951459909614,-0.7079449954585559,6.668418162745509
-0.5981467453781777,15.00296957760261,-0.6324929336594614,10.16277390754338,-0.6744361070171725,7.890808640961349,-0.7113819808974446,6.581971125589144
-0.5996633684840156,14.89628562472287,-0.6347419112739936,10.0510356032754,-0.6773378377783938,7.792416758268023,-0.714863933878666,6.496432423995646
-0.6011908426898309,14.78900912473473,-0.6370158258821177,9.939641031818617,-0.6802760827487739,7.694790778411089,-0.7183915520504884,6.411808154418195
-0.6027293844342538,14.68115498207486,-0.6393151546597333,9.828611738678436,-0.6832514739728877,7.59794517869245,-0.7219655382158308,6.328103750837938
-0.6042792146257017,14.57273841668176,-0.6416403831561663,9.717969178093254,-0.6862646508316514,7.501893929439979,-0.7255866002102838,6.245323980841463
-0.6058405587463238,14.46377496156761,-0.6439920053621326,9.607734696687693,-0.6893162599455875,7.406650476759731,-0.7292554507852775,6.163472943041662
-0.6074136469582752,14.35428046027934,-0.6463705237727986,9.497929516707435,-0.6924069550723699,7.3122277258019,-0.7329728074974691,6.082554065880055
-0.6089987142123445,14.24427106424199,-0.6487764494456467,9.388574718846048,-0.6955373969991074,7.218638024608753,-0.7367393926054513,6.002570107843018
-0.6105960003589483,14.13376322997874,-0.6512103020528566,9.279691224676393,-0.6987082534298792,7.125893148613782,-0.7405559329748761,5.923523159118351
-0.612205750261505,14.02277371620049,-0.6536726099279158,9.171299778701986,-0.7019201988690948,7.034004285862042,-0.7444231599930979,5.845414644712047
-0.6138282139122024,13.91131958075751,-0.6561639101061851,9.063420930045957,-0.7051739145013172,6.942982023021823,-0.7483418094944263,5.768245329038224
-0.6154636465501593,13.799418177446,-0.6586847483591529,8.956075013798165,-0.7084700880682446,6.85283633225751,-0.7523126216970644,5.692015321988063
-0.6171123087819899,13.68708715266084,-0.6612356792221257,8.849282132043701,-0.7118094137436066,6.763576559033093,-0.7563363411527799,5.616724086476153
-0.6187744667047683,13.57434444188635,-0.6638172660151158,8.743062134599279,-0.7151925920067934,6.675211410914189,-0.7604137167103278,5.542370447454824
-0.6204503920313853,13.46120826601583,-0.6664300808567101,8.637434599486625,-0.7186203295160849,6.587748947435215,-0.7645455014935902,5.468952602379452
-0.6221403622182915,13.34769712749042,-0.6690747046707188,8.532418813175523,-0.7220933389824076,6.501196571095832,-0.7687324528953636,5.396468133099543
-0.6238446605956074,13.23382980624742,-0.6717517271854352,8.428033750632149,-0.7256123390445957,6.415561019548079,-0.7729753325876425,5.324914019142867
-0.6255635764995851,13.11962535546747,-0.6744617469253587,8.324298055211676,-0.7291780541471726,6.33084835903251,-0.7772749065492024,5.25428665235169
-0.6272974054073877,13.00510309711012,-0.6772053711952681,8.221230018437529,-0.7327912144217228,6.247063979117387,-0.7816319451111926,5.184581852822715
-0.6290464490741616,12.89028261722604,-0.679983216056568,8.118847559712819,-0.7364525555729449,6.164212588791075,-0.7860472230213769,5.115794886094789
-0.6308110156723565,12.77518376103457,-0.6827959062958644,8.017168206013025,-0.7401628187705183,6.082298213952305,-0.7905215195275623,5.047920481521243
-0.6325914199332463,12.65982662775431,-0.6856440753857747,7.916209071612166,-0.7439227505479349,6.001324196337891,-0.7950556184806721,4.980952851756883
-0.634387983290601,12.54423156517413,-0.6885283654380143,7.815986837897952,-0.74773310270946,5.921293193921241,-0.7996503084578077,4.914885713283281
-0.6362010340264406,12.42841916395179,-0.6914494271488598,7.716517733334638,-0.7515946322463989,5.842207182808702,-0.804306382905547,4.849712307890219
-0.6380309074188037,12.31241025162676,-0.6944079197371318,7.617817513635194,-0.7555081012638414,5.764067460653819,-0.8090246403036165,4.785425425025604
-0.6398779458914492,12.19622588633355,-0.6974045108749043,7.519901442207457,-0.7594742769190521,5.686874651602216,-0.8138058843489698,4.72201742492167
-0.6417424991653984,12.07988735020155,-0.7004398766111988,7.422784270941459,-0.7634939313726519,5.610628712772417,-0.8186509241601854,4.659480262401109
-0.6436249244122205,11.96341614242708,-0.7035147012889897,7.326480221407601,-0.7675678417537095,5.535328942269743,-0.8235605745019955,4.597805511263517
-0.6455255864089469,11.84683397200277,-0.7066296774559047,7.231002966537623,-0.7716967901398273,5.460973988722595,-0.8285356560296454,4.53698438914981
-0.6474448576944924,11.73016275008986,-0.7097855057690736,7.136365612862077,-0.7758815635532594,5.387561862321876,-0.8335769955526698,4.477007782780596
-0.6493831187274497,11.61342458201794,-0.7129828948946511,7.042580683379517,-0.7801229539740429,5.315089947336219,-0.8386854263175796,4.417866273463267
-0.6513407580451076,11.49664175889709,-0.7162225614025974,6.949660101133881,-0.7844217583710615,5.243555016067194,-0.8438617883088392,4.359550162762359
-0.6533181724235382,11.37983674882703,-0.7195052296573807,6.85761517357721,-0.7887787787518856,5.172953244200535,-0.8491069285674336,4.30204949822823
-0.6553157670385719,11.26303218768801,-0.7228316317053354,6.766456577794828,-0.7931948222321576,5.103280227501179,-0.8544217015262225,4.245354099080329
-0.6573339556274824,11.14625086949793,-0.7262025071594707,6.67619434667033,-0.7976707011251929,5.034530999792259,-0.8598069693612066,4.189453581743297
-0.6593731606511732,11.02951573632057,-0.7296186030826082,6.586837856066457,-0.8022072330523858,4.966700052150455,-0.8652636023577491,4.134337385136999
-0.6614338134566553,10.91284986770955,-0.733080673869781,6.498395813096913,-0.8068052410748938,4.899781353243235,-0.8707924792907386,4.0799947956247
-0.6635163544395808,10.79627646967364,-0.7365894811308997,6.410876245562053,-0.8114655538469786,4.833768370726578,-0.8763944878176064,4.026414971527954
-0.6656212332065923,10.67981886314831,-0.7401457935747513,6.324286492618856,-0.8161890057912639,4.768654093615948,-0.8820705248830814,3.973586967121086
-0.6677489087372219,10.5635004719599,-0.7437503868954536,6.238633196752486,-0.8209764372960628,4.704431055537547,-0.88782149713451,3.921499756023387
-0.6698998495450661,10.4473448102688,-0.747404043662542,6.153922297112867,-0.8258286949348056,4.641091358762258,-0.8936483213465501,3.870142253912769
-0.672074533837945,10.33137546947847,-0.7511075532159128,6.070159024275264,-0.8307466317074855,4.578626698920369,-0.89955192485402,3.819503340490509
-0.6742734496767364,10.21561610459876,-0.7548617115668868,5.987347896478854,-0.8357311073039222,4.517028390292056,-0.9055332459916768,3.769571880633092
-0.6764970951325644,10.10009042005192,-0.758667321306697,5.905492717391446,-0.8407829883885275,4.456287391565736,-0.9115932345396993,3.720336744673694
-0.6787459784420029,9.984822154911649,-0.7625251915237199,5.824596575442481,-0.8459031489061459,4.396394331954951,-0.9177328521736489,3.671786827762731
-0.6810206181599443,9.869835067566052,-0.7664361377307991,5.744661844759197,-0.8510924704084296,4.33733953756335,-0.9239530729177149,3.623911068263597
-0.6833215433097657,9.755152919797293,-0.770400981804009,5.665690187733978,-0.8563518424001094,4.279113057887193,-0.9302548836000579,3.576698465146925
-0.6856492935304146,9.640799460272042,-0.7744205519342107,5.587682559242536,-0.8616821627044173,4.221704692345767,-0.9366392843091093,3.53013809435348
-0.6880044192200232,9.526798407438582,-0.7784956825927416,5.510639212524628,-0.867084337846827,4.165104016731389,-0.9431072888497225,3.484219124102811
-0.6903874816756508,9.413173431828413,-0.7826272145125492,5.434559706730287,-0.8725592834561995,4.10930040947312,-0.9496599251981207,3.438930829131458
-0.69279905322874,9.299948137762414,-0.7868159946860631,5.359442916125438,-0.8781079246823305,4.054283077611415,-0.9562982359546278,3.394262603851285
-0.6952397173758733,9.187146044463692,-0.791062876381037,5.285287040941807,-0.8837311966288436,4.000041082384648,-0.9630232787932473,3.350203974424678
-0.6977100689043996,9.074790566582184,-0.7953687191755574,5.212089619846559,-0.8894300448003086,3.946563364332837,-0.9698361269071969,3.306744609759662
-0.7002107140125069,8.962904994138457,-0.7997343890133319,5.139847543997849,-0.8952054255624087,3.893838767829174,-0.9767378694495851,3.263874331433662
-0.7027422704233106,8.851512471897381,-0.8041607582803165,5.068557072642934,-0.9010583066139587,3.841856064955167,-0.9837296119684829,3.221583122560189
-0.7053053674925294,8.7406359781854,-0.8086487059036308,4.998213850206621,-0.9069896674695338,3.790603978641581,-0.9908124768357168,3.179861135617751
-0.7079006463093249,8.630298303168711,-0.8131991174736428,4.928812924808471,-0.9130004999514533,3.740071205003638,-0.9979876036687774,3.138698699265103
-0.7105287597898953,8.520522026612982,-0.8178128853899826,4.860348768138735,-0.9190918086898651,3.690246434805764,-1.005256149745322,3.098086324171153
-0.7131903727634124,8.411329495149564,-0.8224909090321419,4.792815296614712,-0.9252646116296671,3.641118373998201,-1.012619290409818,3.05801470789178
-0.7158861620499222,8.302742799076569,-0.8272340949551995,4.726205893731386,-0.9315199405430236,3.592675763275045,-1.020078219471947,3.018474738829251
-0.7186168165298399,8.194783748728094,-0.8320433571110903,4.660513433513001,-0.9378588415462499,3.54490739661055,-1.027634149596471,2.979457499312963
-0.7213830372046963,8.087473850448779,-0.8369196170957059,4.595730304965806,-0.9442823756198743,3.497802138738033,-1.035288312684326,2.940954267842789
-0.7241855372488257,7.980834282215755,-0.8418638044219872,4.531848437426309,-0.9507916191307202,3.4513489415429,-1.043041960244777,2.902956520538523
-0.7270250420517204,7.874885868954607,-0.8468768568190387,4.468859326694374,-0.9573876643549045,3.405536859348726,-1.050896363758545,2.865455931840619
-0.7299022892508127,7.769649057601008,-0.8519597205571572,4.406754061836384,-0.9640716200006921,3.360355063082355,-1.058852815031869,2.828444374508807
-0.7328180287544994,7.665143891964469,-0.8571133507985416,4.345523352540364,-0.9708446117302155,3.315792853310909,-1.06691262654154,2.791913918966065
-0.7357730227552699,7.561389987455738,-0.8623387119733172,4.285157556902628,-0.9777077826791323,3.271839672150209,-1.075077131770971,2.755856832036101
-0.7387680457328623,7.458406505744311,-0.8676367781803853,4.22564670952411,-0.9846622939733563,3.228485114050539,-1.083347685537472,2.720265575122622
-0.7418038844474337,7.356212129417792,-0.873008533612483,4.166980549794043,-0.9917093252420794,3.18571893547161,-1.09172566431088,2.68513280187864
-0.7448813379228068,7.254825036719327,-0.8784549730047343,4.109148550239136,-0.9988500751263761,3.143531063464229,-1.100212466523798,2.650451355413634
-0.7480012174199231,7.1542628764448,-0.8839771021058503,4.052139944817879,-1.006085761782762,3.10191160318142,-1.108809512873699,2.616214265085682
-0.7511643464007325,7.054542743085443,-0.8895759381710533,3.995943757041829,-1.013417623381152,3.060850844346545,-1.117518246617188,2.582414742924721
-0.7543715604828205,6.955681152306622,-0.8952525104756972,3.940548827809024,-1.020846918596766,3.020339266710299,-1.126340133856762,2.549046179731897
-0.7576237073851868,6.857694016857261,-0.9010078608484897,3.88594384283859,-1.028374927095573,2.980367544532415,-1.135276663820409,2.516102140898604
-0.7609216468656772,6.760596623008427,-0.9068430442231379,3.832117359600521,-1.036002950012995,2.94092655012725,-1.14432934913442,2.483576361987129
-0.7642662506506848,6.664403607622948,-0.9127591292071958,3.77905783363999,-1.043732310425625,2.902007356515603,-1.153499726089797,2.451462744113151
-0.7676584023578434,6.5691289359608,-0.918757198666837,3.726753644201784,-1.051564353815826,2.863601239227384,-1.162789354902638,2.41975534916843
-0.7710989974125528,6.474785880327474,-0.9248383503262485,3.675193119067039,-1.059500448529127,2.825699677302081,-1.172199819968904,2.388448394919977
-0.7745889429592856,6.381386999674328,-0.9310036973803155,3.624364558521758,-1.067541986224422,2.788294353535434,-1.181732730113952,2.357536250019951
-0.7781291577687557,6.288944120260821,-0.9372543691192586,3.574256258384083,-1.07569038231704,2.751377154022023,-1.191389718837215,2.32701342895836
-0.7817205721421381,6.197468317489048,-0.943591511563892,3.524856532025182,-1.083947076414815,2.714940167044253,-1.201172444552419,2.29687458698838
-0.7853641278136552,6.106969899020491,-0.9500162881101766,3.476153731326787,-1.092313532747351,2.678975681358663,-1.21108259082367,2.26711451505196
-0.7890607778529586,6.017458389283514,-0.9565298801817774,3.428136266526603,-1.100791240588732,2.643476183930505,-1.221121866597775,2.237728134731059
-0.7928114865688605,5.928942515477809,-0.96313348788936,3.38079262491119,-1.109381714673964,2.60843435716728,-1.231292006433089,2.208710493247646
-0.7966172294160652,5.841430195179069,-0.9698283306954153,3.334111388324243,-1.118086495609524,2.573843075701264,-1.241594770725196,2.180056758533449
-0.800478992906676,5.754928525642546,-0.9766156480834536,3.288081249466258,-1.126907150278352,2.539695402770251,-1.252031945929653,2.151762214388192
-0.8043977745283337,5.669443774899398,-0.9834967002304701,3.242691026969849,-1.135845272239766,2.505984586244436,-1.262605344782048,2.123822255743
-0.808374582670949,5.584981374733095,-0.9904727686816598,3.197929679242598,-1.144902482124694,2.472704054346097,-1.273316806515523,2.096232384043665
-0.8124104365640602,5.501545915616218,-0.9975451570264342,3.153786317076931,-1.154080428026734,2.439847411107033,-1.284168197075922,2.068988202766453
-0.8165063662269284,5.41914114367943,-1.004715191574876,3.110250215033736,-1.163380785889526,2.407408431606919,-1.29516140933465,2.042085413077348
-0.8206634124335263,5.33776995977546,-1.011984222033862,3.067310821613094,-1.172805259890925,2.375381057033836,-1.306298363299278,2.015519809643889
-0.8248826266946291,5.257434420690492,-1.019353622182164,3.024957768232057,-1.182355582824512,2.343759389606088,-1.317581006321912,1.989287276607175
-0.829165071259242,5.178135742544447,-1.026824790543952,2.983180877035109,-1.192033516478945,2.312537687392249,-1.329011313305233,1.963383783720127
-0.8335118191376008,5.099874306409807,-1.0343991510602,2.941970167568519,-1.201840852015658,2.281710359064094,-1.340591286906099,1.937805382656844
-0.8379239541479898,5.022649666165893,-1.042078153757611,2.901315862354601,-1.211779410345426,2.251271958614719,-1.352322957736529,1.912548203496709
-0.8424025709895816,4.946460558592654,-1.049863275414766,2.861208391406314,-1.221851042504275,2.221217180071842,-1.364208384561783,1.887608451386037
-0.8469487753434722,4.87130491569398,-1.0577560202253,2.821638395726554,-1.232057630029208,2.191540852233798,-1.376249654495237,1.862982403379319
-0.8515636840040167,4.797179879226835,-1.065757920458021,2.782596729839676,-1.24240108533421,2.162237933453433,-1.388448883189599,1.838666405461648
-0.8562484250424891,4.724081817398204,-1.073870537113951,2.744074463405745,-1.252883352086935,2.133303506492738,-1.400808215023979,1.814656869753853
-0.861004138004998,4.652006343677382,-1.082095460580391,2.706062881970188,-1.263506405586476,2.104732773468739,-1.413329823286157,1.790950271902034
-0.8658319741464644,4.580948337657188,-1.090434311282186,2.668553486903394,-1.274272253142571,2.076521050908908,-1.426015910349324,1.767543148653941
-0.8707330967023402,4.51090196788346,-1.098888740330452,2.631537994585984,-1.285182934456548,2.048663764932287,-1.438868707842367,1.744432095625989
-0.8757086811995918,4.441860716558877,-1.107460430169104,2.595008334896454,-1.296240522004287,2.021156446570286,-1.45189047681261,1.721613765266746
-0.8807599158083141,4.373817406013925,-1.116151095219607,2.558956649058156,-1.307447121421398,1.993994727239379,-1.4650835078797,1.699084865025971
-0.8858880017351592,4.30676422682575,-1.124962482524439,2.523375286902617,-1.318804871890801,1.967174334375939,-1.478450121378999,1.676842155742997
-0.8910941536595758,4.240692767454267,-1.133896372389817,2.48825680360577,-1.330315946532782,1.940691087241867,-1.491992667492491,1.65488245027488
-0.8963796002136634,4.175594045254299,-1.142954579028287,2.453593955952848,-1.341982552797589,1.914540892908192,-1.505713526364702,1.633202612394614
-0.9017455845062378,4.111458538713672,-1.152138951201858,2.419379698186674,-1.353806932860507,1.88871974242249,-1.519615108200435,1.611799556003757
-0.907193364691498,4.048276220758916,-1.161451372866375,2.385607177492532,-1.365791364019319,1.863223707164928,-1.53369985334018,1.590670244724405
-0.9127242145824795,3.986036592963764,-1.170893763817885,2.352269729171276,-1.377938159093937,1.838048935396913,-1.547970232307776,1.569811691965893
-0.918339424309263,3.924728720490564,-1.180468080341775,2.319360871550318,-1.390249666827906,1.81319164900587,-1.562428745822962,1.549220961607067
-0.924040301021714,3.864341267590826,-1.190176315865485,2.286874300680046,-1.402728272291364,1.788648140449494,-1.577077924768793,1.528895169504322
-0.9298281696363222,3.804862533489234,-1.200020501615641,2.254803884860954,-1.415376397284906,1.764414769903226,-1.591920330099805,1.508831486142748
-0.9357043736265229,3.746280488474691,-1.210002707280418,2.223143659044311,-1.428196500743645,1.740487962615579,-1.606958552670769,1.489027140917378
-0.9416702758557046,3.688582810023055,-1.220125041678018,2.19188781914667,-1.441191079140574,1.716864206477638,-1.622195212956453,1.469479428805243
-0.9477272594519434,3.631756918778575,-1.23038965343207,2.16103071631587,-1.454362666888091,1.693540049815774,-1.637632960618072,1.450185720642046
-0.9538767287233467,3.575790014225115,-1.240798731654834,2.130566851183522,-1.467713836736259,1.670512099420584,-1.653274473848179,1.431143478987229
-0.9601201101127693,3.520669109883487,-1.251354506639001,2.100490868136285,-1.481247200165978,1.647777018831115,-1.66912245838619,1.412350282909
-0.966458853190534,3.466381067877977,-1.262059250558931,2.070797549635491,-1.494965407774784,1.625331526901897,-1.685179646028917,1.393803867458933
-0.9728944316837098,3.41291263272297,-1.27291527818209,2.041481810612015,-1.50887114965226,1.603172396692823,-1.701448792340691,1.375502188181469
-0.9794283445404141,3.360250464189614,-1.28392494759145,2.012538692960734,-1.522967155741207,1.581296454739912,-1.717932673047526,1.357443529954074
-0.9860621170275611,3.308381169122427,-1.295090660919573,1.983963360156238,-1.537256196179433,1.559700580791308,-1.734634078177722,1.339626697799932
-0.9927973018604449,3.257291332086552,-1.306414865095038,1.955751092009168,-1.551741081615281,1.538381708131945,-1.75155580216163,1.322051366969321
-0.9996354803625374,3.206967544737883,-1.317900052601832,1.927897279580146,-1.566424663487476,1.517336824678825,-1.768700626293694,1.304718760620474
-1.006578263653899,3.157396433820362,-1.329548762252279,1.900397420266151,-1.581309834256253,1.496562975118119,-1.786071285850752,1.287633047126743
-1.013627293866627,3.108564687707239,-1.341363579973977,1.873247113072263,-1.596399527567258,1.476057264493999,-1.803670404121064,1.270804441460351
-1.02078424538583,3.06045908141578,-1.353347139611177,1.846442054079906,-1.61169671832152,1.455816863878763,-1.821500349020688,1.25425668759124
-1.028050826114701,3.013066500037763,-1.36550212374091,1.81997803212134,-1.627204422612065,1.435839019109764,-1.839562891978936,1.238046690739548
-1.035428778762323,2.966373960541019,-1.377831264504102,1.793850924668937,-1.642925697467682,1.416121064169589,-1.857858325461157,1.222318075211003
-1.042919882153006,2.920368631909812,-1.390337344451772,1.768056693947076,-1.658863640311768,1.39666044179385,-1.876383199576463,1.207414875536657
-1.050525952556041,2.875037853604326,-1.403023197406263,1.742591383274208,-1.675021387989965,1.377454735662869,-1.895127025948333,1.193727467523864
-1.058248845034915,2.830369152331549,-1.415891709337326,1.71745111364296,-1.691402115127073,1.358501721754171,-1.91408020048184,1.180397017001597
-1.066090454815192,2.786350257131335,-1.428945819252605,1.692632080547283,-1.708009031408092,1.339799452510885,-1.933252682062052,1.166256929696993
-1.074052718670439,2.742969112792267,-1.44218852010189,1.668130551067698,-1.724845377072121,1.321346399448052,-1.952661515799419,1.151587183402869
-1.082137616325721,2.700213891622417,-1.455622859694129,1.643942861229212,-1.741914415316826,1.303141704536446,-1.972317548604081,1.136801414062428
-1.090347171878432,2.658073003609417,-1.469251941625807,1.620065413651684,-1.759219419111404,1.285185644620639,-1.992227299175522,1.122080041405356
-1.098683455236369,2.616535105013132,-1.483078926218759,1.596494675520292,-1.776763647335582,1.267480538285296,-2.012395505569543,1.107493247457659
-1.107148583573175,2.575589105442202,-1.497107031464795,1.573227176915118,-1.79455029923114,1.25003263634922,-2.032826190492622,1.093069736522321
-1.115744722801487,2.535224173472674,-1.511339533973519,1.550259509555534,-1.812582421443306,1.23285637699602,-2.053523071885607,1.078821846956168
-1.12447408906431,2.495429740873317,-1.525779769918501,1.527588326039194,-1.830862702249361,1.215984837736107,-2.074489732495229,1.064754858216917
-1.133338950245343,2.456195505507452,-1.540431135975063,1.50521033969109,-1.849392971428169,1.199497785990913,-2.095729696281179,1.050870735318059
-1.142341627499184,2.4175114329857,-1.555297090240471,1.483122325190904,-1.868172874085947,1.183600048546937,-2.11724646562267,1.037169770557812
-1.151484496802548,2.379367757147587,-1.570381153123564,1.461321120226512,-1.887196413367832,1.168785505557562,-2.139043540609564,1.023651360816603
-1.160769990527808,2.341754979452791,-1.58568690818556,1.439803628543241,-1.90644738180652,1.155532483900514,-2.161124429523404,1.010314400715361
-1.17020059904036,2.304663867364832,-1.60121800290569,1.418566824948303,-1.9259135173375,1.142461061774373,-2.18349265470008,0.9971574929967332
-1.179778872321509,2.26808545181109,-1.616978149333177,1.397607763131732,-1.94561107583103,1.128206355809207,-2.206151755831113,0.9841790666406752
-1.189507421618725,2.23201102380365,-1.632971124568143,1.376923587656272,-1.965562583701189,1.113281097358107,-2.229105291770233,0.9713774459592674
-1.199388921125302,2.196432130305177,-1.649200770984011,1.35651155228779,-1.98578137713241,1.09819590891727,-2.252356841425291,0.9587508924624878
-1.209426109691601,2.161340569423216,-1.665670996054998,1.336369048242384,-2.006275365652615,1.083159351783699,-2.275910004064204,0.9462976309995158
-1.219621792570197,2.126728385014844,-1.682385771570326,1.316493648409917,-2.027050322621144,1.068251574414386,-2.299768399227892,0.9340158665028443
-1.229978843197416,2.09258786078166,-1.699349131874928,1.296883178158984,-2.048111179041359,1.053505503965229,-2.323935666367102,0.9219037949430963
-1.240500205013842,2.058911513932644,-1.716565170522554,1.277535831974596,-2.069462516168909,1.038935492700142,-2.348415464275776,0.9099596106189091
-1.251188893326502,2.025692088489537,-1.734038034253879,1.258450372362317,-2.091108769340992,1.024547861063163,-2.373211470367234,0.8981815110690431
-1.262047997215562,1.992922548306211,-1.75177191228933,1.239626483339834,-2.113054320534612,1.010345142730571,-2.398327379823161,0.8865677004069077
-1.273080681488425,1.960596069869919,-1.769771017030062,1.221065430177463,-2.135303544013847,0.9963279516337542,-2.423766904635215,0.8751163915865153
-1.284290188684217,1.928706034948589,-1.78803954812223,1.20277136428882,-2.157860830467355,0.9824958691945029,-2.449533772552489,0.863825807930472
-1.295679841131736,1.897246023144371,-1.806581622154205,1.184754088342367,-2.180730600534713,0.9688478947381062,-2.475631725943777,0.8526941841387458
-1.307253043063959,1.866209804409531,-1.825401125678778,1.167035413849133,-2.203917312757094,0.9553826873469751,-2.502064520580813,0.8417197669253617
-1.319013282792263,1.835591331576731,-1.844501380954765,1.149665223868965,-2.227425468432521,0.9420987020869293,-2.528835924346674,0.8309008153834884
-1.330964134943534,1.805384732951522,-1.863884305979157,1.132766222712266,-2.251259614666234,0.9289942699439583,-2.555949715872406,0.8202356011483324
-1.343109262763365,1.775584305010869,-1.883548093078972,1.116664656002575,-2.275424346320146,0.9160676464096094,-2.583409683103947,0.80972240840634
-1.355452420488504,1.746184505247597,-1.90348094539516,1.102164035786567,-2.29992430726131,0.9033170419180463,-2.611219621801036,0.799359533784797
-1.367997455791715,1.717179945196887,-1.923653895193009,1.089857795604376,-2.324764191144648,0.8907406414150643,-2.639383333969376,0.789145286145895
-1.380748312302148,1.688565383677667,-1.944050949725676,1.077251272378528,-2.349948741872522,0.8783366172202731,-2.667904626227168,0.7790779863022484
-1.393709032204238,1.660335720278588,-1.964702933414346,1.062802463273198,-2.375482753819812,0.8661031376379719,-2.696787308107146,0.7691559666656875
-1.406883758918037,1.63248598911601,-1.985642782436888,1.047477166714038,-2.40137107188068,0.8540383728076042,-2.7260351902952,0.759377570837436
-1.420276739863732,1.605011352889485,-2.006888310738292,1.031934426809218,-2.427618591373295,0.8421404987224148,-2.755652082806898,0.7497411531449434
-1.433892329312882,1.577907097259582,-2.028449997630863,1.016422239415913,-2.4542302578261,0.8304077000082154,-2.785641793103311,0.740245078128517
-1.447734991328617,1.551168625573134,-2.050335599932256,1.001034234244847,-2.481211066661038,0.8188381718474725,-2.816008124147935,0.7308877199791635
-1.461809302796703,1.524791453963085,-2.072551834081597,0.9858089668644979,-2.508566062783786,0.8074301213042024,-2.846754872406667,0.721667461927726
-1.476119956548784,1.498771206854327,-2.095105006143022,0.9707634540417885,-2.536300340087381,0.7961817682220231,-2.877885825793342,0.712582695584181
-1.490671764578524,1.47310361291413,-2.118001273004885,0.9559053843122095,-2.5644190408732,0.785091345813463,-2.909404761563597,0.7036318202249998
-1.505469661350348,1.44778450149739,-2.141246762304368,0.9412380310963759,-2.592927355191502,0.7741571010225641,-2.941315444160512,0.6948132420254924
-1.520518707199229,1.422809799654569,-2.164847632740402,0.926762419280766,-2.621830520102569,0.7633772947185057,-2.973621623015902,0.6861253732331988
-1.53582409181819,1.398175529796881,-2.188810106982466,0.9124783585907064,-2.651133818858656,0.7527502017612561,-3.006327030311863,0.6775666312774673
-1.551391137827606,1.373877808153306,-2.213140491031171,0.8983849702054408,-2.68084258000633,0.7422741109686946,-3.039435378707875,0.6691354378097151
-1.567225304416841,1.349912844214302,-2.237845186457522,0.8844809705737867,-2.710962176408399,0.731947325006461,-3.072950359039562,0.6608302176670782
-1.583332191043478,1.326276941448594,-2.262930698699854,0.8707648318307695,-2.741498024184365,0.7217681602159272,-3.106875637996159,0.6526493977526532
-1.599717541167732,1.302966499720424,-2.288403643079829,0.8572348762375295,-2.772455581568105,0.7117349463914874,-3.141214855784741,0.6445914058227883
-1.616387245988087,1.279978020055186,-2.31427074944754,0.8438893337639389,-2.803840347681452,0.7018460265152323,-3.175971623790392,0.6366546691717188
-1.633347348126595,1.257308112753311,-2.340538865975037,0.8307263782781823,-2.835657861222259,0.6920997564547627,-3.211149522242817,0.6288376132020538
-1.650604045184841,1.234953510426212,-2.367214962405026,0.8177441508947693,-2.8679136990656,0.6824945046281513,-3.246752097901327,0.6211386598681532
-1.668163693047802,1.212911088488198,-2.394306132941562,0.8049407753815424,-2.900613474776774,0.6730286516387132,-3.282782861771742,0.6135562259776486
-1.686032808741259,1.191177897289079,-2.421819598899405,0.7923143685244349,-2.933762837034972,0.6637005898811636,-3.31924528687062,0.6060887213343581
-1.704218072527894,1.169751213002039,-2.449762711186399,0.7798630472138206,-2.967367467966576,0.6545087231198981,-3.35614280605422,0.5987345467035486
-1.722726328717876,1.148628619766877,-2.478142952667081,0.7675849333533488,-3.001433081387262,0.645451466039423,-3.393478809932013,0.5914920915778196
-1.741564584292602,1.127808145891166,-2.506967940439032,0.7554781572943083,-3.035965420952407,0.6365272437663054,-3.431256644887118,0.5843597317188542
-1.760740003732539,1.107288497533357,-2.536245428042633,0.7435408602539295,-3.070970258215516,0.6277344913617054,-3.469479611229085,0.5773358264467262
-1.780259897047949,1.087069476768149,-2.565983307617635,0.7317711960222242,-3.106453390594783,0.6190716532823761,-3.508150961507813,0.5704187156443354
-1.800131695119296,1.067152768259426,-2.596189612015047,0.7201673321632697,-3.142420639248367,0.610537182808727,-3.547273899021285,0.563606716439766
-1.820362900051352,1.047543512384516,-2.626872516869357,0.7087274508523694,-3.178877846859352,0.6021295414368311,-3.586851576554211,0.5568981195237679
-1.840960982963319,1.028253691158557,-2.65804034263365,0.6974497494476097,-3.215830875331959,0.5938471982315985,-3.6268870953898,0.5502911850529852
-1.861933161765737,1.009310097033994,-2.689701556578397,0.6863324408654032,-3.25328560340123,0.585688629137545,-3.667383504642602,0.5437841380818859
-1.883285875931381,0.9907752255819637,-2.72186477475328,0.6753737538097243,-3.291247924159053,0.5776523162431373,-3.708343800967246,0.5373751634572267
-1.905023398649959,0.972809290988058,-2.754538763910421,0.6645719328909541,-3.329723742500262,0.569736746994127,-3.749770928705515,0.5310624000981745
-1.927143672566601,0.9558746694111615,-2.787732443386467,0.6539252386605637,-3.368718972493426,0.561940413350686,-3.791667780543362,0.5248439345724341
-1.949625214607399,0.9413059792052851,-2.821454886940352,0.6434319475809046,-3.408239534681984,0.5542618108824938,-3.834037198759866,0.5187177938635763
-1.972405932089141,0.9304566796200796,-2.855715324542911,0.6330903519444313,-3.448291353322571,0.5466994377951789,-3.876881977162506,0.5126819372066215
-1.995450191855981,0.9187350943027758,-2.890523144114039,0.6228987597530166,-3.488880353568656,0.5392517938806997,-3.920204863817451,0.5067342468472248
-2.018828772062331,0.9038197171242706,-2.925887893202591,0.6128554945653651,-3.530012458609143,0.5319173793833246,-3.96400856470056,0.5008725175536982
-2.04260625834137,0.887639532889527,-2.961819280603805,0.6029588953185191,-3.571693586773239,0.524694693771817,-4.008295748414835,0.4950944446796085
-2.066814067758179,0.8711699046043312,-2.998327177908631,0.5932073161279713,-3.613929648614813,0.5175822344072585,-4.053069052143811,0.4893976105366
-2.091470727230478,0.8547300203213253,-3.035421620978937,0.5835991260697384,-3.656726543991597,0.5105784950945974,-4.098331089038719,0.4837794687908837
-2.116590565455766,0.8384325289087977,-3.073112811342252,0.5741327089468554,-3.700090159157011,0.503681964504489,-4.144084457271173,0.4782373265406268
-2.142186501148535,0.8223221705999049,-3.111411117499301,0.5648064630422316,-3.744026363885112,0.4968911244502539,-4.190331751023853,0.4727683236630453
-2.168271030218376,0.8064182575876662,-3.150327076137206,0.5556188008587353,-3.78854100865237,0.4902044480027843,-4.237075573740769,0.4673694089365486
-2.194856627419763,0.7907293736580954,-3.189871393241049,0.5465681488478598,-3.833639921903329,0.483620397423966,-4.284318554018271,0.462037312341597
-2.221955932759956,0.7752591124844764,-3.230054945095968,0.5376529471269864,-3.879328907431374,0.4771374218965576,-4.332063364590326,0.4567685128203239
-2.249581849481264,0.7600085585333141,-3.270888779171782,0.5288716491855741,-3.925613741910316,0.470753955025459,-4.380312744949883,0.4515592006255015
-2.277747602276809,0.7449774539918955,-3.312384114881811,0.5202227215801248,-3.972500172617619,0.4644684120818446,-4.429069528256279,0.446405233210427
-2.30646677631806,0.7301647872754747,-3.354552344207219,0.5117046436175801,-4.019993915396165,0.4582791869576134,-4.478336673311072,0.4413020834005842
-2.335753346538616,0.7155691076001189,-3.397405032178064,0.5033159070265844,-4.068100652908074,0.4521846487929795,-4.528117302547223,0.4362447783468655
-2.365621701819893,0.7011887015770413,-3.440953917201863,0.4950550156158471,-4.116826033241895,0.4461831382346424,-4.578414747175474,0.43122782749833
-2.39608666650507,0.6870216965652303,-3.485210911230394,0.4869204849186566,-4.166175668943461,0.4402729632757059,-4.62923260087419,0.4262451375756168
-2.427163520577809,0.6730661233521749,-3.530188099755225,0.478910841822387,-4.216155136550805,0.4344523946212391,-4.680574783701042,0.4212899123311231
-2.458868019279117,0.6593199553471469,-3.575897741622333,0.4710246241816582,-4.266769976725482,0.4287196605148408,-4.732445618250749,0.4163545348631978
-2.491216412631558,0.6457811337376592,-3.622352268656138,0.463260380413591,-4.318025695086258,0.4230729409516186,-4.784849920478362,0.4114304306263369
-2.524225465169507,0.6324475839992338,-3.669564285083271,0.4556166690733855,-4.369927763867064,0.4175103611913037,-4.837793108032519,0.406507910444162