waveVsWave(?x (OS("/M0" "is") / 2e-06) ?y OS("/M0" "gmoverid")) (L=1.8e-07) X,waveVsWave(?x (OS("/M0" "is") / 2e-06) ?y OS("/M0" "gmoverid")) (L=1.8e-07) Y,waveVsWave(?x (OS("/M0" "is") / 2e-06) ?y OS("/M0" "gmoverid")) (L=3.6e-07) X,waveVsWave(?x (OS("/M0" "is") / 2e-06) ?y OS("/M0" "gmoverid")) (L=3.6e-07) Y,waveVsWave(?x (OS("/M0" "is") / 2e-06) ?y OS("/M0" "gmoverid")) (L=5.4e-07) X,waveVsWave(?x (OS("/M0" "is") / 2e-06) ?y OS("/M0" "gmoverid")) (L=5.4e-07) Y,waveVsWave(?x (OS("/M0" "is") / 2e-06) ?y OS("/M0" "gmoverid")) (L=7.2e-07) X,waveVsWave(?x (OS("/M0" "is") / 2e-06) ?y OS("/M0" "gmoverid")) (L=7.2e-07) Y
0.0004999223157280791,25.3423908594714,0.0005000165462243068,25.48520709310253,0.0004998943846703101,25.41744791444452,0.0005004546075616837,25.31327515303491
0.0005115364625581172,25.33811007099516,0.0005115385914372117,25.47823013473381,0.0005115354051486679,25.40868873572828,0.000511533283098356,25.3037809243951
0.0005234537981434214,25.33377326850918,0.0005234559253792863,25.47111086749721,0.0005234527356227729,25.39984866764813,0.0005234506141007932,25.293714724593
0.0005356487341343517,25.32939189147861,0.0005356508591509263,25.46392444446482,0.0005356476666161338,25.39093114650661,0.0005356455424608935,25.28356615588231
0.0005481277368771969,25.32496554103143,0.0005481298596469056,25.4566704155296,0.0005481266643092365,25.38193580388879,0.0005481245375001849,25.27333497424105
0.0005608974231388599,25.3204938162433,0.0005608995436335586,25.44934833264641,0.0005608963454681092,25.37286227767886,0.0005608942159845002,25.26302094909826
0.0005739645638105798,25.31597631409415,0.0005739666820015053,25.44195774953606,0.0005739634809830753,25.36371021229118,0.0005739613488040099,25.25262386095998
0.0005873360874978723,25.31141262949852,0.0005873382033556889,25.43449822183972,0.0005873349994587799,25.35447925892908,0.0005873328645631942,25.24214350173889
0.0006010190841942237,25.30680235533683,0.0006010211976890086,25.42696930727735,0.0006010179908878202,25.34516907584804,0.000601015853254488,25.23157967508725
0.0006150208090402896,25.30214508248782,0.0006150229201415106,25.41937056581067,0.0006150197104099586,25.33577932862348,0.0006150175700174943,25.22093219673429
0.0006293486861706414,25.29744039986346,0.0006293507948471882,25.41170155980932,0.0006293475821588886,25.32630969042338,0.0006293454389857587,25.21020089482653
0.0006440103126501836,25.29268789444432,0.0006440124188703371,25.40396185422126,0.0006440092031986146,25.31675984228527,0.0006440070572231352,25.19938561027215
0.0006590134625021662,25.28788715131731,0.0006590155662336305,25.39615101674741,0.0006590123475515165,25.30712947339786,0.0006590101987518493,25.18848619708844
0.0006743660908301404,25.28303775371432,0.0006743681920400021,25.38826861801985,0.0006743649703202479,25.29741828138722,0.0006743628186744055,25.17750252275247
0.0006900763380357811,25.27813928305355,0.0006900784366905472,25.38031423178489,0.0006900752119056124,25.2876259726077,0.0006900730573914674,25.16643446855498
0.0007061525341350986,25.27319131898122,0.0007061546302006791,25.37228743508948,0.0007061514023227369,25.27775226243677,0.0007061492449180307,25.15528192995648
0.0007226032031751202,25.26819343941582,0.0007226052966168143,25.36418780847253,0.000722602065617763,25.26779687557489,0.0007225999053000791,25.14404481694682
0.000739437067753411,25.26314522059436,0.0007394391585359131,25.35601493615983,0.0007394359243873779,25.25775954634927,0.0007394337611341812,25.13272305440632
0.0007566630536429376,25.25804623711963,0.0007566651417303597,25.34776840626381,0.0007566619044036784,25.24764001902232,0.0007566597381922898,25.12131658246972
0.0007742902945246317,25.2528960620099,0.0007742923798804895,25.33944781098745,0.0007742891393467268,25.23743804810385,0.0007742869701543513,25.10982535689139
0.0007923281368302075,25.24769426675002,0.0007923302194173954,25.33105274683211,0.0007923269756473479,25.22715339866794,0.0007923248034510565,25.09824934941276
0.0008107861446977044,25.24244042134553,0.000810788224478539,25.32258281481065,0.0008107849774427373,25.21678584667355,0.0008107828022194733,25.08658854813073
0.000829674105042603,25.23713409437698,0.0008296761819787822,25.31403762066379,0.0008296729316474799,25.206335179289,0.0008296707533740884,25.07484295786712
0.0008490020327468993,25.23177485305799,0.0008490041067995253,25.3054167750822,0.0008490008531427287,25.19580119522065,0.0008489986717959125,25.06301260053921
0.0008687801759691645,25.22636226329451,0.0008687822470987519,25.29671989393172,0.000868778990086191,25.18518370504508,0.0008687768056425695,25.05109751553013
0.0008890190215782804,25.22089588974603,0.0008890210897447237,25.28794659848435,0.0008890178293458846,25.17448253154463,0.0008890156417819494,25.03909776005968
0.0009097293007136677,25.21537529588967,0.0009097313658762631,25.27909651565264,0.0009097281020603695,25.16369751004704,0.0009097259113525232,25.02701340955467
0.0009309219944750843,25.20980004408571,0.000930924056592542,25.27016927822929,0.0009309207893285781,25.15282848876776,0.0009309185954531118,25.01484455801859
0.0009526083397449968,25.20416969564595,0.0009526103987754162,25.26116452513094,0.0009526071280321009,25.14187532915587,0.0009526049309652256,25.00259131839997
0.0009747998351464763,25.19848381090399,0.0009748018910473576,25.2520819016467,0.0009747986167931807,25.13083790624249,0.0009747964165110027,24.99025382295923
0.0009975082471399379,25.19274194928788,0.0009975102998681863,25.24292105969108,0.0009975070220713841,25.11971610899255,0.000997504818549937,24.97783222363347
0.001020745616261888,25.18694366939553,0.001020747665773798,25.23368165806125,0.001020744384402383,25.1085098406586,0.00102074217761761,24.96532669239879
0.001044524263508924,25.18108852907204,0.001044526309760209,25.22436336269936,0.001044523024781962,25.09721901913728,0.001044520814709734,24.9527374216294
0.001068856796870568,25.17517608548986,0.001068858839816343,25.21496584695874,0.001068855551198814,25.0858435773279,0.001068853337814926,24.94006462445319
0.001093756118014164,25.16920589523124,0.001093758157608921,25.20548879187499,0.001093754865319428,25.07438346349278,0.001093752648599615,24.92730853510328
0.001119235429125429,25.16317751437373,0.001119237465323107,25.19593188644143,0.001119234169328755,25.06283864161934,0.001119231949248684,24.91446940926464
0.001145308239908579,25.15709049857753,0.001145310272662483,25.18629482788889,0.001145306972930171,25.05120909178331,0.001145304749465459,24.90154752441541
0.001171988374749201,25.15094440317642,0.001171990404012083,25.17657732197011,0.001171987100508495,25.0394948105133,0.001171984873634697,24.88854318016249
0.001199289980044279,25.14473878327047,0.001199292005768257,25.16677908324808,0.00119928869845986,25.02769581115593,0.0011992864681525,24.87545669857004
0.001227227531702636,25.13847319382263,0.001227229553839274,25.15689983538934,0.001227226242692341,25.01581212424126,0.001227224008926902,24.86228842448106
0.001255815842820384,25.13214718975699,0.001255817861320651,25.14693931146071,0.001255814546301264,25.00384379784836,0.001255812309053185,24.84903872583068
0.001285070071534974,25.12576032606088,0.001285072086349239,25.13689725423101,0.001285068767423291,24.9917908979707,0.001285066526667979,24.83570799395059
0.001315005729062219,25.11931215788943,0.00131500774014029,25.1267734164763,0.001315004417273483,24.97965350888062,0.001315002172986344,24.822296643864
0.001345638687920613,25.11280224067294,0.001345640695211695,25.11656756128952,0.001345637368369557,24.96743173349272,0.00134563512052597,24.8088051145703
0.001376985190347057,25.10623013022803,0.001376987193799796,25.1062794623938,0.001376983862947685,24.95512569372578,0.001376981611523014,24.79523386931801
0.00140906185690882,25.0995953828709,0.001409063856471266,25.09590890445985,0.001409060521574372,24.94273553086249,0.001409058266543981,24.78158339586626
0.001441885695315875,25.09289755553451,0.001441887690935516,25.08545568342681,0.00144188435195886,24.9302614059071,0.001441882093298126,24.76785420673248
0.001475474109438691,25.08613620588863,0.001475476101062443,25.07491960682724,0.001475472757970904,24.91770349993946,0.001475470495655196,24.75404683942673
0.001509844908535952,25.07931089246318,0.001509846896110174,25.06430049411488,0.00150984354886847,24.90506201446609,0.001509841282873187,24.74016185667081
0.001545016316697283,25.07242117477472,0.001545018300167756,25.05359817699644,0.001545014948740485,24.89233717176694,0.001545012679041046,24.72619984660129
0.001581006982505913,25.06546661345648,0.001581008961817863,25.04281249976613,0.001581005606169464,24.87952921523761,0.001581003332741336,24.71216142295572
0.001617835988926362,25.05844677039171,0.001617837964024473,25.03194331964349,0.001617834604119262,24.86663840972615,0.001617832326937929,24.69804722524076
0.001655522863422522,25.05136120885052,0.001655524834250908,25.02099050711413,0.001655521470053105,24.85366504186426,0.001655519189094105,24.68385791888098
0.00169408758831138,25.04420949363,0.001694089554813595,25.00995394627278,0.001694086186287295,24.84060942039178,0.001694083901526214,24.66959419534733
0.00173355061135785,25.03699119119823,0.001733552573476937,24.99883353516939,0.001733549200586112,24.82747187647413,0.00173354691199861,24.65525677226421
0.001773932856616502,25.02970586984153,0.001773934814294959,24.98762918615702,0.001773931437003515,24.81425276401153,0.001773929144565313,24.64084639349377
0.001815255735525807,25.02235309981554,0.001815257688705561,24.97634082624192,0.001815254306977303,24.80095245994011,0.00181525201066419,24.62636382919613
0.001857541158260631,25.01493245350001,0.00185754310688313,24.96496839743583,0.001857539720681773,24.78757136452301,0.001857537420469645,24.61180987586444
0.001900811545349478,25.00744350555702,0.001900813489355622,24.9535118571089,0.001900810098644831,24.77410990163165,0.001900807794509651,24.59718535633332
0.001945089839562013,24.99988583309351,0.001945091778892171,24.94197117834496,0.001945088383635523,24.76056851901584,0.001945086075553379,24.58249111975947
0.001990399518073655,24.99225901582708,0.001990401452667727,24.93034635029691,0.001990398052828765,24.74694768856189,0.001990395740775841,24.56772804157274
0.002036764604913584,24.98456263625574,0.002036766534710906,24.91863737854331,0.002036763130253129,24.73324790653801,0.002036760814205715,24.55289702339679
0.0020842096837024,24.97679627983211,0.002084211608641868,24.90684428544508,0.002084208199528728,24.71946969382604,0.002084205879463275,24.5379989929373
0.002132759910686914,24.9689595351407,0.002132761830706887,24.89496711050222,0.002132758416901817,24.70561359613825,0.002132756092794892,24.52303490383672
0.00218244102807818,24.9610519940797,0.002182442943116529,24.8830059107103,0.002182439524582953,24.69168018421863,0.002182437196411259,24.50800573549381
0.002233279377700328,24.95307325204684,0.002233281287694508,24.87096076091601,0.002233277864395819,24.67767005402765,0.002233275532136203,24.49291249284651
0.002285301914957509,24.94502290812893,0.002285303819844433,24.85883175417184,0.002285300391744057,24.66358382690875,0.002285298055373558,24.47775620611645
0.002338536223125827,24.93690056529567,0.002338538122841992,24.84661900208898,0.002338534689903362,24.64942214973643,0.002338532349399167,24.46253793051388
0.002393010527978523,24.92870583059759,0.002393012422459923,24.83432263518804,0.002393008984646513,24.63518569504421,0.002393006639985976,24.44725874590085
0.002448753712751497,24.92043831536811,0.002448755601933709,24.82194280324792,0.002448752159209002,24.62087516113132,0.002448749810369697,24.43191975641152
0.002505795333457678,24.91209763542961,0.00250579721727587,24.80947967565091,0.002505793769603404,24.60649127214731,0.002505791416563079,24.41652209002761
0.002564165634558015,24.90368341130403,0.002564167512946916,24.79693344172497,0.002564164060290259,24.59203477815274,0.0025641617030269,24.40106689810746
0.002623895564997493,24.89519526842695,0.002623897437891334,24.78430431108155,0.002623893980214198,24.57750645515546,0.002623891618705949,24.38555535486706
0.002685016794614549,24.8866328373671,0.002685018661947263,24.77159251394913,0.002685015199213388,24.56290710512039,0.002685012833438644,24.36998865681105
0.002747561730933053,24.87799575404862,0.002747563592638119,24.75879830150127,0.002747560124811332,24.54823755595207,0.002747557754748743,24.35436802211235
0.002811563536345032,24.86928365997872,0.002811565392355538,24.74592194617919,0.002811561919399823,24.53349866144837,0.002811559545028241,24.3386946899386
0.002877056145693889,24.86049620247908,0.002877057995942584,24.73296374200772,0.002877054517821985,24.51869130122391,0.002877052139120526,24.32296991972329
0.002944074284267142,24.85163303492142,0.002944076128686354,24.71992400490417,0.002944072645365059,24.50381638060199,0.00294407026231311,24.3071949903804
0.00301265348620808,24.84269381696771,0.003012655324729825,24.70680307297961,0.003012651836172198,24.48887483047326,0.003012649448749379,24.29137119946055
0.00308283011335662,24.83367821481416,0.003082831945912552,24.69360130683122,0.003082828452083074,24.47386760712002,0.003082826060269326,24.2754998622469
0.003154641374528725,24.82458590143968,0.003154643201050197,24.68031908982585,0.003154639701913513,24.4587956920043,0.003154637305689009,24.25958231078905
0.003228125345245018,24.81541655685862,0.003228127165663048,24.66695682837315,0.003228123661184028,24.44366009151844,0.003228121260529266,24.24361989287341
0.003303320987919035,24.80616986837745,0.00330332280216432,24.653514952188,0.003303319292307988,24.4284618366963,0.003303316887203773,24.22761397092838
0.003380268172515455,24.79684553085577,0.003380269980518429,24.63999391454121,0.003380266465249999,24.41320198288396,0.003380264055677425,24.21156592086215
0.003459007697689745,24.78744324697148,0.003459009499380563,24.62639419249765,0.003459005978665531,24.39788160936777,0.003459003564606013,24.19547713083232
0.003539581312420242,24.77796272748997,0.003539583107728794,24.61271628714081,0.0035395795815328,24.38250181895864,0.003539577162968078,24.17934899994504
0.003622031738143875,24.76840369153714,0.003622033526999795,24.59896072378305,0.003622029995288816,24.36706373753035,0.003622027572200914,24.16318293688234
0.003706402691407664,24.75876586687705,0.003706404473740385,24.5851280521602,0.003706400936480606,24.35156851351089,0.003706398508851929,24.14698035845624
0.003792738907047959,24.74904899019267,0.003792740682786661,24.57121884661015,0.003792737139944536,24.33601731732434,0.00379273470775786,24.13074268808812
0.003881086161909228,24.73925280737124,0.003881087930982921,24.55723370623361,0.00388108438252519,24.32041134078241,0.003881081945763567,24.11447135421164
0.003971491299115664,24.72937707379297,0.003971493061453178,24.5431732550366,0.003971489507346927,24.30475179642331,0.003971487065993787,24.09816778859829
0.004064002252908084,24.71942155462351,0.004064004008438079,24.52903814205323,0.004064000448650602,24.28903991679658,0.004063998002689759,24.08183342460408
0.004158668074059116,24.70938602511044,0.004158669822710088,24.51482904144771,0.004158666257209126,24.27327695369206,0.004158663806624743,24.06546969533603
0.004255538955880816,24.69927027088258,0.004255540697581124,24.50054665259453,0.004255537126334681,24.25746417731115,0.004255534671111266,24.04907803173762
0.004354666260837566,24.68907408825358,0.004354667995515508,24.48619170013548,0.004354664418491935,24.24160287537908,0.004354661958614406,24.032659860592
0.004456102547779342,24.67879728452797,0.004456104275363078,24.47176493401223,0.004456100692531135,24.22569435219582,0.004456098227984754,24.01621660244184
0.004559901599808989,24.66843967831102,0.004559903320226634,24.45726712947351,0.004559899731555427,24.20973992762465,0.004559897262325838,23.99974966942555
0.004666118452798819,24.65800109982142,0.004666120165978446,24.44269908705513,0.004666116571437465,24.19374093601617,0.004666114097510683,23.9832604630285
0.004774809424571337,24.64748139120654,0.004774811130440906,24.42806163253184,0.004774807530000054,24.17769872506645,0.004774805051362496,23.96675037174908
0.004886032144759539,24.63688040686131,0.004886033843247111,24.41335561683965,0.004886030236876696,24.16161465460744,0.004886027753515168,23.95022076867897
0.004999845585363282,24.62619801374838,0.004999847276396827,24.39858191596703,0.004999843664067584,24.14549009532824,0.004999841175969189,23.93367300899743
0.005116310092016534,24.61543409172193,0.005116311775524105,24.3837414308138,0.005116308157207226,24.1293264274256,0.005116305664359547,23.91710842737914
0.005235487415983885,24.60458853385276,0.005235489091893566,24.36883508701597,0.005235485467560658,24.11312503918212,0.005235482969951598,23.90052833531603
0.005357440746901559,24.59366124675579,0.005357442415141535,24.3538638347354,0.005357438784764665,24.09688732547061,0.005357436282382502,23.88393401835279
0.00548223474628155,24.58265215091924,0.005482236406780094,24.33882864841238,0.005482232770331784,24.08061468618351,0.005482230263165228,23.86732673323662
0.005609935581796011,24.57156118103507,0.005609937234481472,24.32373052648004,0.005609933591934768,24.06430852458542,0.005609931079972788,23.8507077049819
0.005740610962360211,24.56038828633127,0.005740612607161086,24.30857049103866,0.005740608958489458,24.04797024558838,0.005740606441721498,23.83407812384987
0.005874330174032548,24.54913343090427,0.005874331810877603,24.29334958748833,0.005874328156055089,24.03160125394749,0.005874325634470799,23.81743914224499
0.006011164116751336,24.53779659405299,0.006011165745569399,24.27806888411875,0.006011162084570454,24.01520295237698,0.006011159558159956,23.80079187152841
0.006151185341926371,24.52637777061258,0.0061511869626465,24.26272947165396,0.006151183295446177,23.99877673958467,0.006151180764199901,23.78413737875031
0.006294468090907114,24.51487697128853,0.006294469703458646,24.24733246275087,0.006294466030032426,23.98232400822462,0.006294463493941057,23.76747668330241
0.006441088334346048,24.50329422299056,0.00644108993865862,24.23187899144972,0.006441086258982552,23.96584614276658,0.006441083718037133,23.75081075349253
0.006591123812479712,24.49162956916584,0.006591125408483144,24.21637021257459,0.006591121722533789,23.94934451728184,0.006591119176725671,23.73414050304315
0.006744654076347201,24.47988307013129,0.00674465566397177,24.20080730108297,0.006744651971726191,23.93282049314489,0.006744649421047047,23.71746678751623
0.00690176052996961,24.46805480340433,0.006901762109145767,24.18519145136171,0.006901758410581662,23.91627541665009,0.006901755855023245,23.70079040066678
0.007062526473511146,24.45614486403212,0.007062528044169777,24.16952387646868,0.007062524339265246,23.8997106165434,0.007062521778819783,23.6841120707281
0.00722703714744615,24.44415336491846,0.007227038709518522,24.15380580731776,0.007227034998252283,23.88312740146859,0.007227032432912114,23.66743245663147
0.007395379777754707,24.43208043714783,0.007395381331172526,24.13803849180578,0.007395377613523776,23.86652705732819,0.007395375043281539,23.65075214416359
0.007567643622171094,24.41992623030661,0.007567645166866508,24.1222231938796,0.007567641442814982,23.84991084455925,0.007567638867663326,23.63407164206581
0.007743920017509245,24.40769091280058,0.007743921553414872,24.10636119254188,0.007743917822940863,23.83327999532382,0.007743915242872766,23.61739137807816
0.007924302428090963,24.39537467216789,0.007924303955139853,24.09045378079374,0.007924300218224135,23.81663571061522,0.0079242976332326,23.6007116949332
0.008108886495301634,24.38297771538797,0.008108888013427424,24.0745022645125,0.008108884270051306,23.79997915728016,0.008108881680129474,23.58403284630337
0.008297770088300892,24.37050026918446,0.008297771597437661,24.05850796126346,0.008297767847583,23.78331146495798,0.00829776525272409,23.56735499270709
0.008491053355913882,24.3579425803228,0.008491054855996371,24.04247219904348,0.008491051099645458,23.76663372293784,0.008491048499842767,23.55067819737807
0.008688838779731587,24.34530491590106,0.008688840270695199,24.02639631495532,0.008688836507830802,23.74994697693502,0.008688833903077538,23.5340024221036
0.008891231228448131,24.33258756363358,0.008891232710228736,24.01028165381108,0.008891228940834137,23.73325222578817,0.008891226331123556,23.51732752303701
0.009098338013463114,24.31979083212707,0.009098339485997298,23.99412956666317,0.009098335710056164,23.71655041807872,0.009098333095381479,23.50065324649029
0.009310268945779944,24.30691505114771,0.00931027040900491,23.97794140926167,0.00931026662650144,23.69984244867479,0.009310264006855647,23.48397922471288
0.009527136394228879,24.2939605718796,0.009527137848082529,23.96171854043652,0.009527134059001328,23.68312915520159,0.00952713143437732,23.46730497166311
0.009749055345046449,24.28092776717261,0.009749056789467433,23.94546232040335,0.009749052993793469,23.66641131444069,0.009749050364183914,23.45062987877893
0.009976143462842748,24.26781703177995,0.009976144897770557,23.92917410899182,0.009976141095489081,23.64968963866096,0.009976138460886564,23.43395321075472
0.010208521152989,24.25462878258363,0.01020852257836363,23.91285526379526,0.01020851876946036,23.6329647718839,0.01020851612985688,23.41727410133156
0.01044631162545752,24.24136345880796,0.01044631304121992,23.89650713824051,0.01044630922568089,23.61623728608695,0.0104463065810683,23.40059154910811
0.01068964096014976,24.22802152221931,0.01068964236624172,23.88013107957729,0.01068963854405316,23.59950767734775,0.01068963589442287,23.38390441337996
0.01093863817374543,24.21460345731185,0.01093863957010935,23.86372842678589,0.01093863574125785,23.58277636193352,0.0109386330866007,23.36721141001539
0.01119343528810875,24.2011097714781,0.01119343667468809,23.84730050840267,0.01119343283916028,23.56604367233911,0.01119343017946677,23.35051110737512
0.01145416740028831,24.18754099516327,0.01145416877702719,23.83084864026284,0.01145416493481004,23.54930985327868,0.01145416227006982,23.33380192228513
0.01172097275414714,24.17389768200245,0.01172097412099063,23.81437412315963,0.01172097027207117,23.53257505763483,0.01172096760227351,23.31708211607022
0.01199399281366152,24.16018040893975,0.01199399417055564,23.79787824042001,0.01199399031492092,23.5158393423706,0.01199398764005418,23.30034979065757
0.01227337233792738,24.14638977632803,0.01227337368481892,23.78136225539628,0.01227336982245607,23.49910266440923,0.01227336714250787,23.28360288475857
0.01255925945791288,24.13252640800849,0.01255926079474957,23.76482740887368,0.01255925692564572,23.48236487648703,0.01255925424060284,23.2668391701382
0.01285180575499992,24.11859095136863,0.01285180708173029,23.74827491639417,0.01285180320587244,23.4656257229854,0.0128518005157207,23.25005624798076
0.01315116634135414,24.10458407737769,0.01315116765792792,23.73170596549631,0.01315116377530296,23.44888483574749,0.01315116108002707,23.2332515453612
0.01345749994216814,24.09050648059834,0.01345750124853574,23.71512171287197,0.01345749735913025,23.43214172988612,0.01345749465871388,23.21642231183092
0.01377096897981886,24.07635887917313,0.01377097027593164,23.69852328144039,0.01377096637973206,23.41539579958937,0.01377096367415768,23.19956561612775
0.01409173965998673,24.062142014785,0.01409174094579696,23.68191175734019,0.01409173704278927,23.39864631393048,0.0140917343320381,23.18267834301873
0.01441998205977965,24.04785665258994,0.01441998333524057,23.66528818684058,0.01441997942541034,23.38189241268936,0.01441997670946216,23.16575719028545
0.01475587021791047,24.03350358112088,0.01475587148297624,23.64865357317278,0.01475586756630854,23.36513310219258,0.0147558648451417,23.14879866586076
0.01509958222697441,24.01908361216151,0.01509958348159994,23.63200887328304,0.01509957955807936,23.34836725117984,0.01509957683167064,23.1317990851261
0.01545130032787622,24.00459758058824,0.01545130157201746,23.61535499450905,0.01545129764162767,23.33159358670423,0.01545129490995226,23.11475456837846
0.0158112110064568,23.99004634417944,0.01581121224007044,23.59869279118142,0.0158112083027945,23.31481069007445,0.01581120556582579,23.09766103847605
0.01617950509237006,23.9754307833902,0.01617950631541377,23.58202306115227,0.0161795023712338,23.29801699284699,0.01617949962894324,23.08051421867105
0.01655637786026387,23.96075180109112,0.01655637907269611,23.56534654225358,0.01655637512159321,23.28121077287692,0.01655637237395036,23.06330963063841
0.01694202913331705,23.94601032226999,0.01694203033509694,23.54866390868737,0.01694202637705136,23.26439015043516,0.0169420236240236,23.04604259270901
0.01733666338918796,23.93120729369442,0.01733666458027561,23.53197576735099,0.01733666061526596,23.24755308440162,0.01733665785681867,23.02870821831514
0.01774048986843191,23.9163436835343,0.0177404910487878,23.51528265410033,0.01774048707679186,23.2306973685424,0.017740484312888,23.01130141465643
0.01815372268544248,23.90142048094231,0.01815372385502816,23.49858502995433,0.01815371987602198,23.21382062788026,0.01815371710662212,22.99381688159376
0.01857658094197862,23.88643869559095,0.01857658210075594,23.48188327724459,0.0185765781147141,23.19692031516725,0.01857657533977624,22.97624911077831
0.01900928884333455,23.87139935716463,0.01900928999126623,23.46517769571363,0.01900928599816159,23.17999370746851,0.01900928321764116,22.958592385023
0.01945207581721717,23.85630351480502,0.01945207695426623,23.44846849856625,0.01945207295406972,23.16303790286641,0.01945207016791936,22.94084077792253
0.01990517663539066,23.84115223650847,0.01990517776152081,23.43175580847834,0.01990517375420159,23.14604981729413,0.01990517096237098,22.92298815372838
0.02036883153815679,23.82594660847326,0.02036883265333178,23.41503965356764,0.02036882863885669,23.12902618150784,0.0203688258412926,22.90502816748458
0.02084328636173232,23.81068773439568,0.02084328746591653,23.39831996333177,0.02084328344425029,23.11196353820639,0.02084328064089626,22.88695426542936
0.02132879266859545,23.795376734713,0.02132879376175332,23.38159656455858,0.02132878973285825,23.09485823930795,0.02132878692365462,22.86875968566756
0.02182560788086735,23.78001474579175,0.02182560896296352,23.36486917721431,0.02182560492679915,23.07770644339213,0.02182560211168288,22.8504374591183
0.02233399541680062,23.76460291905969,0.02233399648779957,23.34813741031548,0.02233399244432285,23.06050411331674,0.02233398962322734,22.83198041074131
0.02285422483044709,23.74914242008011,0.02285422589031364,23.33140075779063,0.02285422183947859,23.04324701401765,0.02285421901233343,22.81338116104564
0.02338657195457925,23.73363442756622,0.02338657300327775,23.31465859433805,0.02338656894503526,23.02593071050074,0.02338656611176666,22.79463212788316
0.02393131904694047,23.718080132335,0.02393132008443498,23.29791017128619,0.02393131601873274,23.00855056603374,0.02393131317926251,22.77572552852903
0.02448875493990136,23.70248073619807,0.02448875596615557,23.28115461246368,0.02448875189293743,22.99110174054663,0.02448874904718379,22.75665338205076
0.02505917519360269,23.68683745078847,0.02505917620857962,23.26439091008607,0.02505917212778648,22.97357918924816,0.02505916927566301,22.73740751196679
0.02564288225266539,23.67115149632185,0.02564288325632762,23.24761792066613,0.02564287916789597,22.95597766146627,0.0256428763093123,22.71797954919498
0.02624018560655109,23.65542410029042,0.02624018659885996,23.23083436095607,0.02624018250272255,22.9382916997196,0.02624017963758362,22.69836093529052
0.02685140195365647,23.63965649608844,0.02685140293457265,23.21403880392886,0.02685139883065773,22.92051563902734,0.02685139595886412,22.67854292597274
0.02747685536923223,23.62384992156743,0.02747685633871481,23.19722967480658,0.02747685222694642,22.90264360646364,0.02747684934839382,22.65851659493886
0.02811687747721055,23.60800561752054,0.02811687843521758,23.18040524714433,0.02811687431551502,22.88466952096325,0.02811687143009424,22.63827283796303
0.02877180762603832,23.5921248260938,0.02877180857252586,23.16356363897776,0.02877180444480356,22.86658709338377,0.02877180155240075,22.61780237727726
0.02944199306860271,23.57620878912385,0.02944199400352522,23.14670280904257,0.02944198986769255,22.84838982683033,0.0294419869681883,22.59709576623153
0.03012778914634968,23.56025874640052,0.03012779006965969,23.12982055307485,0.03012778592562064,22.83007101724724,0.03012778301889059,22.57614339422859
0.0308295594776912,23.54427593385339,0.03082956038933861,23.11291450020091,0.03082955623699185,22.81162375428136,0.03082955332290617,22.55493549192885
0.03154767615079944,23.52826158166125,0.03154767705073224,23.09598210942518,0.03154767288997042,22.79304092242091,0.03154766996839365,22.53346213672045
0.03228251992089457,23.51221691228342,0.03228252080905715,23.07902066622542,0.03228251663976718,22.77431520241317,0.03228251371055861,22.51171325844827
0.03303448041212401,23.4961431384125,0.03303448128845871,23.06202727926381,0.03303447711052102,22.75543907296402,0.03303447417353367,22.48967864539588
0.03380395632414854,23.48004146084725,0.03380395718859359,23.04499887722344,0.03380395300188257,22.73640481272157,0.03380395005696388,22.46734795051313
0.03459135564353627,23.46391306628563,0.03459135649602681,23.02793220577841,0.03459135230040986,22.71720450254556,0.03459134934740107,22.44471069788223
0.03539709586008405,23.44775912503695,0.03539709670055088,23.0108238247073,0.03539709249588834,22.69783002806381,0.03539708953462496,22.42175628941389
0.03622160418817447,23.43158078865311,0.03622160501654471,22.99367010515838,0.03622160080269028,22.67827308251601,0.03622159783300116,22.39847401176553
0.03706531779329254,23.41537918747852,0.03706531860948811,22.97646722707562,0.03706531438628775,22.6585251698852,0.03706531140799536,22.37485304347213
0.03792868402381482,23.39915542811892,0.03792868482775337,22.95921117679432,0.03792868059504512,22.63857760831579,0.03792867760796584,22.35088246228043
0.03881216064820035,23.3829105908285,0.03881216143979366,22.94189774481488,0.03881215719740823,22.61842153381725,0.03881215420135128,22.32655125267696
0.0397162160977054,23.36664572681632,0.03971621687686004,22.92452252376319,0.03971621262461965,22.5980479042512,0.03971620961938802,22.30184831359894
0.04064132971475178,23.35036185547188,0.04064133048136811,22.90708090654603,0.04064132621908679,22.57744750359964,0.0406413232044763,22.27676246631825
0.04158799200708076,23.33405996151057,0.04158799276105269,22.8895680847096,0.0415879884885359,22.5566109465112,0.04158798546433565,22.25128246248703
0.04255670490782648,23.31774099203968,0.04255670564904149,22.8719790470088,0.04255670136608567,22.53552868312117,0.04255669833207749,22.22539699233375
0.04354798204164814,23.30140585354599,0.04354798276998591,22.8543085781953,0.04354797847637835,22.51419100414162,0.04354797543233734,22.19909469299852
0.04456234899705963,23.28505540880591,0.04456234971239215,22.83655125803129,0.04456234540791118,22.49258804621622,0.04456234235360471,22.17236415699555
0.04560034360510441,23.26869047371964,0.04560034430729564,22.81870146053607,0.04560033999170972,22.47070979753419,0.04560033692689786,22.14519394079113
0.04666251622451999,23.25231181407073,0.04666251691342503,22.8007533534723,0.0466625125864929,22.44854610369757,0.04666250951092875,22.11757257348481
0.04774943003354555,23.23592014221288,0.04774943070901114,22.78270089807776,0.04774942637048119,22.42608667383476,0.04774942328390955,22.08948856558181
0.04886166132852741,23.21951611368592,0.04886166199038939,22.76453784904916,0.04886165764000024,22.40332108695337,0.04886165454215907,22.06093041784415
0.04999979982947712,23.2031003237632,0.0499998004775621,22.74625775478262,0.04999979611504151,22.38023879852447,0.04999979300566062,22.03188663020815
0.05116444899275079,23.18667330393288,0.0511644496268739,22.72785395787675,0.05116444525193929,22.35682914729027,0.05116444213074064,22.0023457107561
0.0523562263310079,23.17023551831548,0.0523562269509737,22.70931959590208,0.05235622256333115,22.33308136228599,0.05235621943002895,21.97229618472939
0.05357576374062617,23.15378736002118,0.05357576434622742,22.6906476024414,0.05357575994557182,22.30898457006741,0.05357575679987182,21.94172660357109
0.05482370783674056,23.13732914744947,0.05482370842775727,22.67183070840445,0.05482370401377214,22.28452780213401,0.05482370085537291,21.91062555398542
0.05610072029608681,23.1208611205351,0.05610072087228613,22.65286144361999,0.05610071644464359,22.2597000025379,0.05610071327323496,21.8789816670022
0.0574074782078321,23.10438343694346,0.05740747876896768,22.63373213870748,0.05740747432732784,22.23449003566819,0.05740747114259163,21.8467836270341
0.05874467443257713,23.0878961682201,0.05874467497838808,22.61443492723087,0.05874467052239855,22.20888669420006,0.05874466732400836,21.81402018091478
0.06011301796971678,23.07139929589763,0.06011301849992809,22.59496174813524,0.06011301402922527,22.18287870719759,0.06011301081684569,21.78068014690653
0.06151323433336588,23.05489270756557,0.06151323484768609,22.57530434846749,0.06151323036189307,22.15645474835904,0.06151322713518143,21.74675242366562
0.06294606593703168,23.03837619290709,0.06294606643515442,22.555454286381,0.06294606193388197,22.1296034443929,0.06294605869248612,21.71222599915449
0.06441227248725517,23.02184943970794,0.06441227296885603,22.53540293442416,0.06441226845170188,22.10231338351345,0.06441226519526158,21.67708995948966
0.06591263138641401,23.00531202984301,0.06591263185115215,22.51514148311135,0.06591262731770182,22.07457312404326,0.06591262404584763,21.64133349771483
0.06744793814491491,22.98876343524576,0.06744793859243133,22.494660944775,0.0674479340422557,22.04637120311137,0.06744793075461034,21.60494592248889
0.06901900680298162,22.97220301386665,0.0690190072328974,22.47395215769653,0.06901900266555516,22.01769614543418,0.06901899936173206,21.56791666667899
0.07062667036227004,22.95563000562642,0.07062667077418777,22.4530057905131,0.07062666618922357,21.98853647216753,0.07062666286882693,21.53023529584879
0.07227178122753668,22.93904352837055,0.0722717816210388,22.43181234689701,0.07227177701798329,21.95888070981735,0.07227177368060954,21.49189151663295
0.07395521165859648,22.92244257383155,0.07395521203324383,22.41036217050343,0.0739552074116144,21.92871739919667,0.07395520405685015,21.45287518498914
0.07567785423280421,22.90582600360597,0.07567785458813636,22.38864545018199,0.07567784994743626,21.89803510441685,0.07567784657485914,21.41317631431871
0.07744062231831228,22.88919254515278,0.07744062265384637,22.36665222544708,0.07744061799356435,21.8668224219008,0.07744061460274318,21.37278508344852
0.07924445055835022,22.87254078782082,0.07924445087357999,22.34437239220083,0.07924444619319058,21.83506798940607,0.07924444278368489,21.33169184446611
0.08109029536678436,22.85586917891257,0.08109029566118015,22.32179570870269,0.0810902909601436,21.80276049504603,0.0810902875315041,21.28988713040112
0.08297913543522267,22.83917601979176,0.08297913570822962,22.29891180177861,0.08297913098599112,21.76988868629715,0.08297912753775862,21.2473616627464
0.08491197225192731,22.82245946204298,0.08491197250296575,22.27571017326247,0.08491196775895589,21.73644137898084,0.08491196429066258,21.20410635881238
0.08688983063282008,22.80571750369096,0.08688983086128317,22.25218020666184,0.08688982609491791,21.70240746620852,0.08688982260608624,21.16011233890915
0.08891375926485064,22.788947985488,0.08891375947010544,22.22831117403975,0.08891375468078554,21.66777592727869,0.08891375117092824,21.11537093335079
0.09098483126202543,22.77214858727753,0.0909848314434115,22.20409224310357,0.09098482663052276,21.63253583651513,0.09098482309914369,21.06987368927713
0.09310414473438727,22.75531682444253,0.09310414489121517,22.17951248449198,0.0931041400541274,21.59667637203548,0.09310413650072102,21.02361237728856
0.09527282337024705,22.73845004444709,0.09527282350179886,22.15456087924997,0.09527281863986768,21.56018682444021,0.0952728150639176,20.97657899788995
0.09749201703197878,22.72154542347982,0.09749201713750552,22.12922632648232,0.09749201225007054,21.52305660541169,0.09749200865105168,20.92876578774006
0.09976290236569071,22.70459996320785,0.09976290244441424,22.10349765117479,0.09976289753079848,21.48527525621385,0.09976289390817587,20.88016522570362
0.1020866834251,22.68761048764997,0.1020866834762092,22.07736361217275,0.1020866785357221,21.44683245608332,0.102086674888951,20.83077003870318
0.1044645923099374,22.6705736401777,0.1044645923325897,22.05081291030578,0.1044645873645229,21.40771803050283,0.1044645836930482,20.78057320736885
0.1068978898192217,22.65348588065305,0.1068978898125418,22.02383419664755,0.1068978848161719,21.36792195934877,0.1068978811194296,20.72956797148382
0.1093878661197542,22.63634348271164,0.1093878660828318,21.99641608089922,0.1093878610574201,21.32743438490462,0.1093878573348353,20.67774783522476
0.1119358414301801,22.61914253119978,0.1119358413620723,21.96854713988478,0.1119358363068629,21.28624561973261,0.1119358325578504,20.62510657219559
0.114543166720987,22.60187891977399,0.1145431666207148,21.94021592614666,0.1145431615349359,21.24434615439645,0.1145431577589011,20.5716382302546
0.1172112244308082,22.5845483486717,0.1172112242973555,21.91141097662969,0.1172112191802192,21.20172666502842,0.1172112153765572,20.5173371361345
0.1199414291994058,22.56714632266096,0.1199414290317228,21.88212082144137,0.1199414238824248,21.1583780207341,0.1199414200505201,20.46219789985543
0.1227352286177385,22.54966814917785,0.1227352284147351,21.85233399267653,0.1227352232324554,21.11429129082951,0.1227352193716814,20.40621541893189
0.1255941039954848,22.53210893665913,0.1255941037560354,21.82203903329419,0.1255940985399362,21.06945775190455,0.1255940946496574,20.34938488237403
0.1285195711464622,22.51446359307807,0.1285195708693999,21.79122450603468,0.1285195656186283,21.02386889470811,0.1285195616981969,20.29170177448483
0.1315131811923222,22.496726824691,0.1315131808764444,21.7598790023651,0.1315131755901286,20.97751643085024,0.1315131716388879,20.23316187845452
0.1345765213849852,22.47889313500178,0.1345765210290456,21.72799115144105,0.1345765157062991,20.93039229931725,0.1345765117235804,20.17376127975404
0.1377112159482136,22.46095682395112,0.1377112155509267,21.69554962907293,0.1377112101908457,20.8824886727961,0.1377112061759696,20.11349636932974
0.1409189269388021,22.44291198733735,0.1409189264988417,21.66254316668505,0.1409189211005047,20.83379796380488,0.1409189170527811,20.05236384660145
0.1442013551278218,22.42475251647511,0.1442013546438186,21.62896056025632,0.1442013492062872,20.78431283062666,0.144201345125016,19.99036072226682
0.1475602409023871,22.40647209809768,0.1475602403729312,21.59479067923078,0.1475602348952501,20.73402618304416,0.1475602307797184,19.92748432091444
0.1509973651884391,22.38806421450856,0.1509973646120757,21.56002247538715,0.150997359093273,20.68293118787362,0.1509973549427571,19.86373228344889
0.1545145503950102,22.36952214398745,0.1545145497702408,21.5246449916568,0.1545145442093263,20.63102127429622,0.1545145400230928,19.79910256933091
0.1581136613804912,22.35083896145524,0.1581136607057738,21.48864737087892,0.1581136551017411,20.57829013898571,0.1581136508790435,19.73359345863619
0.1617966064414048,22.33200753940217,0.1617966057151533,21.45201886448321,0.1617966000669768,20.52473175103204,0.161796595807057,19.66720355393617
0.1655653383242095,22.31302054908317,0.1655653375447914,21.41474884108999,0.1655653318514294,20.47034035666001,0.1655653275535177,19.59993178200464
0.1694218552606699,22.29387046198311,0.1694218544264059,21.37682679501781,0.1694218486867988,20.41511048374381,0.1694218443501156,19.53177739535391
0.1733682020273456,22.27454955155526,0.1733682011365131,21.33824235468961,0.1733681953495824,20.35903694611671,0.1733681909733347,19.46273997360468
0.1774064710297627,22.25504989523468,0.1774064700805897,21.29898529092845,0.1774064642452405,20.30211484767776,0.177406459828624,19.39281942469328
0.1815388034118303,22.2353633767285,0.1815388024024989,21.25904552513412,0.181538796517617,20.24433958629576,0.1815387920598152,19.32201598592074
0.1857673901911059,22.21548168858393,0.1857673891197498,21.21841313733269,0.1857673831842036,20.18570685751218,0.1857673786843872,19.25033022484766
0.1900944734204996,22.19539633503476,0.1900944722852042,21.1770783740912,0.1900944662978441,20.12621265804466,0.1900944617551729,19.17776304003929
0.1945223473770419,22.17509863512623,0.1945223461758459,21.13503165629007,0.194522340135504,20.06585328909288,0.1945223355491232,19.10431566166477
0.1990533597783418,22.15457972611734,0.199053358509232,21.09226358674653,0.1990533524147199,20.00462535944925,0.1990533477837654,19.02998965195519
0.2036899130273703,22.13383056716006,0.2036899116882872,21.04876495768254,0.2036899055384012,19.94252578841649,0.2036899008619945,18.95478690552446
0.2084344654862575,22.11284194325282,0.2084344640750891,21.00452675803103,0.2084344578686051,19.87955180853515,0.2084344531458537,18.87870964955747
0.2132895327797365,22.09160446946666,0.2132895312943217,20.95954018057515,0.2132895250299978,19.81570096812378,0.2132895202599986,18.80176044386948
0.2182576891289696,22.07010859544055,0.2182576875670993,20.91379662891517,0.2182576812436721,19.75097113363468,0.2182576764255096,18.7239421808415
0.2233415687164325,22.04834461014243,0.2233415670758435,20.86728772425845,0.2233415606920332,19.68536049182884,0.2233415558247769,18.64525808523528
0.2285438670825894,22.0263026468922,0.2285438653609696,20.82000531202815,0.2285438589154767,19.6188675517732,0.2285438539981826,18.56571171389232
0.233867342555107,22.00397268864147,0.2338673407500942,20.77194146828694,0.2338673342415983,19.55149114666398,0.2338673292733106,18.48530695532077
0.2393148177113581,21.98134457350518,0.2393148158205346,20.72308850597221,0.2393148092476985,19.48323043547973,0.2393148042274491,18.40404802917448
0.2448891808749832,21.95840800053919,0.2448891788958838,20.67343898093993,0.2448891722573488,19.41408490446783,0.2448891671841534,18.32193948562773
0.2505933876473274,21.9351525357575,0.2505933855774304,20.62298569781468,0.2505933788718197,19.34405436846866,0.2505933737446823,18.23898620464941
0.2564304624745264,21.91156761838253,0.2564304603112628,20.57172171564348,0.2564304535371779,19.27313897208101,0.2564304483550895,18.15519339518059
0.2624035002511219,21.88764256732065,0.2624034979918667,20.51964035335202,0.2624034911478909,19.2013391906734,0.262403485909826,18.07056659421876
0.2685156679610045,21.86336658785577,0.2685156656030829,20.46673519500181,0.268515658687776,19.12865583124469,0.2685156533926999,17.98511166581197
0.2747702063565987,21.83872877855235,0.2747702038972785,20.4130000948474,0.2747701969091855,19.0550900331389,0.2747701915560446,17.89883479996652
0.281170431677144,21.8137181383593,0.2811704291136451,20.35842918219299,0.2811704220512868,18.980643268618,0.2811704166390166,17.81174251147088
0.2877197374070186,21.78832357390581,0.287719734736505,20.30301686604858,0.2877197275983809,18.90531734329695,0.2877197221259037,17.72384163863903
0.2944215960750011,21.76253390697945,0.2944215932945839,20.24675783958545,0.294421586079177,18.82911439644526,0.2944215805453952,17.63513934197574
0.3012795610954574,21.73633788217699,0.3012795582021914,20.1896470843917,0.3012795509079608,18.75203690115934,0.3012795453117704,17.54564310276644
0.3082972686524009,21.70972417471771,0.308297265643293,20.13167987452875,0.308297258268678,18.67408766440937,0.3082972526089571,17.45536072159421
0.3154784396274559,21.68268139840871,0.3154784364994546,20.07285178038978,0.3154784290428749,18.59526982696554,0.3154784233184856,17.36430031678583
0.3228268815727102,21.65519811375188,0.3228268783227097,20.01315867236177,0.3228268707825601,18.51558686320704,0.3228268649923553,17.27247032278894
0.3303464907295269,21.62726283618123,0.3303464873543704,19.95259672429261,0.3303464797290292,18.43504258081802,0.3303464738718427,17.17987948848214
0.3380412540943947,21.59886404441975,0.3380412505908706,19.89116241676557,0.3380412428786903,18.35364112037466,0.338041236953343,17.08653687541959
0.3459152515328741,21.56999018894454,0.3459152478977167,19.82885254018328,0.3459152400970308,18.27138695482675,0.345915234102331,16.99245185601132
0.3539726579428069,21.54062970054866,0.3539726541726911,19.76566419766352,0.3539726462818141,18.18828488887792,0.3539726402165531,16.89763411164052
0.3622177454678888,21.51077099898837,0.3622177415594411,19.70159480774983,0.3622177335766619,18.10434005826771,0.3622177274396196,16.80209363071847
0.3706548857628327,21.48040250170403,0.3706548817126222,19.63664210693975,0.3706548736362089,18.01955792895934,0.3706548674261478,16.70584070667805
0.3792885523112626,21.44951263260319,0.3792885481158038,19.5708041520336,0.379288539944005,17.93394429623624,0.3792885336596762,16.60888593590574
0.3881233227976243,21.41808983089415,0.388123318453377,19.50407932230733,0.3881233101844189,17.84750528371076,0.3881233038245566,16.51124021561282
0.3971638815343289,21.38612255995853,0.3971638770376991,19.43646632151281,0.3971638686697856,17.76024734224795,0.397163862233112,16.41291474164518
0.4064150219454432,21.35359931625101,0.4064150172927795,19.36796417970883,0.4064150088240909,17.67217724880735,0.4064150023093158,16.31392100623149
0.415881649108216,21.3205086382152,0.4158816442958148,19.29857225492704,0.4158816357245133,17.58330210520557,0.4158816291303253,16.21427079566936
0.4255687823538241,21.28683911520391,0.4255687773779255,19.22829023467604,0.4255687687021506,17.49362933680221,0.425568762027232,16.11397618794785
0.43548155792869,21.25257939639284,0.4354815527854771,19.15711813728787,0.435481544003345,17.40316669111133,0.4354815372463619,16.01304955030616
0.445625231717773,21.21771819967666,0.445625226403378,19.08505631311079,0.4456252175129847,17.31192223634082,0.4456252106725892,15.91150353672605
0.4560051820313276,21.18224432053633,0.4560051765418222,19.0121054455522,0.4560051675412437,17.21990435986148,0.4560051606160729,15.80935108535687
0.4666269124565419,21.14614664086758,0.4666269067879484,18.93826655197592,0.4666268976752365,17.12712176660773,0.4666268906639164,15.70660541587076
0.4774960547756202,21.10941413775956,0.4774960489238966,18.86354098445801,0.4774960396970829,17.03358347741138,0.4774960325982277,15.60328002674609
0.4886183719518178,21.0720358922141,0.4886183659128792,18.78793043040475,0.4886183565699732,16.93929882726965,0.4886183493821805,15.49938869247595
0.4999997611850546,21.03400109779533,0.4999997549547497,18.71143691303772,0.4999997454937454,16.84427746354895,0.4999997382156005,15.39494546069949
0.5116462570386807,20.99529906920031,0.5116462506128069,18.63406279174908,0.5116462410316687,16.74852934412479,0.5116462336617471,15.28996464925215
0.5235640346390741,20.95591925074161,0.5235640280133789,18.55581076233201,0.5235640183100567,16.65206473545862,0.5235640108469195,15.18446084313167
0.5357594129497955,20.91585122473271,0.5357594061199605,18.47668385708982,0.5357593962923839,16.55489421061223,0.5357593887345802,15.07844889137623
0.5482388581219633,20.87508471976794,0.5482388510836218,18.39668544482771,0.5482388411296969,16.45702864719931,0.5482388334757644,14.9719439038499
0.5610089869227046,20.83360961888875,0.5610089796714354,18.31581923073148,0.5610089695890508,16.35847922527448,0.5610089618375184,14.86496124793179
0.5740765702434544,20.7914159676285,0.5740765627747814,18.2340892561366,0.5740765525618033,16.25925742515906,0.5740765447111867,14.75751654510352
0.587448536689968,20.74849398192872,0.587448528999354,18.15149989819172,0.5874485186536381,16.15937502520313,0.5874485107024372,14.64962566743031
0.6011319762559573,20.70483405591943,0.6011319683388142,18.0680558694199,0.60113195785819,16.0588440994829,0.601131949804902,14.54130473393019
0.6151341440822988,20.66042676955741,0.6151341359339895,17.98376221718161,0.6151341253162681,15.95767701543187,0.6151341171593775,14.4325701068257
0.6294624643038167,20.61526289611602,0.629462455919639,17.89862432304257,0.6294624451626193,15.8558864314047,0.6294624369005986,14.32343838767224
0.6441245339856413,20.56933340952116,0.6441245253608485,17.81264790204959,0.6441245144623041,15.75348529417166,0.6441245060936218,14.21392641335646
0.6591281271512853,20.52262949152768,0.6591281182810708,17.72583900191817,0.6591281072387677,15.65048683634172,0.6591280987618779,14.1040512519587
0.6744811989045283,20.47514253873184,0.6744811897840317,17.63820400213423,0.6744811785957179,15.54690457371188,0.6744811700090683,13.99383019847205
0.6901918896473211,20.42686416941509,0.6901918802716325,17.54974961297303,0.6901918689350323,15.44275230254,0.6901918602370644,13.8832807703713
0.706268529395925,20.37778623021539,0.7062685197600823,17.46048287443823,0.7062685082729186,15.33804409673801,0.7062684994620597,13.77242070302416
0.7227196421976205,20.32790080262213,0.722719632296604,17.37041115512315,0.7227196206565755,15.23279430498267,0.7227196117312557,13.66126794493725
0.7395539506502385,20.2772002092921,0.7395539404789774,17.27954215099687,0.7395539286837762,15.12701754773963,0.7395539196424153,13.54984065282875
0.7567803805270178,20.22567702018312,0.756780370080399,17.18788388411702,0.7567803581277017,15.02072871419735,0.7567803489687083,13.43815718651968
0.774408065509172,20.17332405850338,0.7744080547820179,17.09544470127163,0.7744080426694879,14.91394295910658,0.7744080333912726,13.32623610363523
0.7924463520286642,20.12013440647445,0.7924463410157587,17.00223327255111,0.7924463287410526,14.80667569952046,0.7924463193420146,13.21409615410765
0.8109048042238364,20.06610141090645,0.8109047929199054,16.90825858985247,0.8109047804806716,14.69894261143106,0.810904770959209,13.10175627447179
0.8297932090104211,20.01121868858407,0.8297931974101507,16.81352996531649,0.8297931848040219,14.59075962629659,0.8297931751585289,12.98923558194433
0.8491215812707055,19.95548013146277,0.849121569368729,16.71805702969951,0.8491215565933374,14.48214292745399,0.8491215468222065,12.87655336827732
0.8689001691635581,19.89887991167483,0.8689001569544582,16.62184973067989,0.8689001440074257,14.3731089464113,0.8689001341090427,12.76372909337699
0.8891394595581201,19.84141248634485,0.8891394470364401,16.52491833110039,0.8891394339153889,14.26367435901325,0.8891394238881377,12.65078237867798
0.9098501835940976,19.78307260221527,0.9098501707543381,16.42727340714623,0.9098501574568819,14.15385608147415,0.9098501472991414,12.53773300026408
0.9310433223715545,19.72385530008226,0.931043309208168,16.32892584645922,0.9310432957319171,14.04367126627092,0.931043285442075,12.42460088172503
0.9527301127732305,19.66375591904304,0.9527300992806271,16.22988684618753,0.9527300856231906,13.93313729788941,0.9527300751996242,12.31140608674067
0.9749220534224817,19.60277010055575,0.9749220395950332,16.13016791097068,0.9749220257540228,13.82227178841671,0.9749220151951159,12.19816881138211
0.9976309107800116,19.54089379231318,0.9976308966120538,16.02978085085896,0.9976308825850836,13.71109257297167,0.9976308718892104,12.08490937612088
1.020868725382604,19.47812325193238,1.020868710868432,15.92873777916617,1.020868696653111,13.59961770496597,1.020868685818658,11.97164821753629
1.044647818227167,19.41445505046195,1.044647803361038,15.8270511102545,1.044647788954992,13.48786545118712,1.044647777980337,11.85840587971198
1.068980797303499,19.34988607570913,1.068980782079638,15.72473355724957,1.068980767480491,13.37585428669558,1.068980756364018,11.74520300531229
1.093880564279194,19.28441353538959,1.093880548691805,15.62179812968407,1.093880533897186,13.2636028895266,1.09388052263728,11.63206032632997
1.119360321340312,19.21803496010175,1.119360305383555,15.51825813106749,1.1193602903911,13.15113013518841,1.119360278986151,11.51899865449639
1.145433578191301,19.15074820612959,1.14543356185932,15.41412715637952,1.145433546666689,13.03845509094724,1.145433535115081,11.40603887134622
1.172114159218069,19.08255145807572,1.172114142504981,15.30941908948406,1.172114127109831,12.92559700989024,1.172114115409959,11.29320191792917
1.199416210817837,19.01344323132889,1.199416193717731,15.2041481004609,1.199416178117743,12.81257532475606,1.199416166268002,11.18050878416109
1.227354208899731,18.94342237436875,1.227354191406692,15.09832864285142,1.227354175599554,12.6994096415243,1.227354163598341,11.06798049780847
1.255942966560137,18.87248807091135,1.255942948668217,14.99197545081438,1.255942932651637,12.58611973275328,1.255942920497359,10.95563811309996
1.285197641936756,18.80063984189898,1.285197623640008,14.88510353618785,1.285197607411718,12.47272553065656,1.285197595102775,10.84350269896023
1.315133746245698,18.72787754733806,1.315133727538159,14.77772818545256,1.315133711095902,12.35924711990827,1.315133698630706,10.73159532686149
1.345767152005683,18.65420138798865,1.345767132881389,14.669864956592,1.345767116222937,12.24570473016698,1.345767103599902,10.61993705828981
1.377114101453911,18.57961190690943,1.37711408190689,14.56152967584399,1.377114065030037,12.13211872830832,1.37711405224758,10.50854893182359
1.409191215157875,18.50410999086208,1.409191195182153,14.4527384343382,1.409191178084722,12.01850961035637,1.40919116514126,10.39745194982344
1.442015500827804,18.42769687157876,1.442015480417433,14.34350758461386,1.442015463097262,11.90489799310378,1.442015449991225,10.28666706473326
1.475604362334417,18.35037412689656,1.475604341483441,14.23385373701144,1.475604323938408,11.79130460541103,1.475604310668218,10.17621516499433
1.509975608936639,18.27214368176309,1.509975587639125,14.12379375593166,1.509975569867134,11.67775027917529,1.509975556431222,10.06611706057529
1.545147464724333,18.19300780911671,1.54514744297437,14.01334475595509,1.545147424973351,11.56425593995958,1.545147411370152,9.956393468122572
1.581138578280943,18.11296913064559,1.581138556072632,13.90252409781513,1.581138537840565,11.45084259727318,1.581138524068516,9.84706499573757
1.617968032571221,18.0320306174291,1.617968009898711,13.79134938421666,1.617967991433589,11.33753133449487,1.617967977491127,9.738152127388695
1.655655355059279,17.95019559046553,1.655655331916737,13.67983845549286,1.655655313216604,11.22434329843065,1.655655299102169,9.62967520696818
1.694220528062282,17.86746772108982,1.694220504443924,13.56800938509156,1.694220485506861,11.1112996884985,1.694220471218893,9.5216544220059
1.73368399934537,17.78385103128477,1.733683975245466,13.45588047488296,1.733683956069579,10.99842174553326,1.733683941606524,9.414109787054285
1.774066692963316,17.69934989388941,1.774066668376174,13.34347025027992,1.77406664895962,10.8857307402049,1.774066634319921,9.307061126760786
1.815390020354734,17.61396903270796,1.815389995274726,13.23079745516139,1.815389975615703,10.77324796104527,1.815389960797797,9.200528058646775
1.857675891694706,17.52771352252257,1.857675866116283,13.11788104659,1.857675846213022,10.66099470207818,1.85767583121535,9.094529975614124
1.900946727511873,17.4405887890132,1.900946701429537,13.004740189314,1.90094668128032,10.54899225004932,1.900946666101324,8.989086028203328
1.945225470576062,17.35260060858758,1.945225443984398,12.89139425004356,1.945225423587549,10.43726187125352,1.945225408225671,8.88421510662956
1.990535598062864,17.26375510812422,1.990535570956555,12.77786279149142,1.990535550310434,10.32582479795778,1.9905355347641,8.779935822625944
2.036901134001543,17.17405876463122,2.036901106375355,12.66416556616758,2.036901085478368,10.21470221442002,2.036901069746011,8.676266491125681
2.084346662012889,17.08351840482338,2.084346633861688,12.55032250991742,2.084346612712289,10.10391524250491,2.084346596792337,8.573225111818108
2.132897338343774,16.99214120462021,2.132897309662543,12.43635373519252,2.132897288259233,9.993484926899436,2.132897272150105,8.470829350615865
2.182578905205355,16.89993468856667,2.182578875989187,12.32227952404344,2.182578854330499,9.883432219932802,2.182578838030611,8.369096521073718
2.233417704421898,16.8069067291792,2.233417674666011,12.20812032082369,2.233417652750536,9.773777966006856,2.233417636258294,8.268043565802145
2.285440691397588,16.71306554621831,2.285440661097331,12.09389672459345,2.285440638923699,9.66454288564514,2.285440622237505,8.167687037921672
2.338675449408641,16.6184197058896,2.3386754185595,11.97962948121261,2.338675396126377,9.555747559170637,2.338675379244624,8.068043082606698
2.393150204228288,16.52297811997459,2.393150172825909,11.86533947511175,2.393150150132015,9.447412410024493,2.393150133053083,7.969127418770067
2.448893839092508,16.42675004489213,2.448893807132674,11.75104772073032,2.448893784176772,9.339557687740243,2.44889376689904,7.870955320942418
2.505935910014272,16.32974508069175,2.505935877492948,11.63677535361109,2.505935854273827,9.232203450590236,2.505935836795655,7.773541601402561
2.564306661454506,16.23197316997914,2.564306628367834,11.52254362114071,2.564306604884339,9.12536954792375,2.564306587204076,7.676900592617411
2.624037042358183,16.13344459677421,2.624037008702468,11.40837387292529,2.624036984953477,9.019075602218471,2.624036967069471,7.581046130052237
2.685158722563757,16.03416998530201,2.685158688335521,11.29428755079174,2.685158664319949,8.913340990870061,2.685158646230521,7.485991535413567
2.747704109595042,15.93416029871578,2.747704074790978,11.18030617840456,2.747704050507785,8.808184827746965,2.747704032211255,7.391749600388717
2.811706365844021,15.83342683775223,2.811706330461063,11.06645135048933,2.811706305909227,8.703625944540638,2.811706287403895,7.298332570947441
2.877199426154045,15.73198123931764,2.877199390189318,10.95274472165412,2.877199365367863,8.599682871944253,2.87719934665202,7.205752132271707
2.944218015812488,15.62983547500409,2.944217979263359,10.83920799480053,2.944217954171335,8.496373820695736,2.944217935243252,7.114019394380647
3.012797668962607,15.527001849534,3.012797631826673,10.72586290911746,3.012797606463157,8.39371666252408,3.012797587321096,7.023144878517573
3.08297474744415,15.42349299913156,3.082974709719259,10.61273122765092,3.082974684083374,8.291728911040948,3.082974664725576,6.933138504366087
3.154786460072977,15.31932188981842,3.154786421757215,10.49983472444421,3.154786395848088,8.190427702622312,3.15478637627277,6.844009578161416
3.228270882369576,15.21450181563172,3.2282708434613,10.38719517124421,3.228270817278077,8.089829777327948,3.228270797483459,6.755766781762064
3.30346697674725,15.10904639676126,3.303466937245073,10.27483432377027,3.303466910786947,7.989951459909614,3.3034668907712,6.668418162745509
3.380414613170507,15.00296957760261,3.380414573073323,10.16277390754338,3.380414546339479,7.890808640961349,3.380414526100789,6.581971125589144
3.459154590294623,14.89628562472287,3.459154549601619,10.0510356032754,3.459154522591276,7.792416758268023,3.459154502127777,6.496432423995646
3.539728657097666,14.78900912473473,3.539728615808308,9.939641031818617,3.539728588520691,7.694790778411089,3.539728567830509,6.411808154418195
3.622179535016343,14.68115498207486,3.622179493130384,9.828611738678436,3.622179465564727,7.59794517869245,3.622179444645952,6.328103750837938
3.706550940597408,14.57273841668176,3.706550898114928,9.717969178093254,3.706550870270481,7.501893929439979,3.706550849121183,6.245323980841463
3.792887608676879,14.46377496156761,3.792887565598241,9.607734696687693,3.792887537474254,7.406650476759731,3.792887516092483,6.163472943041662
3.881235316098922,14.35428046027934,3.88123527242483,9.497929516707435,3.881235244020556,7.3122277258019,3.881235222404307,6.082554065880055
3.971640905987412,14.24427106424199,3.971640861718881,9.388574718846048,3.971640833033576,7.218638024608753,3.971640811180822,6.002570107843018
4.064152312582771,14.13376322997874,4.064152267721111,9.279691224676393,4.064152238754045,7.125893148613782,4.064152216662714,5.923523159118351
4.158818586657273,14.02277371620049,4.158818541204174,9.171299778701986,4.158818511954594,7.034004285862042,4.15881848962257,5.845414644712047
4.255689921522534,13.91131958075751,4.25568987547998,9.063420930045957,4.255689845947122,6.942982023021823,4.255689823372244,5.768245329038224
4.354817679642548,13.799418177446,4.354817633012865,8.956075013798165,4.354817603195976,6.85283633225751,4.354817580376019,5.692015321988063
4.4562544198668,13.68708715266084,4.456254372652666,8.849282132043701,4.456254342550965,6.763576559033093,4.456254319483653,5.616724086476153
4.560053925297693,13.57434444188635,4.560053877502112,8.743062134599279,4.560053847114812,6.675211410914189,4.5600538237978,5.542370447454824
4.666271231807007,13.46120826601583,4.66627118343333,8.637434599486625,4.666271152759625,6.587748947435215,4.666271129190469,5.468952602379452
4.774962657216696,13.34769712749042,4.774962608268604,8.532418813175523,4.774962577307652,6.501196571095832,4.774962553483867,5.396468133099543
4.886185831159277,13.23382980624742,4.886185781640815,8.428033750632149,4.886185750391764,6.415561019548079,4.886185726310749,5.324914019142867
4.999999725633935,13.11962535546747,4.999999675549452,8.324298055211676,4.999999644011402,6.33084835903251,4.99999961967046,5.25428665235169
5.116464686274106,13.00510309711012,5.116464635628326,8.221230018437529,5.116464603800367,6.247063979117387,5.116464579196689,5.184581852822715
5.235642464343681,12.89028261722604,5.235642413141645,8.118847559712819,5.235642381022822,6.164212588791075,5.235642356153482,5.115794886094789
5.357596249478274,12.77518376103457,5.357596197725345,8.017168206013025,5.35759616531465,6.082298213952305,5.357596140176593,5.047920481521243
5.482390703189162,12.65982662775431,5.482390650891061,7.916209071612166,5.482390618187441,6.001324196337891,5.482390592777461,4.980952851756883
5.610091993147781,12.54423156517413,5.610091940310533,7.815986837897952,5.610091907312868,5.921293193921241,5.610091881627624,4.914885713283281
5.740767828268623,12.42841916395179,5.740767774898566,7.716517733334638,5.740767741605688,5.842207182808702,5.740767715641659,4.849712307890219
5.874487494609404,12.31241025162676,5.874487440713196,7.617817513635194,5.874487407123866,5.764067460653819,5.874487380877345,4.785425425025604
6.011321892107487,12.19622588633355,6.011321837692098,7.519901442207457,6.011321803804979,5.686874651602216,6.011321777272081,4.72201742492167
6.151343572171938,12.07988735020155,6.151343517244613,7.422784270941459,6.151343483058291,5.610628712772417,6.151343456234946,4.659480262401109
6.294626776151251,11.96341614242708,6.294626720719551,7.326480221407601,6.294626686232511,5.535328942269743,6.294626659114404,4.597805511263517
6.441247474697104,11.84683397200277,6.441247418768862,7.231002966537623,6.441247383979466,5.460973988722595,6.441247356562078,4.53698438914981
6.591283408045008,11.73016275008986,6.591283351628299,7.136365612862077,6.591283316534795,5.387561862321876,6.591283288813368,4.477007782780596
6.744814127233186,11.61342458201794,6.744814070336344,7.042580683379517,6.744814034936841,5.315089947336219,6.744814006906376,4.417866273463267
6.901921036281562,11.49664175889709,6.901920978913235,6.949660101133881,6.901920943205676,5.243555016067194,6.901920914860893,4.359550162762359
7.062687435353388,11.37983674882703,7.062687377522368,6.85761517357721,7.062687341504531,5.172953244200535,7.062687312839927,4.30204949822823
7.227198564921901,11.26303218768801,7.22719850663726,6.766456577794828,7.227198470306742,5.103280227501179,7.227198441316483,4.245354099080329
7.395541650966116,11.14625086949793,7.395541592237072,6.67619434667033,7.395541555591247,5.034530999792259,7.395541526269293,4.189453581743297
7.567805951219043,11.02951573632057,7.56780589205506,6.586837856066457,7.567805855091093,4.966700052150455,7.567805825431045,4.134337385136999
7.744082802493497,10.91284986770955,7.744082742904173,6.498395813096913,7.744082705618949,4.899781353243235,7.744082675614179,4.0799947956247
7.924465669109892,10.79627646967364,7.924465609105011,6.410876245562053,7.924465571495182,4.833768370726578,7.924465541138749,4.026414971527954
8.109050192452434,10.67981886314831,8.109050132041894,6.324286492618856,8.109050094103807,4.768654093615948,8.109050063388484,3.973586967121086
8.297934241679354,10.5635004719599,8.297934180873158,6.238633196752486,8.297934142602841,4.704431055537547,8.297934111521103,3.921499756023387
8.491217965614419,10.4473448102688,8.491217904422692,6.153922297112867,8.491217865815816,4.641091358762258,8.491217834359901,3.870142253912769
8.689003845847237,10.33137546947847,8.689003784280185,6.070159024275264,8.689003745332068,4.578626698920369,8.689003713493888,3.819503340490509
8.891396751070285,10.21561610459876,8.891396689138126,5.987347896478854,8.891396649843715,4.517028390292056,8.891396617614928,3.769571880633092
9.098503992681714,10.10009042005192,9.09850393039474,5.905492717391446,9.098503890748528,4.456287391565736,9.098503858120568,3.720336744673694
9.310435381683268,9.984822154911649,9.310435319051738,5.824596575442481,9.310435279047823,4.396394331954951,9.310435246011831,3.671786827762731
9.527303286903509,9.869835067566052,9.527303223937697,5.744661844759197,9.527303183569655,4.33733953756335,9.527303150116582,3.623911068263597
9.749222694577302,9.755152919797293,9.749222631287401,5.665690187733978,9.749222590548351,4.279113057887193,9.749222556668917,3.576698465146925
9.976311269312998,9.640799460272042,9.976311205709106,5.587682559242536,9.976311164591682,4.221704692345767,9.97631113027642,3.53013809435348
10.20868941647975,9.526798407438582,10.20868935257192,5.510639212524628,10.20868931106815,4.165104016731389,10.20868927630741,3.484219124102811
10.44648034604813,9.413173431828413,10.44648028184617,5.434559706730287,10.4464802399476,4.10930040947312,10.44648020473162,3.438930829131458
10.68981013791752,9.299948137762414,10.68981007343116,5.359442916125438,10.68981003112875,4.054283077611415,10.68980999544757,3.394262603851285
10.93880780876552,9.187146044463692,10.93880774400424,5.285287040941807,10.93880770128831,4.000041082384648,10.93880766513196,3.350203974424678
11.1936053804542,9.074790566582184,11.19360531542722,5.212089619846559,11.19360527228758,3.946563364332837,11.19360523564593,3.306744609759662
11.45433795002985,8.962904994138457,11.45433788474607,5.139847543997849,11.45433784117188,3.893838767829174,11.45433780403485,3.263874331433662
11.72114376135321,8.851512471897381,11.72114369582126,5.068557072642934,11.72114365180104,3.841856064955167,11.72114361415846,3.221583122560189
11.99416427839825,8.7406359781854,11.99416421262636,4.998213850206621,11.99416416814805,3.790603978641581,11.99416412998978,3.179861135617751
12.27354426025816,8.630298303168711,12.27354419425414,4.928812924808471,12.27354414930504,3.740071205003638,12.27354411062101,3.138698699265103
12.55943183789863,8.520522026612982,12.5594317716698,4.860348768138735,12.55943172623662,3.690246434805764,12.55943168701681,3.098086324171153
12.85197859269872,8.411329495149564,12.85197852625194,4.792815296614712,12.85197848032079,3.641118373998201,12.85197844055526,3.05801470789178
13.15133963682147,8.302742799076569,13.15133957016298,4.726205893731386,13.15133952371938,3.592675763275045,13.15133948339837,3.018474738829251
13.45767369545629,8.194783748728094,13.45767362859175,4.660513433513001,13.45767358162063,3.54490739661055,13.45767354073451,2.979457499312963
13.77114319097724,8.087473850448779,13.77114312391161,4.595730304965806,13.77114307639737,3.497802138738033,13.77114303493671,2.940954267842789
14.09191432906142,7.980834282215755,14.09191426179896,4.531848437426309,14.09191421372546,3.4513489415429,14.0919141716811,2.902956520538523
14.42015718681355,7.874885868954607,14.42015711935774,4.468859326694374,14.42015707070837,3.405536859348726,14.42015702807133,2.865455931840619
14.75604580294303,7.769649057601008,14.75604573529647,4.406754061836384,14.75604568605421,3.360355063082355,14.75604564281575,2.828444374508807
15.09975827004154,7.665143891964469,15.09975820220598,4.345523352540364,15.09975815235331,3.315792853310909,15.09975810850506,2.791913918966065
15.45147682901013,7.561389987455738,15.45147676098633,4.285157556902628,15.45147671050542,3.271839672150209,15.4514766660393,2.755856832036101
15.8113879656858,7.458406505744311,15.81138789747352,4.22564670952411,15.81138784634617,3.228485114050539,15.8113878012544,2.720265575122622
16.17968250971857,7.356212129417792,16.17968244131648,4.166980549794043,16.17968238952432,3.18571893547161,16.17968234379952,2.68513280187864
16.55655573575221,7.254825036719327,16.55655566715781,4.109148550239136,16.55655561468214,3.143531063464229,16.55655556831732,2.650451355413634
16.94220746696106,7.1542628764448,16.94220739817072,4.052139944817879,16.94220734499276,3.10191160318142,16.94220729798126,2.616214265085682
17.33684218099925,7.054542743085443,17.33684211200807,3.995943757041829,17.33684205810886,3.060850844346545,17.33684201044446,2.582414742924721
17.74066911841726,6.955681152306622,17.74066904921897,3.940548827809024,17.74066899457964,3.020339266710299,17.74066894625649,2.549046179731897
18.15390239360406,6.857694016857261,18.15390232419105,3.88594384283859,18.15390226879265,2.980367544532415,18.15390221980541,2.516102140898604
18.57676110831351,6.760596623008427,18.57676103867671,3.832117359600521,18.57676098250042,2.94092655012725,18.57676093284412,2.483576361987129
19.00946946783483,6.664403607622948,19.00946939796372,3.77905783363999,19.00946934099084,2.902007356515603,19.00946929066101,2.451462744113151
19.45225689986929,6.5691289359608,19.45225682975183,3.726753644201784,19.45225677196393,2.863601239227384,19.45225672095651,2.41975534916843
19.90535817617591,6.474785880327474,19.90535810579841,3.675193119067039,19.90535804717734,2.825699677302081,19.9053579954887,2.388448394919977
20.36901353705038,6.381386999674328,20.36901346639758,3.624364558521758,20.36901340692554,2.788294353535434,20.36901335455253,2.357536250019951
20.84346881870376,6.288944120260821,20.84346874775872,3.574256258384083,20.84346868741825,2.751377154022023,20.84346863435821,2.32701342895836
21.32897558360801,6.197468317489048,21.32897551235213,3.524856532025182,21.32897545112631,2.714940167044253,21.32897539737701,2.29687458698838
21.82579125387791,6.106969899020491,21.82579118229072,3.476153731326787,21.82579112016317,2.678975681358663,21.82579106572292,2.26711451505196
22.33417924775941,6.017458389283514,22.33417917581879,3.428136266526603,22.33417911277368,2.643476183930505,22.3341790576411,2.237728134731059
22.85440911929776,5.928942515477809,22.85440904697973,3.38079262491119,22.85440898300176,2.60843435716728,22.85440892717615,2.208710493247646
23.38675670125822,5.841430195179069,23.38675662853707,3.334111388324243,23.38675656361184,2.573843075701264,23.3867565070928,2.180056758533449
23.93150425137683,5.754928525642546,23.93150417822494,3.288081249466258,23.93150411233861,2.539695402770251,23.93150405512628,2.151762214388192
24.48894060201661,5.669443774899398,24.4889405284046,3.242691026969849,24.48894046154412,2.505984586244436,24.48894040363916,2.123822255743
25.05936131331069,5.584981374733095,25.05936123920729,3.197929679242598,25.05936117136054,2.472704054346097,25.05936111276396,2.096232384043665
25.64306882987195,5.501545915616218,25.64306875524423,3.153786317076931,25.64306868639969,2.439847411107033,25.64306862711311,2.068988202766453
26.2403726411534,5.41914114367943,26.24037256596645,3.110250215033736,26.24037249611368,2.407408431606919,26.24037243613914,2.042085413077348
26.85158944554337,5.33776995977546,26.85158936976057,3.067310821613094,26.85158929888993,2.375381057033836,26.85158923822995,2.015519809643889
27.47704331828324,5.257434420690492,27.47704324186627,3.024957768232057,27.47704316996909,2.343759389606088,27.47704310862668,1.989287276607175
28.1170658832965,5.178135742544447,28.11706580620529,2.983180877035109,28.11706573327378,2.312537687392249,28.1170656712525,1.963383783720127
28.77199648902,5.099874306409807,28.77199641121288,2.941970167568519,28.77199633724019,2.281710359064094,28.77199627454411,1.937805382656844
29.44218238833117,5.022649666165893,29.44218230976473,2.901315862354601,29.44218223474503,2.251271958614719,29.4421821713787,1.912548203496709
30.12797892266585,4.946460558592654,30.12797884329533,2.861208391406314,30.12797876722368,2.221217180071842,30.12797870319223,1.887608451386037
30.82974971042516,4.87130491569398,30.82974963020431,2.821638395726554,30.82974955307673,2.191540852233798,30.8297494883858,1.862982403379319
31.54786683977082,4.797179879226835,31.54786675865189,2.782596729839676,31.54786668046546,2.162237933453433,31.54786661512132,1.838666405461648
32.28271106591115,4.724081817398204,32.28271098384513,2.744074463405745,32.28271090459791,2.133303506492738,32.28271083860736,1.814656869753853
33.03467201298238,4.652006343677382,33.03467192991922,2.706062881970188,33.03467184961003,2.104732773468739,33.03467178298066,1.790950271902034
33.80414838063278,4.580948337657188,33.80414829652129,2.668553486903394,33.80414821515014,2.076521050908908,33.80414814788998,1.767543148653941
34.59154815541837,4.51090196788346,34.59154807020634,2.631537994585984,34.59154798777401,2.048663764932287,34.59154791989199,1.744432095625989
35.39728882712264,4.441860716558877,35.39728874075711,2.595008334896454,35.3972886572655,2.021156446570286,35.39728858877101,1.721613765266746
36.2217976101153,4.373817406013925,36.22179752254263,2.558956649058156,36.22179743799452,1.993994727239379,36.22179736889798,1.699084865025971
37.06551166986712,4.30676422682575,37.06551158103311,2.523375286902617,37.06551149543222,1.967174334375939,37.0655114257447,1.676842155742997
37.92887835474052,4.240692767454267,37.92887826459064,2.48825680360577,37.92887817794153,1.940691087241867,37.92887810767505,1.65488245027488
38.81235543317985,4.175594045254299,38.81235534165926,2.453593955952848,38.81235525396748,1.914540892908192,38.81235518313499,1.633202612394614
39.71641133642609,4.111458538713672,39.71641124347995,2.419379698186674,39.71641115475201,1.88871974242249,39.71641108336746,1.611799556003757
40.64152540688536,4.048276220758916,40.64152531245894,2.385607177492532,40.64152522270231,1.863223707164928,40.64152515078073,1.590670244724405
41.5881881522828,3.986036592963764,41.58818805632163,2.352269729171276,41.58818796554458,1.838048935396913,41.58818789310224,1.569811691965893
42.55690150573584,3.924728720490564,42.55690140818594,2.319360871550318,42.55690131639773,1.81319164900587,42.55690124345238,1.549220961607067
43.54817909188613,3.864341267590826,43.5481789926941,2.286874300680046,43.54817889990505,1.788648140449494,43.54817882647574,1.528895169504322
44.56254649922995,3.804862533489234,44.56254639834337,2.254803884860954,44.56254630456457,1.764414769903226,44.5625462306721,1.508831486142748
45.6005415587923,3.746280488474691,45.60054145615968,2.223143659044311,45.60054136140323,1.740487962615579,45.60054128707058,1.489027140917378
46.66271462929184,3.688582810023055,46.66271452486293,2.19188781914667,46.66271442914204,1.716864206477638,46.66271435439439,1.469479428805243
47.74962888894866,3.631756918778575,47.74962878267456,2.16103071631587,47.7496286860033,1.693540049815774,47.74962861086897,1.450185720642046
48.8618606340885,3.575790014225115,48.86186052592197,2.130566851183522,48.86186042831557,1.670512099420584,48.86186035282643,1.431143478987229
49.999999584703,3.520669109883487,49.99999947459843,2.100490868136285,49.99999937607327,1.647777018831115,49.99999930026616,1.412350282909
51.16464919712676,3.466381067877977,51.16464908504045,2.070797549635491,51.16464898561404,1.625331526901897,51.16464890953262,1.393803867458933
52.35642698399811,3.41291263272297,52.35642686988862,2.041481810612015,52.35642676957973,1.603172396692823,52.35642669327719,1.375502188181469
53.57596484167244,3.360250464189614,53.57596472550027,2.012538692960734,53.57596462432913,1.581296454739912,53.57596454787375,1.357443529954074
54.82390938526197,3.308381169122427,54.82390926699014,1.983963360156238,54.82390916497815,1.559700580791308,54.82390908846185,1.339626697799932
56.10092229147964,3.257291332086552,56.1009221710737,1.955751092009168,56.10092206824404,1.538381708131945,56.10092199179891,1.322051366969321
57.40768064946884,3.206967544737883,57.407680526897,1.927897279580146,57.40768042327457,1.517336824678825,57.40768034710585,1.304718760620474
58.74487731980531,3.157396433820362,58.74487719503835,1.900397420266151,58.74487709065011,1.496562975118119,58.74487701510495,1.287633047126743
60.11322130186072,3.108564687707239,60.11322117487231,1.873247113072263,60.1132210697475,1.476057264493999,60.11322099547269,1.270804441460351
61.51343810972344,3.06045908141578,61.5134379804903,1.846442054079906,61.51343787466085,1.455816863878763,61.5134378029982,1.25425668759124
62.9462701568762,3.013066500037763,62.94627002537798,1.81997803212134,62.94626991887902,1.435839019109764,62.94626985296293,1.238046690739548
64.41247714983324,2.966373960541019,64.41247701605253,1.793850924668937,64.41247690892338,1.416121064169589,64.41247685694401,1.222318075211003
65.91283649094643,2.920368631909812,65.91283635486909,1.768056693947076,65.91283624715437,1.39666044179385,65.9128362304762,1.207414875536657
67.44814369059515,2.875037853604326,67.44814355221001,1.742591383274208,67.44814344396163,1.377454735662869,67.44814349051116,1.193727467523864
69.01921278897576,2.830369152331549,69.01921264827492,1.71745111364296,69.01921253955459,1.358501721754171,69.01921259744378,1.180397017001597
70.62687678771663,2.786350257131335,70.62687664469529,1.692632080547283,70.6268765355795,1.339799452510885,70.62687653492193,1.166256929696993
72.27198809154696,2.742969112792267,72.27198794620352,1.668130551067698,72.27198783679134,1.321346399448052,72.27198779661772,1.151587183402869
73.95541896025257,2.700213891622417,73.95541881258863,1.643942861229212,73.95541870301578,1.303141704536446,73.95541864647619,1.136801414062428
75.67806197115996,2.658073003609417,75.67806182118035,1.620065413651684,75.67806171164577,1.285185644620639,75.67806164819558,1.122080041405356
77.44083049239266,2.616535105013132,77.44083034010507,1.596494675520292,77.4408302309235,1.267480538285296,77.44083016406763,1.107493247457659
79.24465916715074,2.575589105442202,79.24465901256636,1.573227176915118,79.24465890428041,1.25003263634922,79.24465883517615,1.093069736522321
81.09050440927147,2.535224173472674,81.09050425240446,1.550259509555534,81.09050414604596,1.23285637699602,81.09050407453506,1.078821846956168
82.97934491033209,2.495429740873317,82.97934475119995,1.527588326039194,82.97934464896134,1.215984837736107,82.97934457337097,1.064754858216917
84.91218215856591,2.456195505507452,84.91218199718887,1.50521033969109,84.91218190435431,1.199497785990913,84.91218181975587,1.050870735318059
86.89004096986345,2.4175114329857,86.89004080626559,1.483122325190904,86.89004073726733,1.183600048546937,86.89004062950296,1.037169770557812
88.91397003114432,2.379367757147587,88.91396986535295,1.461321120226512,88.91396985984595,1.168785505557562,88.91396968949486,1.023651360816603
90.9850424563847,2.341754979452791,90.98504228843056,1.439803628543241,90.98504239541668,1.155532483900514,90.9850421136906,1.010314400715361
93.10435635559642,2.304663867364832,93.10435618551415,1.418566824948303,93.10435629218526,1.142461061774373,93.10435601209683,0.9971574929967332
95.27303541705935,2.26808545181109,95.27303524488823,1.397607763131732,95.2730352453965,1.128206355809207,95.27303507299462,0.9841790666406752
97.49222950311612,2.23201102380365,97.49222932890046,1.376923587656272,97.49222927019052,1.113281097358107,97.49222915873202,0.9713774459592674
99.76311525984403,2.196432130305177,99.7631150836346,1.35651155228779,99.76311500211769,1.09819590891727,99.76311491539437,0.9587508924624878
102.0868967409288,2.161340569423216,102.0868965627843,1.336369048242384,102.086896472081,1.083159351783699,102.0868963966771,0.9462976309995158
104.4648060460691,2.126728385014844,104.4648058660592,1.316493648409917,104.4648057713424,1.068251574414386,104.4648057022904,0.9340158665028443
106.898103974253,2.09258786078166,106.898103792463,1.296883178158984,106.8981036959434,1.053505503965229,106.8981036312348,0.9219037949430963
109.3880806922493,2.058911513932644,109.3880805087878,1.277535831974596,109.3880804115162,1.038935492700142,109.3880803502925,0.9099596106189091
111.9360564186718,2.025692088489537,111.9360562336839,1.258450372362317,111.9360561361871,1.024547861063163,111.9360560780918,0.8981815110690431
114.5433821239766,1.992922548306211,114.5433819376676,1.239626483339834,114.543381840184,1.010345142730571,114.5433817851038,0.8865677004069077
117.2114402467636,1.960596069869919,117.2114400594456,1.221065430177463,117.2114399619938,0.9963279516337542,117.211439909945,0.8751163915865153
119.9416454267655,1.928706034948589,119.9416452389483,1.20277136428882,119.9416451412896,0.9824958691945029,119.9416450923644,0.863825807930472
122.7354452549064,1.897246023144371,122.7354450675006,1.184754088342367,122.7354449689654,0.9688478947381062,122.7354449233043,0.8526941841387458
125.5943210408356,1.866209804409531,125.5943208556345,1.167035413849133,125.5943207546542,0.9553826873469751,125.5943207124325,0.8417197669253617
128.5197885983363,1.835591331576731,128.5197884193115,1.149665223868965,128.5197883121329,0.9420987020869293,128.5197882735513,0.8309008153834884
131.5133990490304,1.805384732951522,131.5133988863171,1.132766222712266,131.5133987630225,0.9289942699439583,131.5133987283038,0.8202356011483324
134.5767396448043,1.775584305010869,134.5767395286437,1.116664656002575,134.576739359211,0.9160676464096094,134.5767393285976,0.80972240840634
137.71143460939,1.746184505247597,137.7114346338315,1.102164035786567,137.7114343244353,0.9033170419180463,137.7114342981873,0.799359533784797
140.9191459995508,1.717179945196887,140.9191462773339,1.089857795604376,140.9191457154648,0.8907406414150643,140.9191456938595,0.789145286145895
144.2015745863249,1.688565383677667,144.2015747923133,1.077251272378528,144.2015743033454,0.8783366172202731,144.2015742866777,0.7790779863022484
147.5604607567981,1.660335720278588,147.560460730608,1.062802463273198,147.5604604751712,0.8661031376379719,147.5604604637531,0.7691559666656875
150.9975854368781,1.63248598911601,150.9975853116802,1.047477166714038,150.9975851568598,0.8540383728076042,150.9975851510211,0.759377570837436
154.5147710355675,1.605011352889485,154.5147708749524,1.031934426809218,154.5147707574232,0.8421404987224148,154.5147707575122,0.7497411531449434
158.1138824112267,1.577907097259582,158.113882235847,1.016422239415913,158.1138821352333,0.8304077000082154,158.1138821416169,0.740245078128517
161.7968278603478,1.551168625573134,161.7968276776895,1.001034234244847,161.7968275867937,0.8188381718474725,161.7968275998589,0.7308877199791635
165.5655601293589,1.524791453963085,165.5655599425756,0.9858089668644979,165.5655598585447,0.8074301213042024,165.5655598786982,0.721667461927726
169.4220774499949,1.498771206854327,169.4220772606004,0.9707634540417885,169.4220771822346,0.7961817682220231,169.4220772099048,0.712582695584181
173.3684245987884,1.47310361291413,173.3684244075927,0.9559053843122095,173.3684243344088,0.785091345813463,173.3684243700463,0.7036318202249998
177.4066939812351,1.44778450149739,177.4066937887156,0.9412380310963759,177.4066937205778,0.7741571010225641,177.406693764656,0.6948132420254924
181.5390267412163,1.422809799654569,181.53902654768,0.926762419280766,181.5390264846378,0.7633772947185057,181.539026537654,0.6861253732331988
185.767613896261,1.398175529796881,185.7676137019218,0.9124783585907064,185.7676136441337,0.7527502017612561,185.7676137066104,0.6775666312774673
190.0946974992536,1.373877808153306,190.0946973042703,0.8983849702054408,190.094697251966,0.7422741109686946,190.0946973244514,0.6691354378097151
194.5225718271986,1.349912844214302,194.5225716316983,0.8844809705737867,194.5225715851563,0.731947325006461,194.5225716682261,0.6608302176670782
199.0535845976775,1.326276941448594,199.0535844017658,0.8707648318307695,199.0535843613041,0.7217681602159272,199.0535844555613,0.6526493977526532
203.6901382136402,1.302966499720424,203.6901380174091,0.8572348762375295,203.6901379833772,0.7117349463914874,203.6901380894541,0.6445914058227883
208.4346910371901,1.279978020055186,208.4346908407213,0.8438893337639389,208.4346908134981,0.7018460265152323,208.4346909320566,0.6366546691717188
213.2897586930402,1.257308112753311,213.2897584964088,0.8307263782781823,213.2897584763992,0.6920997564547627,213.2897586081324,0.6288376132020538
218.2579154023325,1.234953510426212,218.257915205606,0.8177441508947693,218.2579151932423,0.6824945046281513,218.2579153388749,0.6211386598681532
223.3417953475231,1.212911088488198,223.3417951507626,0.8049407753815424,223.3417951465026,0.6730286516387132,223.3417953067914,0.6135562259776486
228.5440940690619,1.191177897289079,228.5440938723204,0.7923143685244349,228.5440938766484,0.6637005898811636,228.5440940523844,0.6060887213343581
233.8675698946046,1.169751213002039,233.8675696979249,0.7798630472138206,233.8675697113524,0.6545087231198981,233.8675699033597,0.5987345467035486
239.3150454015165,1.148628619766877,239.3150452049269,0.7675849333533488,239.3150452279925,0.645451466039423,239.31504543713,0.5914920915778196
244.8894089134434,1.127808145891166,244.8894087169492,0.7554781572943083,244.8894087502222,0.6365272437663054,244.8894089773825,0.5843597317188542
250.5936160317449,1.107288497533357,250.5936158353162,0.7435408602539295,250.5936158793949,0.6277344913617054,250.5936161255058,0.5773358264467262
256.4306912026053,1.087069476768149,256.4306910061507,0.7317711960222242,256.4306910616653,0.6190716532823761,256.4306913276882,0.5704187156443354
262.4037293206557,1.067152768259426,262.4037291239758,0.7201673321632697,262.4037291915892,0.610537182808727,262.4037294785206,0.563606716439766
268.5158973699805,1.047543512384516,268.5158971726696,0.7087274508523694,268.51589725308,0.6021295414368311,268.5158975619471,0.5568981195237679
274.7704361034129,1.028253691158557,274.7704359046416,0.6974497494476097,274.7704359985826,0.5938471982315985,274.7704363304446,0.5502911850529852
281.1706617611508,1.009310097033994,281.1706615591219,0.6863324408654032,281.170661667365,0.585688629137545,281.1706620233093,0.5437841380818859
287.7199678300991,0.9907752255819637,287.7199676204758,0.6753737538097243,287.7199677438325,0.5776523162431373,287.7199681249725,0.5373751634572267
294.4218268471246,0.972809290988058,294.4218266174746,0.6645719328909541,294.4218267567974,0.569736746994127,294.4218271642677,0.5310624000981745
301.2797922605217,0.9558746694111615,301.2797919644747,0.6539252386605637,301.2797921206601,0.561940413350686,301.2797925556123,0.5248439345724341
308.2975004368027,0.9413059792052851,308.2974998454872,0.6434319475809046,308.2975000194763,0.5542618108824938,308.297500483072,0.5187177938635763
315.4786726009962,0.9304566796200796,315.4786711421286,0.6330903519444313,315.4786713349096,0.5466994377951789,315.4786718283144,0.5126819372066215
322.8271144835148,0.9187350943027758,322.8271134064828,0.6228987597530166,322.8271136190937,0.5392517938806997,322.8271141434653,0.5067342468472248
330.3467233018172,0.9038197171242706,330.346722879915,0.6128554945653651,330.3467231134457,0.5319173793833246,330.3467236699226,0.5008725175536982
338.0414868223365,0.887639532889527,338.0414865589116,0.6029588953185191,338.041486814505,0.524694693771817,338.0414874041927,0.4950944446796085
345.9154845304883,0.8711699046043312,345.9154843090374,0.5932073161279713,345.9154845878912,0.5175822344072585,345.9154852118452,0.4893976105366
353.9728912336529,0.8547300203213253,353.9728910281338,0.5835991260697384,353.9728913315046,0.5105784950945974,353.9728919907081,0.4837794687908837
362.2179790572704,0.8384325289087977,362.2179788599065,0.5741327089468554,362.2179791891113,0.503681964504489,362.2179798844489,0.4782373265406268
370.6551196511446,0.8223221705999049,370.6551194590728,0.5648064630422316,370.6551198154882,0.4968911244502539,370.6551205477177,0.4727683236630453
379.288786497242,0.8064182575876662,379.2887863092679,0.5556188008587353,379.2887866943356,0.4902044480027843,379.2887874640494,0.4673694089365486
388.1235572793473,0.7907293736580954,388.1235570949497,0.5465681488478598,388.1235575101756,0.483620397423966,388.1235583177558,0.462037312341597
397.1641163095805,0.7752591124844764,397.1641161285439,0.5376529471269864,397.1641165755001,0.4771374218965576,397.1641174210672,0.4567685128203239
406.4152570118661,0.7600085585333141,406.4152568341294,0.5288716491855741,406.4152573144572,0.470753955025459,406.4152581978047,0.4515592006255015
415.8818844633903,0.7449774539918955,415.8818842889768,0.5202227215801248,415.8818848043848,0.4644684120818446,415.8818857249041,0.446405233210427
425.5690179953003,0.7301647872754747,425.5690178242843,0.5117046436175801,425.5690183765494,0.4582791869576134,425.5690193331386,0.4413020834005842
435.4817938540051,0.7155691076001189,435.4817936864929,0.5033159070265844,435.4817942774612,0.4521846487929795,435.4817952684154,0.4362447783468655
445.6254679244712,0.7011887015770413,445.6254677605934,0.4950550156158471,445.6254683921776,0.4461831382346424,445.6254694150604,0.43122782749833
456.0054185169606,0.6870216965652303,456.0054183568654,0.4869204849186566,456.0054190310445,0.4402729632757059,456.005420082535,0.4262451375756168
466.6271492186787,0.6730661233521749,466.6271490625297,0.478910841822387,466.627149781344,0.4344523946212391,466.6271508570524,0.4212899123311231
477.4962918118454,0.6593199553471469,477.4962916598218,0.4710246241816582,477.4962924253713,0.4287196605148408,477.4962935196246,0.4163545348631978
488.6186092597446,0.6457811337376592,488.6186091120393,0.463260380413591,488.6186099264739,0.4230729409516186,488.6186110320695,0.4114304306263369
499.9999987623286,0.6324475839992338,499.999998619148,0.4556166690733855,499.9999994846654,0.4175103611913037,500.0000005925789,0.406507910444162